
============================================================
[run_parallel] Starting folds 0+1
============================================================
2026-06-14 10:57:03 [INFO] paysim — [fold=0] process started — physical GPUs (0,1) → cuda:(0,1)
2026-06-14 10:57:03 [INFO] paysim — [fold=1] process started — physical GPUs (2,3) → cuda:(0,1)
2026-06-14 10:57:04 [INFO] paysim — ============================================================
2026-06-14 10:57:04 [INFO] paysim — ============================================================
2026-06-14 10:57:04 [INFO] paysim — FOLD 0 — pipeline start
2026-06-14 10:57:04 [INFO] paysim — ============================================================
2026-06-14 10:57:04 [INFO] paysim — FOLD 1 — pipeline start
2026-06-14 10:57:04 [INFO] paysim — ============================================================
2026-06-14 10:57:05 [INFO] paysim — [fold=1] ▶ START load_data
2026-06-14 10:57:05 [INFO] paysim — [fold=0] ▶ START load_data
2026-06-14 10:57:08 [INFO] paysim — train: 1,065,448 rows | fraud=1,392 (0.131%)
2026-06-14 10:57:08 [INFO] paysim — test: 1,069,194 rows | fraud=689 (0.064%)
2026-06-14 10:57:08 [INFO] paysim — [fold=0] ✔ DONE  load_data  (3.6s)
2026-06-14 10:57:09 [INFO] paysim — train_argn (holdout reserved, unused): 852,358 rows | fraud=1,114 (0.131%)
2026-06-14 10:57:09 [INFO] paysim — holdout (reserved, unused): 213,090 rows | fraud=278 (0.130%)
2026-06-14 10:57:09 [INFO] paysim — M1: 1,392 rows | fraud=1,392 (100.000%)
2026-06-14 10:57:09 [INFO] paysim — M2: 107,798 rows | fraud=1,392 (1.291%)
2026-06-14 10:57:09 [INFO] paysim — M3: 1,065,448 rows | fraud=1,392 (0.131%)
2026-06-14 10:57:09 [INFO] paysim — [fold=0] ▶ START train_all_argns
2026-06-14 10:57:10 [INFO] paysim — train: 2,134,642 rows | fraud=2,081 (0.097%)
2026-06-14 10:57:10 [INFO] paysim — test: 1,051,850 rows | fraud=624 (0.059%)
2026-06-14 10:57:10 [INFO] paysim — [fold=1] ✔ DONE  load_data  (5.4s)
2026-06-14 10:57:11 [INFO] paysim — train_argn (holdout reserved, unused): 1,707,713 rows | fraud=1,665 (0.097%)
2026-06-14 10:57:11 [INFO] paysim — holdout (reserved, unused): 426,929 rows | fraud=416 (0.097%)
2026-06-14 10:57:12 [INFO] paysim — M1: 2,081 rows | fraud=2,081 (100.000%)
2026-06-14 10:57:12 [INFO] paysim — M2: 215,336 rows | fraud=2,081 (0.966%)
2026-06-14 10:57:12 [INFO] paysim — M3: 2,134,642 rows | fraud=2,081 (0.097%)
2026-06-14 10:57:12 [INFO] paysim — [fold=1] ▶ START train_all_argns
2026-06-14 10:57:13 [INFO] mostlyai.engine._common — running on Python (3.11.15)
2026-06-14 10:57:14 [INFO] paysim — [fold=0] Launching M3 on cuda:1 (subprocess)
2026-06-14 10:57:14 [INFO] paysim — [fold=0] ▶ START train_m1
[2026-06-14 10:57:14,671] INFO   : SPLIT started
[2026-06-14 10:57:14,672] INFO   : clean `/shared/paysim-sarmad/models/fold_0/m1/OriginalData/tgt-data`
[2026-06-14 10:57:14,672] INFO   : clean `/shared/paysim-sarmad/models/fold_0/m1/OriginalData/tgt-meta`
[2026-06-14 10:57:14,672] INFO   : model_type='TABULAR'
[2026-06-14 10:57:14,672] INFO   : tgt_encoding_types={'step': 'TABULAR_NUMERIC_AUTO', 'type': 'TABULAR_CATEGORICAL', 'amount': 'TABULAR_NUMERIC_AUTO', 'oldbalanceOrg': 'TABULAR_NUMERIC_AUTO', 'oldbalanceDest': 'TABULAR_NUMERIC_AUTO', 'newbalanceDest': 'TABULAR_NUMERIC_AUTO', 'isFraud': 'TABULAR_NUMERIC_AUTO'}
[2026-06-14 10:57:14,681] INFO   : SPLIT finished in 0.01s
[2026-06-14 10:57:14,681] INFO   : ANALYZE started
[2026-06-14 10:57:14,682] INFO   : clean `/shared/paysim-sarmad/models/fold_0/m1/ModelStore/tgt-stats`
[2026-06-14 10:57:14,682] INFO   : analyzing 2 partitions in parallel
2026-06-14 10:57:16 [INFO] mostlyai.engine._common — running on Python (3.11.15)
2026-06-14 10:57:17 [INFO] paysim — [fold=1] Launching M3 on cuda:1 (subprocess)
2026-06-14 10:57:17 [INFO] paysim — [fold=1] ▶ START train_m1
[2026-06-14 10:57:17,975] INFO   : SPLIT started
[2026-06-14 10:57:17,975] INFO   : clean `/shared/paysim-sarmad/models/fold_1/m1/OriginalData/tgt-data`
[2026-06-14 10:57:17,976] INFO   : clean `/shared/paysim-sarmad/models/fold_1/m1/OriginalData/tgt-meta`
[2026-06-14 10:57:17,976] INFO   : model_type='TABULAR'
[2026-06-14 10:57:17,976] INFO   : tgt_encoding_types={'step': 'TABULAR_NUMERIC_AUTO', 'type': 'TABULAR_CATEGORICAL', 'amount': 'TABULAR_NUMERIC_AUTO', 'oldbalanceOrg': 'TABULAR_NUMERIC_AUTO', 'oldbalanceDest': 'TABULAR_NUMERIC_AUTO', 'newbalanceDest': 'TABULAR_NUMERIC_AUTO', 'isFraud': 'TABULAR_NUMERIC_AUTO'}
[2026-06-14 10:57:17,984] INFO   : SPLIT finished in 0.01s
[2026-06-14 10:57:17,985] INFO   : ANALYZE started
[2026-06-14 10:57:17,985] INFO   : clean `/shared/paysim-sarmad/models/fold_1/m1/ModelStore/tgt-stats`
[2026-06-14 10:57:17,985] INFO   : analyzing 2 partitions in parallel
[2026-06-14 10:57:21,113] INFO   : analyzed target partition 000000-trn (1114, 7)
2026-06-14 10:57:21 [INFO] mostlyai.engine._common — running on Python (3.11.15)
[2026-06-14 10:57:22,205] INFO   : SPLIT started
[2026-06-14 10:57:22,206] INFO   : clean `/shared/paysim-sarmad/models/fold_0/m3/OriginalData/tgt-data`
[2026-06-14 10:57:22,208] INFO   : clean `/shared/paysim-sarmad/models/fold_0/m3/OriginalData/tgt-meta`
[2026-06-14 10:57:22,209] INFO   : model_type='TABULAR'
[2026-06-14 10:57:22,209] INFO   : tgt_encoding_types={'step': 'TABULAR_NUMERIC_AUTO', 'type': 'TABULAR_CATEGORICAL', 'amount': 'TABULAR_NUMERIC_AUTO', 'oldbalanceOrg': 'TABULAR_NUMERIC_AUTO', 'oldbalanceDest': 'TABULAR_NUMERIC_AUTO', 'newbalanceDest': 'TABULAR_NUMERIC_AUTO', 'isFraud': 'TABULAR_NUMERIC_AUTO'}
[2026-06-14 10:57:22,969] INFO   : SPLIT finished in 0.76s
[2026-06-14 10:57:22,988] INFO   : ANALYZE started
[2026-06-14 10:57:22,992] INFO   : clean `/shared/paysim-sarmad/models/fold_0/m3/ModelStore/tgt-stats`
[2026-06-14 10:57:22,992] INFO   : analyzing 2 partitions in parallel
[2026-06-14 10:57:24,469] INFO   : analyzed target partition 000000-trn (1665, 7)
2026-06-14 10:57:24 [INFO] mostlyai.engine._common — running on Python (3.11.15)
[2026-06-14 10:57:25,661] INFO   : SPLIT started
[2026-06-14 10:57:25,662] INFO   : clean `/shared/paysim-sarmad/models/fold_1/m3/OriginalData/tgt-data`
[2026-06-14 10:57:25,665] INFO   : clean `/shared/paysim-sarmad/models/fold_1/m3/OriginalData/tgt-meta`
[2026-06-14 10:57:25,666] INFO   : model_type='TABULAR'
[2026-06-14 10:57:25,666] INFO   : tgt_encoding_types={'step': 'TABULAR_NUMERIC_AUTO', 'type': 'TABULAR_CATEGORICAL', 'amount': 'TABULAR_NUMERIC_AUTO', 'oldbalanceOrg': 'TABULAR_NUMERIC_AUTO', 'oldbalanceDest': 'TABULAR_NUMERIC_AUTO', 'newbalanceDest': 'TABULAR_NUMERIC_AUTO', 'isFraud': 'TABULAR_NUMERIC_AUTO'}
[2026-06-14 10:57:27,317] INFO   : SPLIT finished in 1.66s
[2026-06-14 10:57:27,327] INFO   : ANALYZE started
[2026-06-14 10:57:27,328] INFO   : clean `/shared/paysim-sarmad/models/fold_1/m3/ModelStore/tgt-stats`
[2026-06-14 10:57:27,328] INFO   : analyzing 2 partitions in parallel
[2026-06-14 10:57:27,478] INFO   : analyzed target partition 000000-val (278, 7)
[2026-06-14 10:57:27,478] INFO   : combine partition statistics
[2026-06-14 10:57:27,485] INFO   : value_protection = True
[2026-06-14 10:57:27,487] INFO   : analyzed column `step`: TABULAR_NUMERIC_DIGIT {'E2': 2, 'E1': 10, 'E0': 10}
[2026-06-14 10:57:27,487] INFO   : analyzed column `type`: TABULAR_CATEGORICAL {'cat': 3}
[2026-06-14 10:57:27,489] INFO   : analyzed column `amount`: TABULAR_NUMERIC_BINNED {'bin': 103}
[2026-06-14 10:57:27,491] INFO   : analyzed column `oldbalanceOrg`: TABULAR_NUMERIC_BINNED {'bin': 103}
[2026-06-14 10:57:27,499] INFO   : analyzed column `oldbalanceDest`: TABULAR_NUMERIC_BINNED {'bin': 103}
[2026-06-14 10:57:27,503] INFO   : analyzed column `newbalanceDest`: TABULAR_NUMERIC_BINNED {'bin': 103}
[2026-06-14 10:57:27,504] INFO   : analyzed column `isFraud`: TABULAR_NUMERIC_DISCRETE {'cat': 2}
[2026-06-14 10:57:27,504] INFO   : analyzed 1,392 records: 1,114 training / 278 validation
[2026-06-14 10:57:27,504] INFO   : is_sequential: False
[2026-06-14 10:57:27,504] INFO   : write statistics to `/shared/paysim-sarmad/models/fold_0/m1/ModelStore/tgt-stats/stats.json`
[2026-06-14 10:57:27,506] INFO   : ANALYZE finished in 12.82s
[2026-06-14 10:57:27,507] INFO   : ENCODE_TABULAR started
[2026-06-14 10:57:27,508] INFO   : clean `/shared/paysim-sarmad/models/fold_0/m1/OriginalData/encoded-data`
[2026-06-14 10:57:27,508] INFO   : clean `/shared/paysim-sarmad/models/fold_0/m1/OriginalData/encoded-data`
[2026-06-14 10:57:27,508] INFO   : clean `/shared/paysim-sarmad/models/fold_0/m1/OriginalData/encoded-data`
[2026-06-14 10:57:30,810] INFO   : analyzed target partition 000000-val (416, 7)
[2026-06-14 10:57:30,811] INFO   : combine partition statistics
[2026-06-14 10:57:30,818] INFO   : value_protection = True
[2026-06-14 10:57:30,818] INFO   : analyzed column `step`: TABULAR_NUMERIC_DIGIT {'E2': 2, 'E1': 10, 'E0': 10}
[2026-06-14 10:57:30,818] INFO   : analyzed column `type`: TABULAR_CATEGORICAL {'cat': 3}
[2026-06-14 10:57:30,820] INFO   : analyzed column `amount`: TABULAR_NUMERIC_BINNED {'bin': 103}
[2026-06-14 10:57:30,822] INFO   : analyzed column `oldbalanceOrg`: TABULAR_NUMERIC_BINNED {'bin': 103}
[2026-06-14 10:57:30,829] INFO   : analyzed column `oldbalanceDest`: TABULAR_NUMERIC_BINNED {'bin': 103}
[2026-06-14 10:57:30,833] INFO   : analyzed column `newbalanceDest`: TABULAR_NUMERIC_BINNED {'bin': 103}
[2026-06-14 10:57:30,833] INFO   : analyzed column `isFraud`: TABULAR_NUMERIC_DISCRETE {'cat': 2}
[2026-06-14 10:57:30,834] INFO   : analyzed 2,081 records: 1,665 training / 416 validation
[2026-06-14 10:57:30,834] INFO   : is_sequential: False
[2026-06-14 10:57:30,834] INFO   : write statistics to `/shared/paysim-sarmad/models/fold_1/m1/ModelStore/tgt-stats/stats.json`
[2026-06-14 10:57:30,836] INFO   : ANALYZE finished in 12.85s
[2026-06-14 10:57:30,837] INFO   : ENCODE_TABULAR started
[2026-06-14 10:57:30,837] INFO   : clean `/shared/paysim-sarmad/models/fold_1/m1/OriginalData/encoded-data`
[2026-06-14 10:57:30,837] INFO   : clean `/shared/paysim-sarmad/models/fold_1/m1/OriginalData/encoded-data`
[2026-06-14 10:57:30,837] INFO   : clean `/shared/paysim-sarmad/models/fold_1/m1/OriginalData/encoded-data`
[2026-06-14 10:57:33,932] INFO   : encoded partition part.000000-trn.parquet (1114, 9)
[2026-06-14 10:57:33,959] INFO   : encoded partition part.000000-val.parquet (278, 9)
[2026-06-14 10:57:33,959] INFO   : ENCODE_TABULAR finished in 6.45s
[2026-06-14 10:57:33,960] INFO   : TRAIN_TABULAR started
[2026-06-14 10:57:33,967] INFO   : numpy=2.4.4, pandas=2.3.3
[2026-06-14 10:57:33,968] INFO   : torch=2.5.1+cu121, opacus=1.4.0
[2026-06-14 10:57:33,969] INFO   : device=device(type='cuda', index=0)
[2026-06-14 10:57:33,969] INFO   : is_sequential=False
[2026-06-14 10:57:33,969] INFO   : max_training_time=864000.0s
[2026-06-14 10:57:33,969] INFO   : max_epochs=50
[2026-06-14 10:57:33,969] INFO   : model_size=<ModelSize.M: 'M'>
[2026-06-14 10:57:33,969] INFO   : enable_flexible_generation=True
[2026-06-14 10:57:33,969] INFO   : with_dp=False
[2026-06-14 10:57:33,969] INFO   : model_state_strategy=<ModelStateStrategy.reset: 'RESET'>
[2026-06-14 10:57:33,969] INFO   : max_sequence_window=np.int64(1)
[2026-06-14 10:57:33,975] INFO   : create training model
[2026-06-14 10:57:34,631] INFO   : initializing predictor bias with empirical log probabilities
[2026-06-14 10:57:34,656] INFO   : model class: FlatModel
[2026-06-14 10:57:34,656] INFO   : model_state_strategy=<ModelStateStrategy.reset: 'RESET'>
[2026-06-14 10:57:34,656] INFO   : remove existing checkpoint files
[2026-06-14 10:57:34,656] INFO   : start training progress from epoch=0.0, steps=0
[2026-06-14 10:57:34,662] INFO   : no_of_model_params=np.int64(72592)
2026-06-14 10:57:34 [INFO] httpx — HTTP Request: HEAD https://s3.amazonaws.com/datasets.huggingface.co/datasets/datasets/parquet/parquet.py "HTTP/1.1 404 Not Found"
2026-06-14 10:57:35 [INFO] httpx — HTTP Request: HEAD https://s3.amazonaws.com/datasets.huggingface.co/datasets/datasets/parquet/parquet.py "HTTP/1.1 404 Not Found"
[2026-06-14 10:57:35,020] INFO   : trn_cnt=1114, val_cnt=278
[2026-06-14 10:57:35,020] INFO   : len(tgt_sub_columns)=9, len(ctxflt_sub_columns)=0, len(ctxseq_sub_columns)=0
[2026-06-14 10:57:35,021] INFO   : tgt_cardinalities_deciles=[np.int64(2), np.int64(2), np.int64(2), np.int64(3), np.int64(10), np.int64(10), np.int64(10), np.int64(103), np.int64(103), np.int64(103), np.int64(103)]
[2026-06-14 10:57:35,021] INFO   : trn_batch_size=16, val_batch_size=16
[2026-06-14 10:57:35,021] INFO   : trn_steps=69, val_steps=17
[2026-06-14 10:57:35,021] INFO   : batch_size=16, gradient_accumulation_steps=1, initial_lr=np.float64(0.00071)
[2026-06-14 10:57:36,202] INFO   : {'epoch': 0.01, 'is_checkpoint': 0, 'steps': 1, 'samples': 16, 'trn_loss': 19.2356, 'val_loss': None, 'total_time': 1.2, 'learn_rate': 0.00071, 'dp_eps': None, 'dp_delta': None}
[2026-06-14 10:57:36,907] INFO   : encoded partition part.000000-trn.parquet (1665, 9)
[2026-06-14 10:57:36,936] INFO   : encoded partition part.000000-val.parquet (416, 9)
[2026-06-14 10:57:36,937] INFO   : ENCODE_TABULAR finished in 6.10s
[2026-06-14 10:57:36,937] INFO   : TRAIN_TABULAR started
[2026-06-14 10:57:36,948] INFO   : numpy=2.4.4, pandas=2.3.3
[2026-06-14 10:57:36,950] INFO   : torch=2.5.1+cu121, opacus=1.4.0
[2026-06-14 10:57:36,950] INFO   : device=device(type='cuda', index=0)
[2026-06-14 10:57:36,951] INFO   : is_sequential=False
[2026-06-14 10:57:36,951] INFO   : max_training_time=864000.0s
[2026-06-14 10:57:36,951] INFO   : max_epochs=50
[2026-06-14 10:57:36,951] INFO   : model_size=<ModelSize.M: 'M'>
[2026-06-14 10:57:36,951] INFO   : enable_flexible_generation=True
[2026-06-14 10:57:36,951] INFO   : with_dp=False
[2026-06-14 10:57:36,951] INFO   : model_state_strategy=<ModelStateStrategy.reset: 'RESET'>
[2026-06-14 10:57:36,951] INFO   : max_sequence_window=np.int64(1)
[2026-06-14 10:57:36,958] INFO   : create training model
[2026-06-14 10:57:37,029] INFO   : {'epoch': 1.0, 'is_checkpoint': 1, 'steps': 69, 'samples': 1104, 'trn_loss': 20.3082, 'val_loss': 20.2191, 'total_time': 2.0, 'learn_rate': 0.00071, 'dp_eps': None, 'dp_delta': None}
[2026-06-14 10:57:37,543] INFO   : initializing predictor bias with empirical log probabilities
[2026-06-14 10:57:37,546] INFO   : model class: FlatModel
[2026-06-14 10:57:37,546] INFO   : model_state_strategy=<ModelStateStrategy.reset: 'RESET'>
[2026-06-14 10:57:37,546] INFO   : remove existing checkpoint files
[2026-06-14 10:57:37,547] INFO   : start training progress from epoch=0.0, steps=0
[2026-06-14 10:57:37,548] INFO   : no_of_model_params=np.int64(72592)
2026-06-14 10:57:37 [INFO] httpx — HTTP Request: HEAD https://s3.amazonaws.com/datasets.huggingface.co/datasets/datasets/parquet/parquet.py "HTTP/1.1 404 Not Found"
[2026-06-14 10:57:37,826] INFO   : {'epoch': 2.0, 'is_checkpoint': 1, 'steps': 138, 'samples': 2202, 'trn_loss': 19.8391, 'val_loss': 20.0079, 'total_time': 2.8, 'learn_rate': 0.00071, 'dp_eps': None, 'dp_delta': None}
2026-06-14 10:57:37 [INFO] httpx — HTTP Request: HEAD https://s3.amazonaws.com/datasets.huggingface.co/datasets/datasets/parquet/parquet.py "HTTP/1.1 404 Not Found"
[2026-06-14 10:57:37,875] INFO   : trn_cnt=1665, val_cnt=416
[2026-06-14 10:57:37,875] INFO   : len(tgt_sub_columns)=9, len(ctxflt_sub_columns)=0, len(ctxseq_sub_columns)=0
[2026-06-14 10:57:37,875] INFO   : tgt_cardinalities_deciles=[np.int64(2), np.int64(2), np.int64(2), np.int64(3), np.int64(10), np.int64(10), np.int64(10), np.int64(103), np.int64(103), np.int64(103), np.int64(103)]
[2026-06-14 10:57:37,875] INFO   : trn_batch_size=16, val_batch_size=16
[2026-06-14 10:57:37,875] INFO   : trn_steps=104, val_steps=26
[2026-06-14 10:57:37,875] INFO   : batch_size=16, gradient_accumulation_steps=1, initial_lr=np.float64(0.00071)
[2026-06-14 10:57:38,641] INFO   : {'epoch': 3.0, 'is_checkpoint': 1, 'steps': 207, 'samples': 3300, 'trn_loss': 19.5292, 'val_loss': 19.7893, 'total_time': 3.6, 'learn_rate': 0.00071, 'dp_eps': None, 'dp_delta': None}
[2026-06-14 10:57:38,669] INFO   : {'epoch': 0.01, 'is_checkpoint': 0, 'steps': 1, 'samples': 16, 'trn_loss': 22.1928, 'val_loss': None, 'total_time': 0.8, 'learn_rate': 0.00071, 'dp_eps': None, 'dp_delta': None}
[2026-06-14 10:57:39,466] INFO   : {'epoch': 4.0, 'is_checkpoint': 1, 'steps': 276, 'samples': 4398, 'trn_loss': 19.2576, 'val_loss': 19.6705, 'total_time': 4.4, 'learn_rate': 0.00071, 'dp_eps': None, 'dp_delta': None}
[2026-06-14 10:57:39,877] INFO   : {'epoch': 1.0, 'is_checkpoint': 1, 'steps': 104, 'samples': 1664, 'trn_loss': 20.426, 'val_loss': 20.3364, 'total_time': 2.0, 'learn_rate': 0.00071, 'dp_eps': None, 'dp_delta': None}
[2026-06-14 10:57:40,252] INFO   : {'epoch': 5.0, 'is_checkpoint': 1, 'steps': 345, 'samples': 5496, 'trn_loss': 18.9017, 'val_loss': 19.4749, 'total_time': 5.2, 'learn_rate': 0.00071, 'dp_eps': None, 'dp_delta': None}
[2026-06-14 10:57:41,053] INFO   : {'epoch': 6.0, 'is_checkpoint': 1, 'steps': 414, 'samples': 6594, 'trn_loss': 18.7177, 'val_loss': 19.2533, 'total_time': 6.0, 'learn_rate': 0.00071, 'dp_eps': None, 'dp_delta': None}
[2026-06-14 10:57:41,101] INFO   : {'epoch': 2.0, 'is_checkpoint': 1, 'steps': 208, 'samples': 3313, 'trn_loss': 19.8706, 'val_loss': 20.0104, 'total_time': 3.2, 'learn_rate': 0.00071, 'dp_eps': None, 'dp_delta': None}
[2026-06-14 10:57:41,876] INFO   : {'epoch': 7.0, 'is_checkpoint': 1, 'steps': 483, 'samples': 7692, 'trn_loss': 18.2719, 'val_loss': 19.0111, 'total_time': 6.9, 'learn_rate': 0.00071, 'dp_eps': None, 'dp_delta': None}
[2026-06-14 10:57:42,294] INFO   : {'epoch': 3.0, 'is_checkpoint': 1, 'steps': 312, 'samples': 4962, 'trn_loss': 19.4902, 'val_loss': 19.7681, 'total_time': 4.4, 'learn_rate': 0.00071, 'dp_eps': None, 'dp_delta': None}
[2026-06-14 10:57:42,626] INFO   : {'epoch': 8.0, 'is_checkpoint': 1, 'steps': 552, 'samples': 8790, 'trn_loss': 17.953, 'val_loss': 18.8471, 'total_time': 7.6, 'learn_rate': 0.00071, 'dp_eps': None, 'dp_delta': None}
[2026-06-14 10:57:43,377] INFO   : {'epoch': 9.0, 'is_checkpoint': 1, 'steps': 621, 'samples': 9888, 'trn_loss': 17.6747, 'val_loss': 18.6277, 'total_time': 8.4, 'learn_rate': 0.00071, 'dp_eps': None, 'dp_delta': None}
[2026-06-14 10:57:43,415] INFO   : {'epoch': 4.0, 'is_checkpoint': 1, 'steps': 416, 'samples': 6611, 'trn_loss': 19.1156, 'val_loss': 19.4241, 'total_time': 5.5, 'learn_rate': 0.00071, 'dp_eps': None, 'dp_delta': None}
[2026-06-14 10:57:44,136] INFO   : {'epoch': 10.0, 'is_checkpoint': 1, 'steps': 690, 'samples': 10986, 'trn_loss': 17.4598, 'val_loss': 18.4294, 'total_time': 9.1, 'learn_rate': 0.00071, 'dp_eps': None, 'dp_delta': None}
[2026-06-14 10:57:44,555] INFO   : {'epoch': 5.0, 'is_checkpoint': 1, 'steps': 520, 'samples': 8260, 'trn_loss': 18.7984, 'val_loss': 19.1381, 'total_time': 6.7, 'learn_rate': 0.00071, 'dp_eps': None, 'dp_delta': None}
[2026-06-14 10:57:44,895] INFO   : {'epoch': 11.0, 'is_checkpoint': 1, 'steps': 759, 'samples': 12084, 'trn_loss': 17.1513, 'val_loss': 18.2092, 'total_time': 9.9, 'learn_rate': 0.00071, 'dp_eps': None, 'dp_delta': None}
[2026-06-14 10:57:45,650] INFO   : {'epoch': 12.0, 'is_checkpoint': 1, 'steps': 828, 'samples': 13182, 'trn_loss': 16.9437, 'val_loss': 17.8463, 'total_time': 10.6, 'learn_rate': 0.00071, 'dp_eps': None, 'dp_delta': None}
[2026-06-14 10:57:45,686] INFO   : {'epoch': 6.0, 'is_checkpoint': 1, 'steps': 624, 'samples': 9909, 'trn_loss': 18.4645, 'val_loss': 18.8308, 'total_time': 7.8, 'learn_rate': 0.00071, 'dp_eps': None, 'dp_delta': None}
[2026-06-14 10:57:46,448] INFO   : {'epoch': 13.0, 'is_checkpoint': 0, 'steps': 897, 'samples': 14280, 'trn_loss': 16.5469, 'val_loss': 17.8573, 'total_time': 11.4, 'learn_rate': 0.00071, 'dp_eps': None, 'dp_delta': None}
[2026-06-14 10:57:46,900] INFO   : {'epoch': 7.0, 'is_checkpoint': 1, 'steps': 728, 'samples': 11558, 'trn_loss': 17.9801, 'val_loss': 18.3886, 'total_time': 9.0, 'learn_rate': 0.00071, 'dp_eps': None, 'dp_delta': None}
[2026-06-14 10:57:46,999] INFO   : analyzed target partition 000000-trn (852358, 7)
[2026-06-14 10:57:47,241] INFO   : {'epoch': 14.0, 'is_checkpoint': 1, 'steps': 966, 'samples': 15378, 'trn_loss': 16.411, 'val_loss': 17.625, 'total_time': 12.2, 'learn_rate': 0.00071, 'dp_eps': None, 'dp_delta': None}
[2026-06-14 10:57:48,053] INFO   : {'epoch': 15.0, 'is_checkpoint': 1, 'steps': 1035, 'samples': 16476, 'trn_loss': 16.0995, 'val_loss': 17.5828, 'total_time': 13.0, 'learn_rate': 0.00071, 'dp_eps': None, 'dp_delta': None}
[2026-06-14 10:57:48,089] INFO   : {'epoch': 8.0, 'is_checkpoint': 1, 'steps': 832, 'samples': 13207, 'trn_loss': 17.6007, 'val_loss': 18.1982, 'total_time': 10.2, 'learn_rate': 0.00071, 'dp_eps': None, 'dp_delta': None}
[2026-06-14 10:57:48,836] INFO   : {'epoch': 16.0, 'is_checkpoint': 1, 'steps': 1104, 'samples': 17574, 'trn_loss': 16.0182, 'val_loss': 17.33, 'total_time': 13.8, 'learn_rate': 0.00071, 'dp_eps': None, 'dp_delta': None}
[2026-06-14 10:57:49,266] INFO   : {'epoch': 9.0, 'is_checkpoint': 1, 'steps': 936, 'samples': 14856, 'trn_loss': 17.3813, 'val_loss': 17.7916, 'total_time': 11.4, 'learn_rate': 0.00071, 'dp_eps': None, 'dp_delta': None}
[2026-06-14 10:57:49,611] INFO   : {'epoch': 17.0, 'is_checkpoint': 0, 'steps': 1173, 'samples': 18672, 'trn_loss': 15.888, 'val_loss': 17.3452, 'total_time': 14.6, 'learn_rate': 0.00071, 'dp_eps': None, 'dp_delta': None}
[2026-06-14 10:57:50,442] INFO   : {'epoch': 10.0, 'is_checkpoint': 1, 'steps': 1040, 'samples': 16505, 'trn_loss': 17.0584, 'val_loss': 17.5968, 'total_time': 12.6, 'learn_rate': 0.00071, 'dp_eps': None, 'dp_delta': None}
[2026-06-14 10:57:50,463] INFO   : {'epoch': 18.0, 'is_checkpoint': 1, 'steps': 1242, 'samples': 19770, 'trn_loss': 15.6597, 'val_loss': 17.2279, 'total_time': 15.4, 'learn_rate': 0.00071, 'dp_eps': None, 'dp_delta': None}
[2026-06-14 10:57:51,337] INFO   : {'epoch': 19.0, 'is_checkpoint': 1, 'steps': 1311, 'samples': 20868, 'trn_loss': 15.462, 'val_loss': 17.0487, 'total_time': 16.3, 'learn_rate': 0.00071, 'dp_eps': None, 'dp_delta': None}
[2026-06-14 10:57:51,623] INFO   : {'epoch': 11.0, 'is_checkpoint': 1, 'steps': 1144, 'samples': 18154, 'trn_loss': 16.6822, 'val_loss': 17.3246, 'total_time': 13.7, 'learn_rate': 0.00071, 'dp_eps': None, 'dp_delta': None}
[2026-06-14 10:57:52,124] INFO   : {'epoch': 20.0, 'is_checkpoint': 1, 'steps': 1380, 'samples': 21966, 'trn_loss': 15.3234, 'val_loss': 17.029, 'total_time': 17.1, 'learn_rate': 0.00071, 'dp_eps': None, 'dp_delta': None}
[2026-06-14 10:57:52,836] INFO   : {'epoch': 12.0, 'is_checkpoint': 1, 'steps': 1248, 'samples': 19803, 'trn_loss': 16.4765, 'val_loss': 17.1046, 'total_time': 15.0, 'learn_rate': 0.00071, 'dp_eps': None, 'dp_delta': None}
[2026-06-14 10:57:52,954] INFO   : {'epoch': 21.0, 'is_checkpoint': 1, 'steps': 1449, 'samples': 23064, 'trn_loss': 15.1787, 'val_loss': 16.8908, 'total_time': 17.9, 'learn_rate': 0.00071, 'dp_eps': None, 'dp_delta': None}
[2026-06-14 10:57:53,744] INFO   : {'epoch': 22.0, 'is_checkpoint': 0, 'steps': 1518, 'samples': 24162, 'trn_loss': 15.0511, 'val_loss': 16.9583, 'total_time': 18.7, 'learn_rate': 0.00071, 'dp_eps': None, 'dp_delta': None}
[2026-06-14 10:57:54,029] INFO   : {'epoch': 13.0, 'is_checkpoint': 1, 'steps': 1352, 'samples': 21452, 'trn_loss': 16.2697, 'val_loss': 16.9883, 'total_time': 16.2, 'learn_rate': 0.00071, 'dp_eps': None, 'dp_delta': None}
[2026-06-14 10:57:54,494] INFO   : {'epoch': 23.0, 'is_checkpoint': 0, 'steps': 1587, 'samples': 25260, 'trn_loss': 14.8698, 'val_loss': 17.0242, 'total_time': 19.5, 'learn_rate': 0.00071, 'dp_eps': None, 'dp_delta': None}
[2026-06-14 10:57:55,182] INFO   : {'epoch': 14.0, 'is_checkpoint': 1, 'steps': 1456, 'samples': 23101, 'trn_loss': 16.1218, 'val_loss': 16.8674, 'total_time': 17.3, 'learn_rate': 0.00071, 'dp_eps': None, 'dp_delta': None}
[2026-06-14 10:57:55,244] INFO   : {'epoch': 24.0, 'is_checkpoint': 0, 'steps': 1656, 'samples': 26358, 'trn_loss': 14.9987, 'val_loss': 16.9229, 'total_time': 20.2, 'learn_rate': 0.00071, 'dp_eps': None, 'dp_delta': None}
[2026-06-14 10:57:56,007] INFO   : {'epoch': 25.0, 'is_checkpoint': 1, 'steps': 1725, 'samples': 27456, 'trn_loss': 14.8479, 'val_loss': 16.7574, 'total_time': 21.0, 'learn_rate': 0.000355, 'dp_eps': None, 'dp_delta': None}
[2026-06-14 10:57:56,306] INFO   : {'epoch': 15.0, 'is_checkpoint': 1, 'steps': 1560, 'samples': 24750, 'trn_loss': 15.9572, 'val_loss': 16.7054, 'total_time': 18.4, 'learn_rate': 0.00071, 'dp_eps': None, 'dp_delta': None}
[2026-06-14 10:57:56,782] INFO   : {'epoch': 26.0, 'is_checkpoint': 1, 'steps': 1794, 'samples': 28554, 'trn_loss': 14.4248, 'val_loss': 16.7241, 'total_time': 21.8, 'learn_rate': 0.000355, 'dp_eps': None, 'dp_delta': None}
[2026-06-14 10:57:57,145] INFO   : analyzed target partition 000000-val (213090, 7)
[2026-06-14 10:57:57,146] INFO   : combine partition statistics
[2026-06-14 10:57:57,152] INFO   : value_protection = True
[2026-06-14 10:57:57,152] INFO   : analyzed column `step`: TABULAR_NUMERIC_DIGIT {'E2': 2, 'E1': 10, 'E0': 10}
[2026-06-14 10:57:57,152] INFO   : analyzed column `type`: TABULAR_CATEGORICAL {'cat': 6}
[2026-06-14 10:57:57,153] INFO   : analyzed column `amount`: TABULAR_NUMERIC_BINNED {'bin': 103}
[2026-06-14 10:57:57,156] INFO   : analyzed column `oldbalanceOrg`: TABULAR_NUMERIC_BINNED {'bin': 103}
[2026-06-14 10:57:57,158] INFO   : analyzed column `oldbalanceDest`: TABULAR_NUMERIC_BINNED {'bin': 103}
[2026-06-14 10:57:57,161] INFO   : analyzed column `newbalanceDest`: TABULAR_NUMERIC_BINNED {'bin': 103}
[2026-06-14 10:57:57,161] INFO   : analyzed column `isFraud`: TABULAR_NUMERIC_DISCRETE {'cat': 3}
[2026-06-14 10:57:57,161] INFO   : analyzed 1,065,448 records: 852,358 training / 213,090 validation
[2026-06-14 10:57:57,168] INFO   : is_sequential: False
[2026-06-14 10:57:57,168] INFO   : write statistics to `/shared/paysim-sarmad/models/fold_0/m3/ModelStore/tgt-stats/stats.json`
[2026-06-14 10:57:57,169] INFO   : ANALYZE finished in 34.18s
[2026-06-14 10:57:57,170] INFO   : ENCODE_TABULAR started
[2026-06-14 10:57:57,170] INFO   : clean `/shared/paysim-sarmad/models/fold_0/m3/OriginalData/encoded-data`
[2026-06-14 10:57:57,173] INFO   : clean `/shared/paysim-sarmad/models/fold_0/m3/OriginalData/encoded-data`
[2026-06-14 10:57:57,173] INFO   : clean `/shared/paysim-sarmad/models/fold_0/m3/OriginalData/encoded-data`
[2026-06-14 10:57:57,488] INFO   : {'epoch': 16.0, 'is_checkpoint': 0, 'steps': 1664, 'samples': 26399, 'trn_loss': 15.7287, 'val_loss': 16.7218, 'total_time': 19.6, 'learn_rate': 0.00071, 'dp_eps': None, 'dp_delta': None}
[2026-06-14 10:57:57,564] INFO   : {'epoch': 27.0, 'is_checkpoint': 0, 'steps': 1863, 'samples': 29652, 'trn_loss': 14.6017, 'val_loss': 16.8034, 'total_time': 22.5, 'learn_rate': 0.000355, 'dp_eps': None, 'dp_delta': None}
[2026-06-14 10:57:58,355] INFO   : {'epoch': 28.0, 'is_checkpoint': 1, 'steps': 1932, 'samples': 30750, 'trn_loss': 14.472, 'val_loss': 16.6482, 'total_time': 23.3, 'learn_rate': 0.000355, 'dp_eps': None, 'dp_delta': None}
[2026-06-14 10:57:58,666] INFO   : {'epoch': 17.0, 'is_checkpoint': 1, 'steps': 1768, 'samples': 28048, 'trn_loss': 15.6213, 'val_loss': 16.5984, 'total_time': 20.8, 'learn_rate': 0.00071, 'dp_eps': None, 'dp_delta': None}
[2026-06-14 10:57:59,104] INFO   : {'epoch': 29.0, 'is_checkpoint': 0, 'steps': 2001, 'samples': 31848, 'trn_loss': 14.3555, 'val_loss': 16.6689, 'total_time': 24.1, 'learn_rate': 0.000355, 'dp_eps': None, 'dp_delta': None}
[2026-06-14 10:57:59,801] INFO   : {'epoch': 18.0, 'is_checkpoint': 1, 'steps': 1872, 'samples': 29697, 'trn_loss': 15.6002, 'val_loss': 16.4455, 'total_time': 21.9, 'learn_rate': 0.00071, 'dp_eps': None, 'dp_delta': None}
[2026-06-14 10:57:59,843] INFO   : {'epoch': 30.0, 'is_checkpoint': 0, 'steps': 2070, 'samples': 32946, 'trn_loss': 14.5555, 'val_loss': 16.7878, 'total_time': 24.8, 'learn_rate': 0.000355, 'dp_eps': None, 'dp_delta': None}
[2026-06-14 10:58:00,582] INFO   : {'epoch': 31.0, 'is_checkpoint': 0, 'steps': 2139, 'samples': 34044, 'trn_loss': 14.519, 'val_loss': 16.7691, 'total_time': 25.6, 'learn_rate': 0.000355, 'dp_eps': None, 'dp_delta': None}
[2026-06-14 10:58:00,914] INFO   : {'epoch': 19.0, 'is_checkpoint': 0, 'steps': 1976, 'samples': 31346, 'trn_loss': 15.4205, 'val_loss': 16.4874, 'total_time': 23.0, 'learn_rate': 0.00071, 'dp_eps': None, 'dp_delta': None}
[2026-06-14 10:58:01,322] INFO   : {'epoch': 32.0, 'is_checkpoint': 0, 'steps': 2208, 'samples': 35142, 'trn_loss': 14.2248, 'val_loss': 16.6528, 'total_time': 26.3, 'learn_rate': 0.000178, 'dp_eps': None, 'dp_delta': None}
[2026-06-14 10:58:02,050] INFO   : {'epoch': 20.0, 'is_checkpoint': 0, 'steps': 2080, 'samples': 32995, 'trn_loss': 15.3449, 'val_loss': 16.4512, 'total_time': 24.2, 'learn_rate': 0.00071, 'dp_eps': None, 'dp_delta': None}
[2026-06-14 10:58:02,067] INFO   : early stopping: val_loss stopped improving
[2026-06-14 10:58:02,067] INFO   : {'epoch': 33.0, 'is_checkpoint': 0, 'steps': 2277, 'samples': 36240, 'trn_loss': 14.5057, 'val_loss': 16.8101, 'total_time': 27.0, 'learn_rate': 0.000178, 'dp_eps': None, 'dp_delta': None}
[2026-06-14 10:58:02,070] INFO   : TRAIN_TABULAR finished in 28.11s
[2026-06-14 10:58:03,187] INFO   : {'epoch': 21.0, 'is_checkpoint': 1, 'steps': 2184, 'samples': 34644, 'trn_loss': 15.3048, 'val_loss': 16.3636, 'total_time': 25.3, 'learn_rate': 0.00071, 'dp_eps': None, 'dp_delta': None}
2026-06-14 10:58:03 [INFO] paysim — [fold=0] ✔ DONE  train_m1  (48.7s)
2026-06-14 10:58:03 [INFO] paysim — [fold=0] ▶ START train_m2
[2026-06-14 10:58:03,377] INFO   : SPLIT started
[2026-06-14 10:58:03,377] INFO   : clean `/shared/paysim-sarmad/models/fold_0/m2/OriginalData/tgt-data`
[2026-06-14 10:58:03,377] INFO   : clean `/shared/paysim-sarmad/models/fold_0/m2/OriginalData/tgt-meta`
[2026-06-14 10:58:03,378] INFO   : model_type='TABULAR'
[2026-06-14 10:58:03,378] INFO   : tgt_encoding_types={'step': 'TABULAR_NUMERIC_AUTO', 'type': 'TABULAR_CATEGORICAL', 'amount': 'TABULAR_NUMERIC_AUTO', 'oldbalanceOrg': 'TABULAR_NUMERIC_AUTO', 'oldbalanceDest': 'TABULAR_NUMERIC_AUTO', 'newbalanceDest': 'TABULAR_NUMERIC_AUTO', 'isFraud': 'TABULAR_NUMERIC_AUTO'}
[2026-06-14 10:58:03,466] INFO   : SPLIT finished in 0.09s
[2026-06-14 10:58:03,466] INFO   : ANALYZE started
[2026-06-14 10:58:03,466] INFO   : clean `/shared/paysim-sarmad/models/fold_0/m2/ModelStore/tgt-stats`
[2026-06-14 10:58:03,467] INFO   : analyzing 2 partitions in parallel
[2026-06-14 10:58:04,367] INFO   : {'epoch': 22.0, 'is_checkpoint': 0, 'steps': 2288, 'samples': 36293, 'trn_loss': 15.1095, 'val_loss': 16.4266, 'total_time': 26.5, 'learn_rate': 0.00071, 'dp_eps': None, 'dp_delta': None}
[2026-06-14 10:58:05,023] INFO   : analyzed target partition 000000-trn (86238, 7)
[2026-06-14 10:58:05,431] INFO   : analyzed target partition 000000-val (21560, 7)
[2026-06-14 10:58:05,431] INFO   : combine partition statistics
[2026-06-14 10:58:05,437] INFO   : value_protection = True
[2026-06-14 10:58:05,438] INFO   : analyzed column `step`: TABULAR_NUMERIC_DIGIT {'E2': 2, 'E1': 10, 'E0': 10}
[2026-06-14 10:58:05,438] INFO   : analyzed column `type`: TABULAR_CATEGORICAL {'cat': 6}
[2026-06-14 10:58:05,439] INFO   : analyzed column `amount`: TABULAR_NUMERIC_BINNED {'bin': 103}
[2026-06-14 10:58:05,441] INFO   : analyzed column `oldbalanceOrg`: TABULAR_NUMERIC_BINNED {'bin': 103}
[2026-06-14 10:58:05,444] INFO   : analyzed column `oldbalanceDest`: TABULAR_NUMERIC_BINNED {'bin': 103}
[2026-06-14 10:58:05,446] INFO   : analyzed column `newbalanceDest`: TABULAR_NUMERIC_BINNED {'bin': 103}
[2026-06-14 10:58:05,446] INFO   : analyzed column `isFraud`: TABULAR_NUMERIC_DISCRETE {'cat': 3}
[2026-06-14 10:58:05,446] INFO   : analyzed 107,798 records: 86,238 training / 21,560 validation
[2026-06-14 10:58:05,447] INFO   : is_sequential: False
[2026-06-14 10:58:05,447] INFO   : write statistics to `/shared/paysim-sarmad/models/fold_0/m2/ModelStore/tgt-stats/stats.json`
[2026-06-14 10:58:05,449] INFO   : ANALYZE finished in 1.98s
[2026-06-14 10:58:05,449] INFO   : ENCODE_TABULAR started
[2026-06-14 10:58:05,450] INFO   : clean `/shared/paysim-sarmad/models/fold_0/m2/OriginalData/encoded-data`
[2026-06-14 10:58:05,450] INFO   : clean `/shared/paysim-sarmad/models/fold_0/m2/OriginalData/encoded-data`
[2026-06-14 10:58:05,450] INFO   : clean `/shared/paysim-sarmad/models/fold_0/m2/OriginalData/encoded-data`
[2026-06-14 10:58:05,615] INFO   : {'epoch': 23.0, 'is_checkpoint': 1, 'steps': 2392, 'samples': 37942, 'trn_loss': 15.0425, 'val_loss': 16.296, 'total_time': 27.7, 'learn_rate': 0.00071, 'dp_eps': None, 'dp_delta': None}
[2026-06-14 10:58:05,951] INFO   : encoded partition part.000000-trn.parquet (86238, 9)
[2026-06-14 10:58:06,086] INFO   : encoded partition part.000000-val.parquet (21560, 9)
[2026-06-14 10:58:06,087] INFO   : ENCODE_TABULAR finished in 0.64s
[2026-06-14 10:58:06,087] INFO   : TRAIN_TABULAR started
[2026-06-14 10:58:06,094] INFO   : numpy=2.4.4, pandas=2.3.3
[2026-06-14 10:58:06,095] INFO   : torch=2.5.1+cu121, opacus=1.4.0
[2026-06-14 10:58:06,095] INFO   : device=device(type='cuda', index=0)
[2026-06-14 10:58:06,095] INFO   : is_sequential=False
[2026-06-14 10:58:06,095] INFO   : max_training_time=864000.0s
[2026-06-14 10:58:06,095] INFO   : max_epochs=100
[2026-06-14 10:58:06,095] INFO   : model_size=<ModelSize.M: 'M'>
[2026-06-14 10:58:06,095] INFO   : enable_flexible_generation=True
[2026-06-14 10:58:06,095] INFO   : with_dp=False
[2026-06-14 10:58:06,095] INFO   : model_state_strategy=<ModelStateStrategy.reset: 'RESET'>
[2026-06-14 10:58:06,095] INFO   : max_sequence_window=np.int64(1)
[2026-06-14 10:58:06,105] INFO   : create training model
[2026-06-14 10:58:06,108] INFO   : initializing predictor bias with empirical log probabilities
[2026-06-14 10:58:06,110] INFO   : model class: FlatModel
[2026-06-14 10:58:06,110] INFO   : model_state_strategy=<ModelStateStrategy.reset: 'RESET'>
[2026-06-14 10:58:06,110] INFO   : remove existing checkpoint files
[2026-06-14 10:58:06,110] INFO   : start training progress from epoch=0.0, steps=0
[2026-06-14 10:58:06,111] INFO   : no_of_model_params=np.int64(75796)
2026-06-14 10:58:06 [INFO] httpx — HTTP Request: HEAD https://s3.amazonaws.com/datasets.huggingface.co/datasets/datasets/parquet/parquet.py "HTTP/1.1 404 Not Found"
2026-06-14 10:58:06 [INFO] httpx — HTTP Request: HEAD https://s3.amazonaws.com/datasets.huggingface.co/datasets/datasets/parquet/parquet.py "HTTP/1.1 404 Not Found"
[2026-06-14 10:58:06,411] INFO   : trn_cnt=86238, val_cnt=21560
[2026-06-14 10:58:06,411] INFO   : len(tgt_sub_columns)=9, len(ctxflt_sub_columns)=0, len(ctxseq_sub_columns)=0
[2026-06-14 10:58:06,411] INFO   : tgt_cardinalities_deciles=[np.int64(2), np.int64(2), np.int64(3), np.int64(6), np.int64(10), np.int64(10), np.int64(10), np.int64(103), np.int64(103), np.int64(103), np.int64(103)]
[2026-06-14 10:58:06,411] INFO   : trn_batch_size=1024, val_batch_size=1024
[2026-06-14 10:58:06,411] INFO   : trn_steps=84, val_steps=21
[2026-06-14 10:58:06,411] INFO   : batch_size=1024, gradient_accumulation_steps=1, initial_lr=np.float64(0.00566)
[2026-06-14 10:58:06,479] INFO   : {'epoch': 0.01, 'is_checkpoint': 0, 'steps': 1, 'samples': 1024, 'trn_loss': 20.7886, 'val_loss': None, 'total_time': 0.1, 'learn_rate': 0.00566, 'dp_eps': None, 'dp_delta': None}
[2026-06-14 10:58:06,759] INFO   : {'epoch': 24.0, 'is_checkpoint': 0, 'steps': 2496, 'samples': 39591, 'trn_loss': 15.1141, 'val_loss': 16.3467, 'total_time': 28.9, 'learn_rate': 0.00071, 'dp_eps': None, 'dp_delta': None}
[2026-06-14 10:58:07,900] INFO   : {'epoch': 25.0, 'is_checkpoint': 0, 'steps': 2600, 'samples': 41240, 'trn_loss': 14.9087, 'val_loss': 16.3435, 'total_time': 30.0, 'learn_rate': 0.00071, 'dp_eps': None, 'dp_delta': None}
[2026-06-14 10:58:09,062] INFO   : {'epoch': 26.0, 'is_checkpoint': 0, 'steps': 2704, 'samples': 42889, 'trn_loss': 14.8509, 'val_loss': 16.3447, 'total_time': 31.2, 'learn_rate': 0.00071, 'dp_eps': None, 'dp_delta': None}
[2026-06-14 10:58:09,160] INFO   : analyzed target partition 000000-trn (1707714, 7)
[2026-06-14 10:58:09,356] INFO   : encoded partition part.000000-trn.parquet (852358, 9)
[2026-06-14 10:58:09,943] INFO   : {'epoch': 1.0, 'is_checkpoint': 1, 'steps': 84, 'samples': 86016, 'trn_loss': 19.1676, 'val_loss': 18.437, 'total_time': 3.5, 'learn_rate': 0.00566, 'dp_eps': None, 'dp_delta': None}
[2026-06-14 10:58:10,245] INFO   : {'epoch': 27.0, 'is_checkpoint': 1, 'steps': 2808, 'samples': 44538, 'trn_loss': 14.893, 'val_loss': 16.2671, 'total_time': 32.4, 'learn_rate': 0.000355, 'dp_eps': None, 'dp_delta': None}
[2026-06-14 10:58:10,936] INFO   : encoded partition part.000000-val.parquet (213090, 9)
[2026-06-14 10:58:10,936] INFO   : ENCODE_TABULAR finished in 13.77s
[2026-06-14 10:58:10,937] INFO   : TRAIN_TABULAR started
[2026-06-14 10:58:10,944] INFO   : numpy=2.4.4, pandas=2.3.3
[2026-06-14 10:58:10,946] INFO   : torch=2.5.1+cu121, opacus=1.4.0
[2026-06-14 10:58:10,946] INFO   : device=device(type='cuda', index=1)
[2026-06-14 10:58:10,946] INFO   : is_sequential=False
[2026-06-14 10:58:10,946] INFO   : max_training_time=864000.0s
[2026-06-14 10:58:10,946] INFO   : max_epochs=100
[2026-06-14 10:58:10,946] INFO   : model_size=<ModelSize.M: 'M'>
[2026-06-14 10:58:10,946] INFO   : enable_flexible_generation=True
[2026-06-14 10:58:10,946] INFO   : with_dp=False
[2026-06-14 10:58:10,946] INFO   : model_state_strategy=<ModelStateStrategy.reset: 'RESET'>
[2026-06-14 10:58:10,947] INFO   : max_sequence_window=np.int64(1)
[2026-06-14 10:58:10,994] INFO   : create training model
[2026-06-14 10:58:11,353] INFO   : initializing predictor bias with empirical log probabilities
[2026-06-14 10:58:11,356] INFO   : model class: FlatModel
[2026-06-14 10:58:11,356] INFO   : model_state_strategy=<ModelStateStrategy.reset: 'RESET'>
[2026-06-14 10:58:11,356] INFO   : remove existing checkpoint files
[2026-06-14 10:58:11,357] INFO   : start training progress from epoch=0.0, steps=0
[2026-06-14 10:58:11,358] INFO   : no_of_model_params=np.int64(75796)
[2026-06-14 10:58:11,413] INFO   : {'epoch': 28.0, 'is_checkpoint': 0, 'steps': 2912, 'samples': 46187, 'trn_loss': 14.7246, 'val_loss': 16.316, 'total_time': 33.5, 'learn_rate': 0.000355, 'dp_eps': None, 'dp_delta': None}
2026-06-14 10:58:11 [INFO] httpx — HTTP Request: HEAD https://s3.amazonaws.com/datasets.huggingface.co/datasets/datasets/parquet/parquet.py "HTTP/1.1 404 Not Found"
2026-06-14 10:58:11 [INFO] httpx — HTTP Request: HEAD https://s3.amazonaws.com/datasets.huggingface.co/datasets/datasets/parquet/parquet.py "HTTP/1.1 404 Not Found"
[2026-06-14 10:58:11,757] INFO   : trn_cnt=852358, val_cnt=213090
[2026-06-14 10:58:11,757] INFO   : len(tgt_sub_columns)=9, len(ctxflt_sub_columns)=0, len(ctxseq_sub_columns)=0
[2026-06-14 10:58:11,757] INFO   : tgt_cardinalities_deciles=[np.int64(2), np.int64(2), np.int64(3), np.int64(6), np.int64(10), np.int64(10), np.int64(10), np.int64(103), np.int64(103), np.int64(103), np.int64(103)]
[2026-06-14 10:58:11,757] INFO   : trn_batch_size=4096, val_batch_size=4096
[2026-06-14 10:58:11,757] INFO   : trn_steps=208, val_steps=52
[2026-06-14 10:58:11,757] INFO   : batch_size=4096, gradient_accumulation_steps=1, initial_lr=np.float64(0.01131)
[2026-06-14 10:58:12,598] INFO   : {'epoch': 29.0, 'is_checkpoint': 0, 'steps': 3016, 'samples': 47836, 'trn_loss': 14.6892, 'val_loss': 16.2857, 'total_time': 34.7, 'learn_rate': 0.000355, 'dp_eps': None, 'dp_delta': None}
[2026-06-14 10:58:12,680] INFO   : {'epoch': 0.0, 'is_checkpoint': 0, 'steps': 1, 'samples': 4096, 'trn_loss': 20.6264, 'val_loss': None, 'total_time': 0.9, 'learn_rate': 0.01131, 'dp_eps': None, 'dp_delta': None}
[2026-06-14 10:58:13,693] INFO   : {'epoch': 2.0, 'is_checkpoint': 1, 'steps': 168, 'samples': 171230, 'trn_loss': 18.2514, 'val_loss': 17.8619, 'total_time': 7.3, 'learn_rate': 0.00566, 'dp_eps': None, 'dp_delta': None}
[2026-06-14 10:58:13,798] INFO   : {'epoch': 30.0, 'is_checkpoint': 1, 'steps': 3120, 'samples': 49485, 'trn_loss': 14.7508, 'val_loss': 16.1399, 'total_time': 35.9, 'learn_rate': 0.000355, 'dp_eps': None, 'dp_delta': None}
[2026-06-14 10:58:14,958] INFO   : {'epoch': 31.0, 'is_checkpoint': 0, 'steps': 3224, 'samples': 51134, 'trn_loss': 14.616, 'val_loss': 16.2021, 'total_time': 37.1, 'learn_rate': 0.000355, 'dp_eps': None, 'dp_delta': None}
[2026-06-14 10:58:16,113] INFO   : {'epoch': 32.0, 'is_checkpoint': 0, 'steps': 3328, 'samples': 52783, 'trn_loss': 14.777, 'val_loss': 16.267, 'total_time': 38.2, 'learn_rate': 0.000355, 'dp_eps': None, 'dp_delta': None}
[2026-06-14 10:58:17,281] INFO   : {'epoch': 33.0, 'is_checkpoint': 0, 'steps': 3432, 'samples': 54432, 'trn_loss': 14.5899, 'val_loss': 16.207, 'total_time': 39.4, 'learn_rate': 0.000355, 'dp_eps': None, 'dp_delta': None}
[2026-06-14 10:58:17,463] INFO   : {'epoch': 3.0, 'is_checkpoint': 1, 'steps': 252, 'samples': 256444, 'trn_loss': 17.8828, 'val_loss': 17.6005, 'total_time': 11.1, 'learn_rate': 0.00566, 'dp_eps': None, 'dp_delta': None}
[2026-06-14 10:58:18,411] INFO   : {'epoch': 34.0, 'is_checkpoint': 0, 'steps': 3536, 'samples': 56081, 'trn_loss': 14.5501, 'val_loss': 16.1548, 'total_time': 40.5, 'learn_rate': 0.000178, 'dp_eps': None, 'dp_delta': None}
[2026-06-14 10:58:19,535] INFO   : early stopping: val_loss stopped improving
[2026-06-14 10:58:19,535] INFO   : {'epoch': 35.0, 'is_checkpoint': 0, 'steps': 3640, 'samples': 57730, 'trn_loss': 14.6368, 'val_loss': 16.1885, 'total_time': 41.7, 'learn_rate': 0.000178, 'dp_eps': None, 'dp_delta': None}
[2026-06-14 10:58:19,538] INFO   : TRAIN_TABULAR finished in 42.60s
2026-06-14 10:58:20 [INFO] paysim — [fold=1] ✔ DONE  train_m1  (62.8s)
2026-06-14 10:58:20 [INFO] paysim — [fold=1] ▶ START train_m2
[2026-06-14 10:58:20,817] INFO   : SPLIT started
[2026-06-14 10:58:20,817] INFO   : clean `/shared/paysim-sarmad/models/fold_1/m2/OriginalData/tgt-data`
[2026-06-14 10:58:20,818] INFO   : clean `/shared/paysim-sarmad/models/fold_1/m2/OriginalData/tgt-meta`
[2026-06-14 10:58:20,818] INFO   : model_type='TABULAR'
[2026-06-14 10:58:20,818] INFO   : tgt_encoding_types={'step': 'TABULAR_NUMERIC_AUTO', 'type': 'TABULAR_CATEGORICAL', 'amount': 'TABULAR_NUMERIC_AUTO', 'oldbalanceOrg': 'TABULAR_NUMERIC_AUTO', 'oldbalanceDest': 'TABULAR_NUMERIC_AUTO', 'newbalanceDest': 'TABULAR_NUMERIC_AUTO', 'isFraud': 'TABULAR_NUMERIC_AUTO'}
[2026-06-14 10:58:20,895] INFO   : {'epoch': 4.0, 'is_checkpoint': 1, 'steps': 336, 'samples': 341658, 'trn_loss': 17.6847, 'val_loss': 17.4791, 'total_time': 14.5, 'learn_rate': 0.00566, 'dp_eps': None, 'dp_delta': None}
[2026-06-14 10:58:21,001] INFO   : SPLIT finished in 0.18s
[2026-06-14 10:58:21,002] INFO   : ANALYZE started
[2026-06-14 10:58:21,002] INFO   : clean `/shared/paysim-sarmad/models/fold_1/m2/ModelStore/tgt-stats`
[2026-06-14 10:58:21,002] INFO   : analyzing 2 partitions in parallel
[2026-06-14 10:58:23,610] INFO   : analyzed target partition 000000-val (426928, 7)
[2026-06-14 10:58:23,611] INFO   : combine partition statistics
[2026-06-14 10:58:23,618] INFO   : value_protection = True
[2026-06-14 10:58:23,619] INFO   : analyzed column `step`: TABULAR_NUMERIC_DIGIT {'E2': 2, 'E1': 10, 'E0': 10}
[2026-06-14 10:58:23,619] INFO   : analyzed column `type`: TABULAR_CATEGORICAL {'cat': 6}
[2026-06-14 10:58:23,620] INFO   : analyzed column `amount`: TABULAR_NUMERIC_BINNED {'bin': 103}
[2026-06-14 10:58:23,622] INFO   : analyzed column `oldbalanceOrg`: TABULAR_NUMERIC_BINNED {'bin': 103}
[2026-06-14 10:58:23,625] INFO   : analyzed column `oldbalanceDest`: TABULAR_NUMERIC_BINNED {'bin': 103}
[2026-06-14 10:58:23,627] INFO   : analyzed column `newbalanceDest`: TABULAR_NUMERIC_BINNED {'bin': 103}
[2026-06-14 10:58:23,628] INFO   : analyzed column `isFraud`: TABULAR_NUMERIC_DISCRETE {'cat': 3}
[2026-06-14 10:58:23,628] INFO   : analyzed 2,134,642 records: 1,707,714 training / 426,928 validation
[2026-06-14 10:58:23,646] INFO   : is_sequential: False
[2026-06-14 10:58:23,646] INFO   : write statistics to `/shared/paysim-sarmad/models/fold_1/m3/ModelStore/tgt-stats/stats.json`
[2026-06-14 10:58:23,648] INFO   : ANALYZE finished in 56.32s
[2026-06-14 10:58:23,649] INFO   : ENCODE_TABULAR started
[2026-06-14 10:58:23,649] INFO   : clean `/shared/paysim-sarmad/models/fold_1/m3/OriginalData/encoded-data`
[2026-06-14 10:58:23,650] INFO   : clean `/shared/paysim-sarmad/models/fold_1/m3/OriginalData/encoded-data`
[2026-06-14 10:58:23,650] INFO   : clean `/shared/paysim-sarmad/models/fold_1/m3/OriginalData/encoded-data`
[2026-06-14 10:58:24,530] INFO   : analyzed target partition 000000-trn (172269, 7)
[2026-06-14 10:58:24,789] INFO   : {'epoch': 5.0, 'is_checkpoint': 1, 'steps': 420, 'samples': 426872, 'trn_loss': 17.5657, 'val_loss': 17.3911, 'total_time': 18.4, 'learn_rate': 0.00566, 'dp_eps': None, 'dp_delta': None}
[2026-06-14 10:58:25,288] INFO   : analyzed target partition 000000-val (43067, 7)
[2026-06-14 10:58:25,288] INFO   : combine partition statistics
[2026-06-14 10:58:25,294] INFO   : value_protection = True
[2026-06-14 10:58:25,294] INFO   : analyzed column `step`: TABULAR_NUMERIC_DIGIT {'E2': 2, 'E1': 10, 'E0': 10}
[2026-06-14 10:58:25,294] INFO   : analyzed column `type`: TABULAR_CATEGORICAL {'cat': 6}
[2026-06-14 10:58:25,295] INFO   : analyzed column `amount`: TABULAR_NUMERIC_BINNED {'bin': 103}
[2026-06-14 10:58:25,298] INFO   : analyzed column `oldbalanceOrg`: TABULAR_NUMERIC_BINNED {'bin': 103}
[2026-06-14 10:58:25,300] INFO   : analyzed column `oldbalanceDest`: TABULAR_NUMERIC_BINNED {'bin': 103}
[2026-06-14 10:58:25,302] INFO   : analyzed column `newbalanceDest`: TABULAR_NUMERIC_BINNED {'bin': 103}
[2026-06-14 10:58:25,303] INFO   : analyzed column `isFraud`: TABULAR_NUMERIC_DISCRETE {'cat': 3}
[2026-06-14 10:58:25,303] INFO   : analyzed 215,336 records: 172,269 training / 43,067 validation
[2026-06-14 10:58:25,304] INFO   : is_sequential: False
[2026-06-14 10:58:25,304] INFO   : write statistics to `/shared/paysim-sarmad/models/fold_1/m2/ModelStore/tgt-stats/stats.json`
[2026-06-14 10:58:25,305] INFO   : ANALYZE finished in 4.30s
[2026-06-14 10:58:25,306] INFO   : ENCODE_TABULAR started
[2026-06-14 10:58:25,306] INFO   : clean `/shared/paysim-sarmad/models/fold_1/m2/OriginalData/encoded-data`
[2026-06-14 10:58:25,306] INFO   : clean `/shared/paysim-sarmad/models/fold_1/m2/OriginalData/encoded-data`
[2026-06-14 10:58:25,306] INFO   : clean `/shared/paysim-sarmad/models/fold_1/m2/OriginalData/encoded-data`
[2026-06-14 10:58:26,642] INFO   : encoded partition part.000000-trn.parquet (172269, 9)
[2026-06-14 10:58:26,956] INFO   : encoded partition part.000000-val.parquet (43067, 9)
[2026-06-14 10:58:26,956] INFO   : ENCODE_TABULAR finished in 1.65s
[2026-06-14 10:58:26,957] INFO   : TRAIN_TABULAR started
[2026-06-14 10:58:26,964] INFO   : numpy=2.4.4, pandas=2.3.3
[2026-06-14 10:58:26,965] INFO   : torch=2.5.1+cu121, opacus=1.4.0
[2026-06-14 10:58:26,965] INFO   : device=device(type='cuda', index=0)
[2026-06-14 10:58:26,965] INFO   : is_sequential=False
[2026-06-14 10:58:26,965] INFO   : max_training_time=864000.0s
[2026-06-14 10:58:26,965] INFO   : max_epochs=100
[2026-06-14 10:58:26,965] INFO   : model_size=<ModelSize.M: 'M'>
[2026-06-14 10:58:26,965] INFO   : enable_flexible_generation=True
[2026-06-14 10:58:26,965] INFO   : with_dp=False
[2026-06-14 10:58:26,965] INFO   : model_state_strategy=<ModelStateStrategy.reset: 'RESET'>
[2026-06-14 10:58:26,966] INFO   : max_sequence_window=np.int64(1)
[2026-06-14 10:58:26,979] INFO   : create training model
[2026-06-14 10:58:26,983] INFO   : initializing predictor bias with empirical log probabilities
[2026-06-14 10:58:26,985] INFO   : model class: FlatModel
[2026-06-14 10:58:26,985] INFO   : model_state_strategy=<ModelStateStrategy.reset: 'RESET'>
[2026-06-14 10:58:26,985] INFO   : remove existing checkpoint files
[2026-06-14 10:58:26,985] INFO   : start training progress from epoch=0.0, steps=0
[2026-06-14 10:58:26,986] INFO   : no_of_model_params=np.int64(75796)
2026-06-14 10:58:27 [INFO] httpx — HTTP Request: HEAD https://s3.amazonaws.com/datasets.huggingface.co/datasets/datasets/parquet/parquet.py "HTTP/1.1 404 Not Found"
2026-06-14 10:58:27 [INFO] httpx — HTTP Request: HEAD https://s3.amazonaws.com/datasets.huggingface.co/datasets/datasets/parquet/parquet.py "HTTP/1.1 404 Not Found"
[2026-06-14 10:58:27,373] INFO   : trn_cnt=172269, val_cnt=43067
[2026-06-14 10:58:27,374] INFO   : len(tgt_sub_columns)=9, len(ctxflt_sub_columns)=0, len(ctxseq_sub_columns)=0
[2026-06-14 10:58:27,374] INFO   : tgt_cardinalities_deciles=[np.int64(2), np.int64(2), np.int64(3), np.int64(6), np.int64(10), np.int64(10), np.int64(10), np.int64(103), np.int64(103), np.int64(103), np.int64(103)]
[2026-06-14 10:58:27,374] INFO   : trn_batch_size=2048, val_batch_size=2048
[2026-06-14 10:58:27,374] INFO   : trn_steps=84, val_steps=21
[2026-06-14 10:58:27,374] INFO   : batch_size=2048, gradient_accumulation_steps=1, initial_lr=np.float64(0.008)
[2026-06-14 10:58:27,459] INFO   : {'epoch': 0.01, 'is_checkpoint': 0, 'steps': 1, 'samples': 2048, 'trn_loss': 21.8801, 'val_loss': None, 'total_time': 0.1, 'learn_rate': 0.008, 'dp_eps': None, 'dp_delta': None}
[2026-06-14 10:58:28,271] INFO   : {'epoch': 6.0, 'is_checkpoint': 1, 'steps': 504, 'samples': 512086, 'trn_loss': 17.4934, 'val_loss': 17.3244, 'total_time': 21.9, 'learn_rate': 0.00566, 'dp_eps': None, 'dp_delta': None}
[2026-06-14 10:58:31,907] INFO   : {'epoch': 7.0, 'is_checkpoint': 1, 'steps': 588, 'samples': 597300, 'trn_loss': 17.421, 'val_loss': 17.2791, 'total_time': 25.5, 'learn_rate': 0.00566, 'dp_eps': None, 'dp_delta': None}
[2026-06-14 10:58:33,648] INFO   : {'epoch': 1.0, 'is_checkpoint': 1, 'steps': 84, 'samples': 172032, 'trn_loss': 19.9674, 'val_loss': 18.8134, 'total_time': 6.3, 'learn_rate': 0.008, 'dp_eps': None, 'dp_delta': None}
[2026-06-14 10:58:35,510] INFO   : {'epoch': 8.0, 'is_checkpoint': 1, 'steps': 672, 'samples': 682514, 'trn_loss': 17.3857, 'val_loss': 17.2411, 'total_time': 29.1, 'learn_rate': 0.00566, 'dp_eps': None, 'dp_delta': None}
[2026-06-14 10:58:38,896] INFO   : {'epoch': 9.0, 'is_checkpoint': 1, 'steps': 756, 'samples': 767728, 'trn_loss': 17.342, 'val_loss': 17.2339, 'total_time': 32.5, 'learn_rate': 0.00566, 'dp_eps': None, 'dp_delta': None}
[2026-06-14 10:58:39,849] INFO   : {'epoch': 2.0, 'is_checkpoint': 1, 'steps': 168, 'samples': 342253, 'trn_loss': 18.7412, 'val_loss': 18.2829, 'total_time': 12.5, 'learn_rate': 0.008, 'dp_eps': None, 'dp_delta': None}
[2026-06-14 10:58:41,556] INFO   : encoded partition part.000000-trn.parquet (1707714, 9)
[2026-06-14 10:58:42,564] INFO   : {'epoch': 10.0, 'is_checkpoint': 1, 'steps': 840, 'samples': 852942, 'trn_loss': 17.3252, 'val_loss': 17.2022, 'total_time': 36.2, 'learn_rate': 0.00566, 'dp_eps': None, 'dp_delta': None}
[2026-06-14 10:58:44,465] INFO   : encoded partition part.000000-val.parquet (426928, 9)
[2026-06-14 10:58:44,465] INFO   : ENCODE_TABULAR finished in 20.82s
[2026-06-14 10:58:44,466] INFO   : TRAIN_TABULAR started
[2026-06-14 10:58:44,473] INFO   : numpy=2.4.4, pandas=2.3.3
[2026-06-14 10:58:44,474] INFO   : torch=2.5.1+cu121, opacus=1.4.0
[2026-06-14 10:58:44,474] INFO   : device=device(type='cuda', index=1)
[2026-06-14 10:58:44,475] INFO   : is_sequential=False
[2026-06-14 10:58:44,475] INFO   : max_training_time=864000.0s
[2026-06-14 10:58:44,475] INFO   : max_epochs=100
[2026-06-14 10:58:44,475] INFO   : model_size=<ModelSize.M: 'M'>
[2026-06-14 10:58:44,475] INFO   : enable_flexible_generation=True
[2026-06-14 10:58:44,475] INFO   : with_dp=False
[2026-06-14 10:58:44,475] INFO   : model_state_strategy=<ModelStateStrategy.reset: 'RESET'>
[2026-06-14 10:58:44,475] INFO   : max_sequence_window=np.int64(1)
[2026-06-14 10:58:44,562] INFO   : create training model
[2026-06-14 10:58:44,623] INFO   : {'epoch': 1.0, 'is_checkpoint': 1, 'steps': 208, 'samples': 851968, 'trn_loss': 17.9783, 'val_loss': 17.2264, 'total_time': 32.9, 'learn_rate': 0.01131, 'dp_eps': None, 'dp_delta': None}
[2026-06-14 10:58:44,898] INFO   : initializing predictor bias with empirical log probabilities
[2026-06-14 10:58:44,901] INFO   : model class: FlatModel
[2026-06-14 10:58:44,901] INFO   : model weights not found; change strategy from ModelStateStrategy.reset to RESET
[2026-06-14 10:58:44,901] INFO   : model_state_strategy=<ModelStateStrategy.reset: 'RESET'>
[2026-06-14 10:58:44,901] INFO   : remove existing checkpoint files
[2026-06-14 10:58:44,902] INFO   : start training progress from epoch=0.0, steps=0
[2026-06-14 10:58:44,903] INFO   : no_of_model_params=np.int64(75796)
2026-06-14 10:58:45 [INFO] httpx — HTTP Request: HEAD https://s3.amazonaws.com/datasets.huggingface.co/datasets/datasets/parquet/parquet.py "HTTP/1.1 404 Not Found"
2026-06-14 10:58:45 [INFO] httpx — HTTP Request: HEAD https://s3.amazonaws.com/datasets.huggingface.co/datasets/datasets/parquet/parquet.py "HTTP/1.1 404 Not Found"
[2026-06-14 10:58:45,366] INFO   : trn_cnt=1707714, val_cnt=426928
[2026-06-14 10:58:45,366] INFO   : len(tgt_sub_columns)=9, len(ctxflt_sub_columns)=0, len(ctxseq_sub_columns)=0
[2026-06-14 10:58:45,366] INFO   : tgt_cardinalities_deciles=[np.int64(2), np.int64(2), np.int64(3), np.int64(6), np.int64(10), np.int64(10), np.int64(10), np.int64(103), np.int64(103), np.int64(103), np.int64(103)]
[2026-06-14 10:58:45,366] INFO   : trn_batch_size=4096, val_batch_size=4096
[2026-06-14 10:58:45,366] INFO   : trn_steps=416, val_steps=104
[2026-06-14 10:58:45,366] INFO   : batch_size=4096, gradient_accumulation_steps=1, initial_lr=np.float64(0.01131)
[2026-06-14 10:58:46,204] INFO   : {'epoch': 11.0, 'is_checkpoint': 1, 'steps': 924, 'samples': 938156, 'trn_loss': 17.2876, 'val_loss': 17.181, 'total_time': 39.8, 'learn_rate': 0.00566, 'dp_eps': None, 'dp_delta': None}
[2026-06-14 10:58:46,354] INFO   : {'epoch': 0.0, 'is_checkpoint': 0, 'steps': 1, 'samples': 4096, 'trn_loss': 21.6635, 'val_loss': None, 'total_time': 1.0, 'learn_rate': 0.01131, 'dp_eps': None, 'dp_delta': None}
[2026-06-14 10:58:46,387] INFO   : {'epoch': 3.0, 'is_checkpoint': 1, 'steps': 252, 'samples': 512474, 'trn_loss': 18.3847, 'val_loss': 18.0309, 'total_time': 19.0, 'learn_rate': 0.008, 'dp_eps': None, 'dp_delta': None}
[2026-06-14 10:58:49,611] INFO   : {'epoch': 12.0, 'is_checkpoint': 1, 'steps': 1008, 'samples': 1023370, 'trn_loss': 17.2765, 'val_loss': 17.1448, 'total_time': 43.2, 'learn_rate': 0.00566, 'dp_eps': None, 'dp_delta': None}
[2026-06-14 10:58:52,665] INFO   : {'epoch': 4.0, 'is_checkpoint': 1, 'steps': 336, 'samples': 682695, 'trn_loss': 18.2514, 'val_loss': 17.9467, 'total_time': 25.3, 'learn_rate': 0.008, 'dp_eps': None, 'dp_delta': None}
[2026-06-14 10:58:53,259] INFO   : {'epoch': 13.0, 'is_checkpoint': 0, 'steps': 1092, 'samples': 1108584, 'trn_loss': 17.25, 'val_loss': 17.1699, 'total_time': 46.8, 'learn_rate': 0.00566, 'dp_eps': None, 'dp_delta': None}
[2026-06-14 10:58:56,913] INFO   : {'epoch': 14.0, 'is_checkpoint': 0, 'steps': 1176, 'samples': 1193798, 'trn_loss': 17.2236, 'val_loss': 17.149, 'total_time': 50.5, 'learn_rate': 0.00566, 'dp_eps': None, 'dp_delta': None}
[2026-06-14 10:58:58,937] INFO   : {'epoch': 5.0, 'is_checkpoint': 1, 'steps': 420, 'samples': 852916, 'trn_loss': 18.1234, 'val_loss': 17.8362, 'total_time': 31.6, 'learn_rate': 0.008, 'dp_eps': None, 'dp_delta': None}
[2026-06-14 10:59:00,329] INFO   : {'epoch': 15.0, 'is_checkpoint': 1, 'steps': 1260, 'samples': 1279012, 'trn_loss': 17.2187, 'val_loss': 17.1137, 'total_time': 53.9, 'learn_rate': 0.00566, 'dp_eps': None, 'dp_delta': None}
[2026-06-14 10:59:03,966] INFO   : {'epoch': 16.0, 'is_checkpoint': 0, 'steps': 1344, 'samples': 1364226, 'trn_loss': 17.2158, 'val_loss': 17.1206, 'total_time': 57.6, 'learn_rate': 0.00566, 'dp_eps': None, 'dp_delta': None}
[2026-06-14 10:59:05,490] INFO   : {'epoch': 6.0, 'is_checkpoint': 1, 'steps': 504, 'samples': 1023137, 'trn_loss': 18.0695, 'val_loss': 17.796, 'total_time': 38.1, 'learn_rate': 0.008, 'dp_eps': None, 'dp_delta': None}
[2026-06-14 10:59:07,366] INFO   : {'epoch': 17.0, 'is_checkpoint': 1, 'steps': 1428, 'samples': 1449440, 'trn_loss': 17.1886, 'val_loss': 17.1038, 'total_time': 61.0, 'learn_rate': 0.00566, 'dp_eps': None, 'dp_delta': None}
[2026-06-14 10:59:11,005] INFO   : {'epoch': 18.0, 'is_checkpoint': 1, 'steps': 1512, 'samples': 1534654, 'trn_loss': 17.1656, 'val_loss': 17.1013, 'total_time': 64.6, 'learn_rate': 0.00566, 'dp_eps': None, 'dp_delta': None}
[2026-06-14 10:59:11,769] INFO   : {'epoch': 7.0, 'is_checkpoint': 1, 'steps': 588, 'samples': 1193358, 'trn_loss': 18.0148, 'val_loss': 17.7469, 'total_time': 44.4, 'learn_rate': 0.008, 'dp_eps': None, 'dp_delta': None}
[2026-06-14 10:59:14,677] INFO   : {'epoch': 19.0, 'is_checkpoint': 1, 'steps': 1596, 'samples': 1619868, 'trn_loss': 17.1587, 'val_loss': 17.0946, 'total_time': 68.3, 'learn_rate': 0.00566, 'dp_eps': None, 'dp_delta': None}
[2026-06-14 10:59:15,949] INFO   : {'epoch': 2.0, 'is_checkpoint': 1, 'steps': 416, 'samples': 1700230, 'trn_loss': 17.3006, 'val_loss': 17.0508, 'total_time': 64.2, 'learn_rate': 0.01131, 'dp_eps': None, 'dp_delta': None}
[2026-06-14 10:59:18,069] INFO   : {'epoch': 20.0, 'is_checkpoint': 1, 'steps': 1680, 'samples': 1705082, 'trn_loss': 17.1605, 'val_loss': 17.0687, 'total_time': 71.7, 'learn_rate': 0.00566, 'dp_eps': None, 'dp_delta': None}
[2026-06-14 10:59:18,332] INFO   : {'epoch': 8.0, 'is_checkpoint': 1, 'steps': 672, 'samples': 1363579, 'trn_loss': 17.9716, 'val_loss': 17.7165, 'total_time': 51.0, 'learn_rate': 0.008, 'dp_eps': None, 'dp_delta': None}
[2026-06-14 10:59:21,723] INFO   : {'epoch': 21.0, 'is_checkpoint': 1, 'steps': 1764, 'samples': 1790296, 'trn_loss': 17.182, 'val_loss': 17.0442, 'total_time': 75.3, 'learn_rate': 0.00566, 'dp_eps': None, 'dp_delta': None}
[2026-06-14 10:59:24,625] INFO   : {'epoch': 9.0, 'is_checkpoint': 1, 'steps': 756, 'samples': 1533800, 'trn_loss': 17.9478, 'val_loss': 17.685, 'total_time': 57.3, 'learn_rate': 0.008, 'dp_eps': None, 'dp_delta': None}
[2026-06-14 10:59:25,379] INFO   : {'epoch': 22.0, 'is_checkpoint': 0, 'steps': 1848, 'samples': 1875510, 'trn_loss': 17.1348, 'val_loss': 17.0586, 'total_time': 79.0, 'learn_rate': 0.00566, 'dp_eps': None, 'dp_delta': None}
[2026-06-14 10:59:28,761] INFO   : {'epoch': 23.0, 'is_checkpoint': 0, 'steps': 1932, 'samples': 1960724, 'trn_loss': 17.1447, 'val_loss': 17.0665, 'total_time': 82.3, 'learn_rate': 0.00566, 'dp_eps': None, 'dp_delta': None}
[2026-06-14 10:59:30,908] INFO   : {'epoch': 10.0, 'is_checkpoint': 1, 'steps': 840, 'samples': 1704021, 'trn_loss': 17.8993, 'val_loss': 17.6807, 'total_time': 63.5, 'learn_rate': 0.008, 'dp_eps': None, 'dp_delta': None}
[2026-06-14 10:59:32,398] INFO   : {'epoch': 24.0, 'is_checkpoint': 0, 'steps': 2016, 'samples': 2045938, 'trn_loss': 17.1213, 'val_loss': 17.0536, 'total_time': 86.0, 'learn_rate': 0.00566, 'dp_eps': None, 'dp_delta': None}
[2026-06-14 10:59:36,057] INFO   : {'epoch': 25.0, 'is_checkpoint': 1, 'steps': 2100, 'samples': 2131152, 'trn_loss': 17.1003, 'val_loss': 17.0198, 'total_time': 89.6, 'learn_rate': 0.00283, 'dp_eps': None, 'dp_delta': None}
[2026-06-14 10:59:37,170] INFO   : {'epoch': 11.0, 'is_checkpoint': 1, 'steps': 924, 'samples': 1874242, 'trn_loss': 17.9056, 'val_loss': 17.6532, 'total_time': 69.8, 'learn_rate': 0.008, 'dp_eps': None, 'dp_delta': None}
[2026-06-14 10:59:39,454] INFO   : {'epoch': 26.0, 'is_checkpoint': 1, 'steps': 2184, 'samples': 2216366, 'trn_loss': 17.0799, 'val_loss': 17.0163, 'total_time': 93.0, 'learn_rate': 0.00283, 'dp_eps': None, 'dp_delta': None}
[2026-06-14 10:59:43,096] INFO   : {'epoch': 27.0, 'is_checkpoint': 1, 'steps': 2268, 'samples': 2301580, 'trn_loss': 17.0629, 'val_loss': 17.0075, 'total_time': 96.7, 'learn_rate': 0.00283, 'dp_eps': None, 'dp_delta': None}
[2026-06-14 10:59:43,718] INFO   : {'epoch': 12.0, 'is_checkpoint': 1, 'steps': 1008, 'samples': 2044463, 'trn_loss': 17.8848, 'val_loss': 17.6463, 'total_time': 76.3, 'learn_rate': 0.008, 'dp_eps': None, 'dp_delta': None}
[2026-06-14 10:59:46,751] INFO   : {'epoch': 28.0, 'is_checkpoint': 0, 'steps': 2352, 'samples': 2386794, 'trn_loss': 17.0641, 'val_loss': 17.0109, 'total_time': 100.3, 'learn_rate': 0.00283, 'dp_eps': None, 'dp_delta': None}
[2026-06-14 10:59:47,272] INFO   : {'epoch': 3.0, 'is_checkpoint': 1, 'steps': 624, 'samples': 2548492, 'trn_loss': 17.1684, 'val_loss': 16.9751, 'total_time': 95.5, 'learn_rate': 0.01131, 'dp_eps': None, 'dp_delta': None}
[2026-06-14 10:59:50,015] INFO   : {'epoch': 13.0, 'is_checkpoint': 1, 'steps': 1092, 'samples': 2214684, 'trn_loss': 17.8664, 'val_loss': 17.6142, 'total_time': 82.6, 'learn_rate': 0.008, 'dp_eps': None, 'dp_delta': None}
[2026-06-14 10:59:50,135] INFO   : {'epoch': 29.0, 'is_checkpoint': 0, 'steps': 2436, 'samples': 2472008, 'trn_loss': 17.0752, 'val_loss': 17.0163, 'total_time': 103.7, 'learn_rate': 0.00283, 'dp_eps': None, 'dp_delta': None}
[2026-06-14 10:59:52,443] INFO   : {'epoch': 1.0, 'is_checkpoint': 1, 'steps': 416, 'samples': 1703936, 'trn_loss': 18.3925, 'val_loss': 17.6944, 'total_time': 67.1, 'learn_rate': 0.01131, 'dp_eps': None, 'dp_delta': None}
[2026-06-14 10:59:53,753] INFO   : {'epoch': 30.0, 'is_checkpoint': 0, 'steps': 2520, 'samples': 2557222, 'trn_loss': 17.056, 'val_loss': 17.0127, 'total_time': 107.3, 'learn_rate': 0.00283, 'dp_eps': None, 'dp_delta': None}
[2026-06-14 10:59:56,272] INFO   : {'epoch': 14.0, 'is_checkpoint': 0, 'steps': 1176, 'samples': 2384905, 'trn_loss': 17.8416, 'val_loss': 17.6201, 'total_time': 88.9, 'learn_rate': 0.008, 'dp_eps': None, 'dp_delta': None}
[2026-06-14 10:59:57,412] INFO   : {'epoch': 31.0, 'is_checkpoint': 1, 'steps': 2604, 'samples': 2642436, 'trn_loss': 17.0441, 'val_loss': 16.9954, 'total_time': 111.0, 'learn_rate': 0.001415, 'dp_eps': None, 'dp_delta': None}
[2026-06-14 11:00:00,810] INFO   : {'epoch': 32.0, 'is_checkpoint': 1, 'steps': 2688, 'samples': 2727650, 'trn_loss': 17.0502, 'val_loss': 16.9729, 'total_time': 114.4, 'learn_rate': 0.001415, 'dp_eps': None, 'dp_delta': None}
[2026-06-14 11:00:02,536] INFO   : {'epoch': 15.0, 'is_checkpoint': 1, 'steps': 1260, 'samples': 2555126, 'trn_loss': 17.8379, 'val_loss': 17.6024, 'total_time': 95.2, 'learn_rate': 0.008, 'dp_eps': None, 'dp_delta': None}
[2026-06-14 11:00:04,446] INFO   : {'epoch': 33.0, 'is_checkpoint': 0, 'steps': 2772, 'samples': 2812864, 'trn_loss': 17.0325, 'val_loss': 16.9836, 'total_time': 118.0, 'learn_rate': 0.001415, 'dp_eps': None, 'dp_delta': None}
[2026-06-14 11:00:08,079] INFO   : {'epoch': 34.0, 'is_checkpoint': 0, 'steps': 2856, 'samples': 2898078, 'trn_loss': 17.0167, 'val_loss': 16.9932, 'total_time': 121.7, 'learn_rate': 0.001415, 'dp_eps': None, 'dp_delta': None}
[2026-06-14 11:00:09,090] INFO   : {'epoch': 16.0, 'is_checkpoint': 1, 'steps': 1344, 'samples': 2725347, 'trn_loss': 17.8289, 'val_loss': 17.5827, 'total_time': 101.7, 'learn_rate': 0.008, 'dp_eps': None, 'dp_delta': None}
[2026-06-14 11:00:11,462] INFO   : {'epoch': 35.0, 'is_checkpoint': 0, 'steps': 2940, 'samples': 2983292, 'trn_loss': 17.0195, 'val_loss': 16.9846, 'total_time': 125.1, 'learn_rate': 0.001415, 'dp_eps': None, 'dp_delta': None}
[2026-06-14 11:00:15,100] INFO   : {'epoch': 36.0, 'is_checkpoint': 0, 'steps': 3024, 'samples': 3068506, 'trn_loss': 17.0145, 'val_loss': 16.9835, 'total_time': 128.7, 'learn_rate': 0.000708, 'dp_eps': None, 'dp_delta': None}
[2026-06-14 11:00:15,376] INFO   : {'epoch': 17.0, 'is_checkpoint': 0, 'steps': 1428, 'samples': 2895568, 'trn_loss': 17.8016, 'val_loss': 17.597, 'total_time': 108.0, 'learn_rate': 0.008, 'dp_eps': None, 'dp_delta': None}
[2026-06-14 11:00:18,733] INFO   : early stopping: val_loss stopped improving
[2026-06-14 11:00:18,733] INFO   : {'epoch': 37.0, 'is_checkpoint': 0, 'steps': 3108, 'samples': 3153720, 'trn_loss': 17.0082, 'val_loss': 16.9785, 'total_time': 132.3, 'learn_rate': 0.000708, 'dp_eps': None, 'dp_delta': None}
[2026-06-14 11:00:18,762] INFO   : TRAIN_TABULAR finished in 132.67s
[2026-06-14 11:00:18,793] INFO   : {'epoch': 4.0, 'is_checkpoint': 1, 'steps': 832, 'samples': 3396754, 'trn_loss': 17.1027, 'val_loss': 16.909, 'total_time': 127.0, 'learn_rate': 0.01131, 'dp_eps': None, 'dp_delta': None}
2026-06-14 11:00:19 [INFO] paysim — [fold=0] ✔ DONE  train_m2  (136.6s)
2026-06-14 11:00:20 [INFO] paysim — [fold=0] Waiting for M3 subprocess (pid=50152) …
[2026-06-14 11:00:21,636] INFO   : {'epoch': 18.0, 'is_checkpoint': 0, 'steps': 1512, 'samples': 3065789, 'trn_loss': 17.7922, 'val_loss': 17.5921, 'total_time': 114.3, 'learn_rate': 0.008, 'dp_eps': None, 'dp_delta': None}
[2026-06-14 11:00:27,776] INFO   : {'epoch': 19.0, 'is_checkpoint': 1, 'steps': 1596, 'samples': 3236010, 'trn_loss': 17.7961, 'val_loss': 17.5702, 'total_time': 120.4, 'learn_rate': 0.008, 'dp_eps': None, 'dp_delta': None}
[2026-06-14 11:00:33,936] INFO   : {'epoch': 20.0, 'is_checkpoint': 1, 'steps': 1680, 'samples': 3406231, 'trn_loss': 17.7923, 'val_loss': 17.5611, 'total_time': 126.6, 'learn_rate': 0.008, 'dp_eps': None, 'dp_delta': None}
[2026-06-14 11:00:40,059] INFO   : {'epoch': 21.0, 'is_checkpoint': 1, 'steps': 1764, 'samples': 3576452, 'trn_loss': 17.7829, 'val_loss': 17.5569, 'total_time': 132.7, 'learn_rate': 0.008, 'dp_eps': None, 'dp_delta': None}
[2026-06-14 11:00:46,184] INFO   : {'epoch': 22.0, 'is_checkpoint': 1, 'steps': 1848, 'samples': 3746673, 'trn_loss': 17.7526, 'val_loss': 17.554, 'total_time': 138.8, 'learn_rate': 0.008, 'dp_eps': None, 'dp_delta': None}
[2026-06-14 11:00:49,435] INFO   : {'epoch': 5.0, 'is_checkpoint': 1, 'steps': 1040, 'samples': 4245016, 'trn_loss': 17.0675, 'val_loss': 16.8963, 'total_time': 157.7, 'learn_rate': 0.01131, 'dp_eps': None, 'dp_delta': None}
[2026-06-14 11:00:52,566] INFO   : {'epoch': 23.0, 'is_checkpoint': 1, 'steps': 1932, 'samples': 3916894, 'trn_loss': 17.7812, 'val_loss': 17.5364, 'total_time': 145.2, 'learn_rate': 0.008, 'dp_eps': None, 'dp_delta': None}
[2026-06-14 11:00:57,494] INFO   : {'epoch': 2.0, 'is_checkpoint': 1, 'steps': 832, 'samples': 3407554, 'trn_loss': 17.8129, 'val_loss': 17.5576, 'total_time': 132.1, 'learn_rate': 0.01131, 'dp_eps': None, 'dp_delta': None}
[2026-06-14 11:00:58,693] INFO   : {'epoch': 24.0, 'is_checkpoint': 0, 'steps': 2016, 'samples': 4087115, 'trn_loss': 17.7638, 'val_loss': 17.5365, 'total_time': 151.3, 'learn_rate': 0.008, 'dp_eps': None, 'dp_delta': None}
[2026-06-14 11:01:04,833] INFO   : {'epoch': 25.0, 'is_checkpoint': 0, 'steps': 2100, 'samples': 4257336, 'trn_loss': 17.7323, 'val_loss': 17.5492, 'total_time': 157.5, 'learn_rate': 0.008, 'dp_eps': None, 'dp_delta': None}
[2026-06-14 11:01:11,265] INFO   : {'epoch': 26.0, 'is_checkpoint': 1, 'steps': 2184, 'samples': 4427557, 'trn_loss': 17.758, 'val_loss': 17.5098, 'total_time': 163.9, 'learn_rate': 0.008, 'dp_eps': None, 'dp_delta': None}
[2026-06-14 11:01:17,414] INFO   : {'epoch': 27.0, 'is_checkpoint': 0, 'steps': 2268, 'samples': 4597778, 'trn_loss': 17.7244, 'val_loss': 17.5273, 'total_time': 170.0, 'learn_rate': 0.008, 'dp_eps': None, 'dp_delta': None}
[2026-06-14 11:01:19,516] INFO   : {'epoch': 6.0, 'is_checkpoint': 0, 'steps': 1248, 'samples': 5093278, 'trn_loss': 17.0393, 'val_loss': 16.8966, 'total_time': 187.8, 'learn_rate': 0.01131, 'dp_eps': None, 'dp_delta': None}
[2026-06-14 11:01:23,548] INFO   : {'epoch': 28.0, 'is_checkpoint': 1, 'steps': 2352, 'samples': 4767999, 'trn_loss': 17.7369, 'val_loss': 17.5021, 'total_time': 176.2, 'learn_rate': 0.008, 'dp_eps': None, 'dp_delta': None}
[2026-06-14 11:01:29,938] INFO   : {'epoch': 29.0, 'is_checkpoint': 0, 'steps': 2436, 'samples': 4938220, 'trn_loss': 17.7252, 'val_loss': 17.5111, 'total_time': 182.6, 'learn_rate': 0.008, 'dp_eps': None, 'dp_delta': None}
[2026-06-14 11:01:36,080] INFO   : {'epoch': 30.0, 'is_checkpoint': 0, 'steps': 2520, 'samples': 5108441, 'trn_loss': 17.7358, 'val_loss': 17.5218, 'total_time': 188.7, 'learn_rate': 0.008, 'dp_eps': None, 'dp_delta': None}
[2026-06-14 11:01:42,194] INFO   : {'epoch': 31.0, 'is_checkpoint': 0, 'steps': 2604, 'samples': 5278662, 'trn_loss': 17.7351, 'val_loss': 17.5156, 'total_time': 194.8, 'learn_rate': 0.008, 'dp_eps': None, 'dp_delta': None}
[2026-06-14 11:01:48,304] INFO   : {'epoch': 32.0, 'is_checkpoint': 1, 'steps': 2688, 'samples': 5448883, 'trn_loss': 17.6879, 'val_loss': 17.4716, 'total_time': 200.9, 'learn_rate': 0.004, 'dp_eps': None, 'dp_delta': None}
[2026-06-14 11:01:50,155] INFO   : {'epoch': 7.0, 'is_checkpoint': 1, 'steps': 1456, 'samples': 5941540, 'trn_loss': 17.0228, 'val_loss': 16.8553, 'total_time': 218.4, 'learn_rate': 0.01131, 'dp_eps': None, 'dp_delta': None}
[2026-06-14 11:01:54,689] INFO   : {'epoch': 33.0, 'is_checkpoint': 0, 'steps': 2772, 'samples': 5619104, 'trn_loss': 17.6751, 'val_loss': 17.4742, 'total_time': 207.3, 'learn_rate': 0.004, 'dp_eps': None, 'dp_delta': None}
[2026-06-14 11:02:00,813] INFO   : {'epoch': 34.0, 'is_checkpoint': 1, 'steps': 2856, 'samples': 5789325, 'trn_loss': 17.67, 'val_loss': 17.4584, 'total_time': 213.4, 'learn_rate': 0.004, 'dp_eps': None, 'dp_delta': None}
[2026-06-14 11:02:01,433] INFO   : {'epoch': 3.0, 'is_checkpoint': 1, 'steps': 1248, 'samples': 5111172, 'trn_loss': 17.7135, 'val_loss': 17.4765, 'total_time': 196.1, 'learn_rate': 0.01131, 'dp_eps': None, 'dp_delta': None}
[2026-06-14 11:02:06,948] INFO   : {'epoch': 35.0, 'is_checkpoint': 0, 'steps': 2940, 'samples': 5959546, 'trn_loss': 17.6647, 'val_loss': 17.4739, 'total_time': 219.6, 'learn_rate': 0.004, 'dp_eps': None, 'dp_delta': None}
[2026-06-14 11:02:13,083] INFO   : {'epoch': 36.0, 'is_checkpoint': 0, 'steps': 3024, 'samples': 6129767, 'trn_loss': 17.646, 'val_loss': 17.4639, 'total_time': 225.7, 'learn_rate': 0.004, 'dp_eps': None, 'dp_delta': None}
[2026-06-14 11:02:19,529] INFO   : {'epoch': 37.0, 'is_checkpoint': 1, 'steps': 3108, 'samples': 6299988, 'trn_loss': 17.6753, 'val_loss': 17.4509, 'total_time': 232.2, 'learn_rate': 0.004, 'dp_eps': None, 'dp_delta': None}
[2026-06-14 11:02:20,710] INFO   : {'epoch': 8.0, 'is_checkpoint': 1, 'steps': 1664, 'samples': 6789802, 'trn_loss': 17.0115, 'val_loss': 16.8473, 'total_time': 249.0, 'learn_rate': 0.01131, 'dp_eps': None, 'dp_delta': None}
[2026-06-14 11:02:25,676] INFO   : {'epoch': 38.0, 'is_checkpoint': 0, 'steps': 3192, 'samples': 6470209, 'trn_loss': 17.6534, 'val_loss': 17.4621, 'total_time': 238.3, 'learn_rate': 0.004, 'dp_eps': None, 'dp_delta': None}
[2026-06-14 11:02:31,812] INFO   : {'epoch': 39.0, 'is_checkpoint': 0, 'steps': 3276, 'samples': 6640430, 'trn_loss': 17.6561, 'val_loss': 17.4533, 'total_time': 244.4, 'learn_rate': 0.004, 'dp_eps': None, 'dp_delta': None}
[2026-06-14 11:02:37,972] INFO   : {'epoch': 40.0, 'is_checkpoint': 1, 'steps': 3360, 'samples': 6810651, 'trn_loss': 17.6754, 'val_loss': 17.4406, 'total_time': 250.6, 'learn_rate': 0.004, 'dp_eps': None, 'dp_delta': None}
[2026-06-14 11:02:44,113] INFO   : {'epoch': 41.0, 'is_checkpoint': 1, 'steps': 3444, 'samples': 6980872, 'trn_loss': 17.6389, 'val_loss': 17.4266, 'total_time': 256.7, 'learn_rate': 0.004, 'dp_eps': None, 'dp_delta': None}
[2026-06-14 11:02:50,237] INFO   : {'epoch': 42.0, 'is_checkpoint': 0, 'steps': 3528, 'samples': 7151093, 'trn_loss': 17.6378, 'val_loss': 17.4425, 'total_time': 262.9, 'learn_rate': 0.004, 'dp_eps': None, 'dp_delta': None}
[2026-06-14 11:02:51,160] INFO   : {'epoch': 9.0, 'is_checkpoint': 0, 'steps': 1872, 'samples': 7638064, 'trn_loss': 16.9977, 'val_loss': 16.8515, 'total_time': 279.4, 'learn_rate': 0.01131, 'dp_eps': None, 'dp_delta': None}
[2026-06-14 11:02:56,356] INFO   : {'epoch': 43.0, 'is_checkpoint': 0, 'steps': 3612, 'samples': 7321314, 'trn_loss': 17.6401, 'val_loss': 17.4596, 'total_time': 269.0, 'learn_rate': 0.004, 'dp_eps': None, 'dp_delta': None}
[2026-06-14 11:03:02,646] INFO   : {'epoch': 44.0, 'is_checkpoint': 0, 'steps': 3696, 'samples': 7491535, 'trn_loss': 17.653, 'val_loss': 17.4416, 'total_time': 275.3, 'learn_rate': 0.004, 'dp_eps': None, 'dp_delta': None}
[2026-06-14 11:03:05,960] INFO   : {'epoch': 4.0, 'is_checkpoint': 1, 'steps': 1664, 'samples': 6814790, 'trn_loss': 17.6687, 'val_loss': 17.444, 'total_time': 260.6, 'learn_rate': 0.01131, 'dp_eps': None, 'dp_delta': None}
[2026-06-14 11:03:09,237] INFO   : {'epoch': 45.0, 'is_checkpoint': 1, 'steps': 3780, 'samples': 7661756, 'trn_loss': 17.6139, 'val_loss': 17.4118, 'total_time': 281.9, 'learn_rate': 0.002, 'dp_eps': None, 'dp_delta': None}
[2026-06-14 11:03:15,746] INFO   : {'epoch': 46.0, 'is_checkpoint': 0, 'steps': 3864, 'samples': 7831977, 'trn_loss': 17.6315, 'val_loss': 17.4213, 'total_time': 288.4, 'learn_rate': 0.002, 'dp_eps': None, 'dp_delta': None}
[2026-06-14 11:03:22,444] INFO   : {'epoch': 47.0, 'is_checkpoint': 0, 'steps': 3948, 'samples': 8002198, 'trn_loss': 17.6019, 'val_loss': 17.4368, 'total_time': 295.1, 'learn_rate': 0.002, 'dp_eps': None, 'dp_delta': None}
[2026-06-14 11:03:23,029] INFO   : {'epoch': 10.0, 'is_checkpoint': 1, 'steps': 2080, 'samples': 8486326, 'trn_loss': 16.9943, 'val_loss': 16.8458, 'total_time': 311.3, 'learn_rate': 0.01131, 'dp_eps': None, 'dp_delta': None}
[2026-06-14 11:03:28,808] INFO   : {'epoch': 48.0, 'is_checkpoint': 0, 'steps': 4032, 'samples': 8172419, 'trn_loss': 17.6198, 'val_loss': 17.4231, 'total_time': 301.4, 'learn_rate': 0.002, 'dp_eps': None, 'dp_delta': None}
[2026-06-14 11:03:35,266] INFO   : {'epoch': 49.0, 'is_checkpoint': 0, 'steps': 4116, 'samples': 8342640, 'trn_loss': 17.6257, 'val_loss': 17.418, 'total_time': 307.9, 'learn_rate': 0.001, 'dp_eps': None, 'dp_delta': None}
[2026-06-14 11:03:41,664] INFO   : early stopping: val_loss stopped improving
[2026-06-14 11:03:41,665] INFO   : {'epoch': 50.0, 'is_checkpoint': 0, 'steps': 4200, 'samples': 8512861, 'trn_loss': 17.6018, 'val_loss': 17.4193, 'total_time': 314.3, 'learn_rate': 0.001, 'dp_eps': None, 'dp_delta': None}
[2026-06-14 11:03:41,719] INFO   : TRAIN_TABULAR finished in 314.76s
2026-06-14 11:03:42 [INFO] paysim — [fold=1] ✔ DONE  train_m2  (322.1s)
2026-06-14 11:03:42 [INFO] paysim — [fold=1] Waiting for M3 subprocess (pid=50335) …
[2026-06-14 11:03:54,325] INFO   : {'epoch': 11.0, 'is_checkpoint': 0, 'steps': 2288, 'samples': 9334588, 'trn_loss': 16.9871, 'val_loss': 16.8467, 'total_time': 342.6, 'learn_rate': 0.01131, 'dp_eps': None, 'dp_delta': None}
[2026-06-14 11:04:10,889] INFO   : {'epoch': 5.0, 'is_checkpoint': 1, 'steps': 2080, 'samples': 8518408, 'trn_loss': 17.6389, 'val_loss': 17.4248, 'total_time': 325.5, 'learn_rate': 0.01131, 'dp_eps': None, 'dp_delta': None}
[2026-06-14 11:04:23,695] INFO   : {'epoch': 12.0, 'is_checkpoint': 1, 'steps': 2496, 'samples': 10182850, 'trn_loss': 16.9393, 'val_loss': 16.7925, 'total_time': 371.9, 'learn_rate': 0.005655, 'dp_eps': None, 'dp_delta': None}
[2026-06-14 11:04:53,060] INFO   : {'epoch': 13.0, 'is_checkpoint': 1, 'steps': 2704, 'samples': 11031112, 'trn_loss': 16.9249, 'val_loss': 16.7895, 'total_time': 401.3, 'learn_rate': 0.005655, 'dp_eps': None, 'dp_delta': None}
[2026-06-14 11:05:12,716] INFO   : {'epoch': 6.0, 'is_checkpoint': 1, 'steps': 2496, 'samples': 10222026, 'trn_loss': 17.6171, 'val_loss': 17.4145, 'total_time': 387.3, 'learn_rate': 0.01131, 'dp_eps': None, 'dp_delta': None}
[2026-06-14 11:05:22,647] INFO   : {'epoch': 14.0, 'is_checkpoint': 1, 'steps': 2912, 'samples': 11879374, 'trn_loss': 16.9265, 'val_loss': 16.7827, 'total_time': 430.9, 'learn_rate': 0.005655, 'dp_eps': None, 'dp_delta': None}
[2026-06-14 11:05:52,148] INFO   : {'epoch': 15.0, 'is_checkpoint': 0, 'steps': 3120, 'samples': 12727636, 'trn_loss': 16.9167, 'val_loss': 16.7836, 'total_time': 460.4, 'learn_rate': 0.005655, 'dp_eps': None, 'dp_delta': None}
[2026-06-14 11:06:13,912] INFO   : {'epoch': 7.0, 'is_checkpoint': 1, 'steps': 2912, 'samples': 11925644, 'trn_loss': 17.6013, 'val_loss': 17.3875, 'total_time': 448.5, 'learn_rate': 0.01131, 'dp_eps': None, 'dp_delta': None}
[2026-06-14 11:06:21,188] INFO   : {'epoch': 16.0, 'is_checkpoint': 1, 'steps': 3328, 'samples': 13575898, 'trn_loss': 16.9175, 'val_loss': 16.7812, 'total_time': 489.4, 'learn_rate': 0.005655, 'dp_eps': None, 'dp_delta': None}
[2026-06-14 11:06:50,547] INFO   : {'epoch': 17.0, 'is_checkpoint': 1, 'steps': 3536, 'samples': 14424160, 'trn_loss': 16.9211, 'val_loss': 16.7786, 'total_time': 518.8, 'learn_rate': 0.005655, 'dp_eps': None, 'dp_delta': None}
[2026-06-14 11:07:15,862] INFO   : {'epoch': 8.0, 'is_checkpoint': 1, 'steps': 3328, 'samples': 13629262, 'trn_loss': 17.5913, 'val_loss': 17.3866, 'total_time': 510.5, 'learn_rate': 0.01131, 'dp_eps': None, 'dp_delta': None}
[2026-06-14 11:07:20,099] INFO   : {'epoch': 18.0, 'is_checkpoint': 1, 'steps': 3744, 'samples': 15272422, 'trn_loss': 16.9173, 'val_loss': 16.7738, 'total_time': 548.3, 'learn_rate': 0.005655, 'dp_eps': None, 'dp_delta': None}
[2026-06-14 11:07:49,365] INFO   : {'epoch': 19.0, 'is_checkpoint': 0, 'steps': 3952, 'samples': 16120684, 'trn_loss': 16.9102, 'val_loss': 16.7767, 'total_time': 577.6, 'learn_rate': 0.005655, 'dp_eps': None, 'dp_delta': None}
[2026-06-14 11:08:17,400] INFO   : {'epoch': 9.0, 'is_checkpoint': 1, 'steps': 3744, 'samples': 15332880, 'trn_loss': 17.578, 'val_loss': 17.3685, 'total_time': 572.0, 'learn_rate': 0.01131, 'dp_eps': None, 'dp_delta': None}
[2026-06-14 11:08:18,873] INFO   : {'epoch': 20.0, 'is_checkpoint': 1, 'steps': 4160, 'samples': 16968946, 'trn_loss': 16.9138, 'val_loss': 16.7736, 'total_time': 607.1, 'learn_rate': 0.005655, 'dp_eps': None, 'dp_delta': None}
[2026-06-14 11:08:48,298] INFO   : {'epoch': 21.0, 'is_checkpoint': 1, 'steps': 4368, 'samples': 17817208, 'trn_loss': 16.9127, 'val_loss': 16.7597, 'total_time': 636.5, 'learn_rate': 0.005655, 'dp_eps': None, 'dp_delta': None}
[2026-06-14 11:09:17,877] INFO   : {'epoch': 22.0, 'is_checkpoint': 0, 'steps': 4576, 'samples': 18665470, 'trn_loss': 16.9046, 'val_loss': 16.7677, 'total_time': 666.1, 'learn_rate': 0.005655, 'dp_eps': None, 'dp_delta': None}
[2026-06-14 11:09:18,997] INFO   : {'epoch': 10.0, 'is_checkpoint': 1, 'steps': 4160, 'samples': 17036498, 'trn_loss': 17.5689, 'val_loss': 17.3662, 'total_time': 633.6, 'learn_rate': 0.01131, 'dp_eps': None, 'dp_delta': None}
[2026-06-14 11:09:47,307] INFO   : {'epoch': 23.0, 'is_checkpoint': 0, 'steps': 4784, 'samples': 19513732, 'trn_loss': 16.9076, 'val_loss': 16.7717, 'total_time': 695.5, 'learn_rate': 0.005655, 'dp_eps': None, 'dp_delta': None}
[2026-06-14 11:10:16,403] INFO   : {'epoch': 24.0, 'is_checkpoint': 0, 'steps': 4992, 'samples': 20361994, 'trn_loss': 16.8984, 'val_loss': 16.7608, 'total_time': 724.6, 'learn_rate': 0.005655, 'dp_eps': None, 'dp_delta': None}
[2026-06-14 11:10:20,554] INFO   : {'epoch': 11.0, 'is_checkpoint': 1, 'steps': 4576, 'samples': 18740116, 'trn_loss': 17.5641, 'val_loss': 17.3619, 'total_time': 695.2, 'learn_rate': 0.01131, 'dp_eps': None, 'dp_delta': None}
[2026-06-14 11:10:45,867] INFO   : {'epoch': 25.0, 'is_checkpoint': 1, 'steps': 5200, 'samples': 21210256, 'trn_loss': 16.8826, 'val_loss': 16.7519, 'total_time': 754.1, 'learn_rate': 0.002828, 'dp_eps': None, 'dp_delta': None}
[2026-06-14 11:11:14,940] INFO   : {'epoch': 26.0, 'is_checkpoint': 0, 'steps': 5408, 'samples': 22058518, 'trn_loss': 16.881, 'val_loss': 16.7539, 'total_time': 783.2, 'learn_rate': 0.002828, 'dp_eps': None, 'dp_delta': None}
[2026-06-14 11:11:22,533] INFO   : {'epoch': 12.0, 'is_checkpoint': 1, 'steps': 4992, 'samples': 20443734, 'trn_loss': 17.5539, 'val_loss': 17.3472, 'total_time': 757.2, 'learn_rate': 0.01131, 'dp_eps': None, 'dp_delta': None}
[2026-06-14 11:11:43,898] INFO   : {'epoch': 27.0, 'is_checkpoint': 1, 'steps': 5616, 'samples': 22906780, 'trn_loss': 16.876, 'val_loss': 16.741, 'total_time': 812.1, 'learn_rate': 0.002828, 'dp_eps': None, 'dp_delta': None}
[2026-06-14 11:12:13,815] INFO   : {'epoch': 28.0, 'is_checkpoint': 1, 'steps': 5824, 'samples': 23755042, 'trn_loss': 16.8744, 'val_loss': 16.7383, 'total_time': 842.1, 'learn_rate': 0.002828, 'dp_eps': None, 'dp_delta': None}
[2026-06-14 11:12:23,894] INFO   : {'epoch': 13.0, 'is_checkpoint': 1, 'steps': 5408, 'samples': 22147352, 'trn_loss': 17.5461, 'val_loss': 17.3356, 'total_time': 818.5, 'learn_rate': 0.01131, 'dp_eps': None, 'dp_delta': None}
[2026-06-14 11:12:42,858] INFO   : {'epoch': 29.0, 'is_checkpoint': 1, 'steps': 6032, 'samples': 24603304, 'trn_loss': 16.8734, 'val_loss': 16.7381, 'total_time': 871.1, 'learn_rate': 0.002828, 'dp_eps': None, 'dp_delta': None}
[2026-06-14 11:13:12,341] INFO   : {'epoch': 30.0, 'is_checkpoint': 0, 'steps': 6240, 'samples': 25451566, 'trn_loss': 16.8754, 'val_loss': 16.7463, 'total_time': 900.6, 'learn_rate': 0.002828, 'dp_eps': None, 'dp_delta': None}
[2026-06-14 11:13:25,150] INFO   : {'epoch': 14.0, 'is_checkpoint': 0, 'steps': 5824, 'samples': 23850970, 'trn_loss': 17.5395, 'val_loss': 17.3429, 'total_time': 879.8, 'learn_rate': 0.01131, 'dp_eps': None, 'dp_delta': None}
[2026-06-14 11:13:41,525] INFO   : {'epoch': 31.0, 'is_checkpoint': 1, 'steps': 6448, 'samples': 26299828, 'trn_loss': 16.868, 'val_loss': 16.7337, 'total_time': 929.8, 'learn_rate': 0.002828, 'dp_eps': None, 'dp_delta': None}
[2026-06-14 11:14:11,452] INFO   : {'epoch': 32.0, 'is_checkpoint': 0, 'steps': 6656, 'samples': 27148090, 'trn_loss': 16.8732, 'val_loss': 16.7489, 'total_time': 959.7, 'learn_rate': 0.002828, 'dp_eps': None, 'dp_delta': None}
[2026-06-14 11:14:26,607] INFO   : {'epoch': 15.0, 'is_checkpoint': 1, 'steps': 6240, 'samples': 25554588, 'trn_loss': 17.5337, 'val_loss': 17.3244, 'total_time': 941.2, 'learn_rate': 0.01131, 'dp_eps': None, 'dp_delta': None}
[2026-06-14 11:14:40,438] INFO   : {'epoch': 33.0, 'is_checkpoint': 0, 'steps': 6864, 'samples': 27996352, 'trn_loss': 16.8728, 'val_loss': 16.7484, 'total_time': 988.7, 'learn_rate': 0.002828, 'dp_eps': None, 'dp_delta': None}
[2026-06-14 11:15:09,668] INFO   : {'epoch': 34.0, 'is_checkpoint': 1, 'steps': 7072, 'samples': 28844614, 'trn_loss': 16.8602, 'val_loss': 16.7329, 'total_time': 1017.9, 'learn_rate': 0.002828, 'dp_eps': None, 'dp_delta': None}
[2026-06-14 11:15:28,985] INFO   : {'epoch': 16.0, 'is_checkpoint': 1, 'steps': 6656, 'samples': 27258206, 'trn_loss': 17.5284, 'val_loss': 17.3205, 'total_time': 1003.6, 'learn_rate': 0.01131, 'dp_eps': None, 'dp_delta': None}
[2026-06-14 11:15:39,037] INFO   : {'epoch': 35.0, 'is_checkpoint': 0, 'steps': 7280, 'samples': 29692876, 'trn_loss': 16.8617, 'val_loss': 16.7333, 'total_time': 1047.3, 'learn_rate': 0.001414, 'dp_eps': None, 'dp_delta': None}
[2026-06-14 11:16:08,754] INFO   : {'epoch': 36.0, 'is_checkpoint': 0, 'steps': 7488, 'samples': 30541138, 'trn_loss': 16.8527, 'val_loss': 16.7353, 'total_time': 1077.0, 'learn_rate': 0.001414, 'dp_eps': None, 'dp_delta': None}
[2026-06-14 11:16:30,681] INFO   : {'epoch': 17.0, 'is_checkpoint': 0, 'steps': 7072, 'samples': 28961824, 'trn_loss': 17.5329, 'val_loss': 17.3232, 'total_time': 1065.3, 'learn_rate': 0.01131, 'dp_eps': None, 'dp_delta': None}
[2026-06-14 11:16:37,748] INFO   : {'epoch': 37.0, 'is_checkpoint': 1, 'steps': 7696, 'samples': 31389400, 'trn_loss': 16.8554, 'val_loss': 16.7284, 'total_time': 1106.0, 'learn_rate': 0.001414, 'dp_eps': None, 'dp_delta': None}
[2026-06-14 11:17:07,053] INFO   : {'epoch': 38.0, 'is_checkpoint': 0, 'steps': 7904, 'samples': 32237662, 'trn_loss': 16.8598, 'val_loss': 16.7312, 'total_time': 1135.3, 'learn_rate': 0.001414, 'dp_eps': None, 'dp_delta': None}
[2026-06-14 11:17:32,111] INFO   : {'epoch': 18.0, 'is_checkpoint': 1, 'steps': 7488, 'samples': 30665442, 'trn_loss': 17.5222, 'val_loss': 17.3164, 'total_time': 1126.7, 'learn_rate': 0.01131, 'dp_eps': None, 'dp_delta': None}
[2026-06-14 11:17:36,563] INFO   : {'epoch': 39.0, 'is_checkpoint': 1, 'steps': 8112, 'samples': 33085924, 'trn_loss': 16.8496, 'val_loss': 16.724, 'total_time': 1164.8, 'learn_rate': 0.001414, 'dp_eps': None, 'dp_delta': None}
[2026-06-14 11:18:05,994] INFO   : {'epoch': 40.0, 'is_checkpoint': 0, 'steps': 8320, 'samples': 33934186, 'trn_loss': 16.8608, 'val_loss': 16.7317, 'total_time': 1194.2, 'learn_rate': 0.001414, 'dp_eps': None, 'dp_delta': None}
[2026-06-14 11:18:32,887] INFO   : {'epoch': 19.0, 'is_checkpoint': 1, 'steps': 7904, 'samples': 32369060, 'trn_loss': 17.5225, 'val_loss': 17.3093, 'total_time': 1187.5, 'learn_rate': 0.01131, 'dp_eps': None, 'dp_delta': None}
[2026-06-14 11:18:35,426] INFO   : {'epoch': 41.0, 'is_checkpoint': 0, 'steps': 8528, 'samples': 34782448, 'trn_loss': 16.855, 'val_loss': 16.7241, 'total_time': 1223.7, 'learn_rate': 0.001414, 'dp_eps': None, 'dp_delta': None}
[2026-06-14 11:19:04,754] INFO   : {'epoch': 42.0, 'is_checkpoint': 1, 'steps': 8736, 'samples': 35630710, 'trn_loss': 16.8563, 'val_loss': 16.7228, 'total_time': 1253.0, 'learn_rate': 0.001414, 'dp_eps': None, 'dp_delta': None}
[2026-06-14 11:19:33,956] INFO   : {'epoch': 43.0, 'is_checkpoint': 1, 'steps': 8944, 'samples': 36478972, 'trn_loss': 16.844, 'val_loss': 16.7191, 'total_time': 1282.2, 'learn_rate': 0.001131, 'dp_eps': None, 'dp_delta': None}
[2026-06-14 11:19:34,856] INFO   : {'epoch': 20.0, 'is_checkpoint': 0, 'steps': 8320, 'samples': 34072678, 'trn_loss': 17.5166, 'val_loss': 17.3139, 'total_time': 1249.5, 'learn_rate': 0.01131, 'dp_eps': None, 'dp_delta': None}
[2026-06-14 11:20:03,897] INFO   : {'epoch': 44.0, 'is_checkpoint': 0, 'steps': 9152, 'samples': 37327234, 'trn_loss': 16.8479, 'val_loss': 16.7284, 'total_time': 1312.1, 'learn_rate': 0.001131, 'dp_eps': None, 'dp_delta': None}
[2026-06-14 11:20:32,894] INFO   : {'epoch': 45.0, 'is_checkpoint': 0, 'steps': 9360, 'samples': 38175496, 'trn_loss': 16.8496, 'val_loss': 16.7206, 'total_time': 1341.1, 'learn_rate': 0.001131, 'dp_eps': None, 'dp_delta': None}
[2026-06-14 11:20:36,701] INFO   : {'epoch': 21.0, 'is_checkpoint': 0, 'steps': 8736, 'samples': 35776296, 'trn_loss': 17.507, 'val_loss': 17.3216, 'total_time': 1311.3, 'learn_rate': 0.01131, 'dp_eps': None, 'dp_delta': None}
[2026-06-14 11:21:02,528] INFO   : {'epoch': 46.0, 'is_checkpoint': 0, 'steps': 9568, 'samples': 39023758, 'trn_loss': 16.8536, 'val_loss': 16.7267, 'total_time': 1370.8, 'learn_rate': 0.001131, 'dp_eps': None, 'dp_delta': None}
[2026-06-14 11:21:31,666] INFO   : {'epoch': 47.0, 'is_checkpoint': 0, 'steps': 9776, 'samples': 39872020, 'trn_loss': 16.8453, 'val_loss': 16.7218, 'total_time': 1399.9, 'learn_rate': 0.001131, 'dp_eps': None, 'dp_delta': None}
[2026-06-14 11:21:38,617] INFO   : {'epoch': 22.0, 'is_checkpoint': 0, 'steps': 9152, 'samples': 37479914, 'trn_loss': 17.5111, 'val_loss': 17.3191, 'total_time': 1373.2, 'learn_rate': 0.01131, 'dp_eps': None, 'dp_delta': None}
[2026-06-14 11:22:01,333] INFO   : early stopping: val_loss stopped improving
[2026-06-14 11:22:01,334] INFO   : {'epoch': 48.0, 'is_checkpoint': 0, 'steps': 9984, 'samples': 40720282, 'trn_loss': 16.8414, 'val_loss': 16.728, 'total_time': 1429.6, 'learn_rate': 0.001131, 'dp_eps': None, 'dp_delta': None}
[2026-06-14 11:22:01,566] INFO   : TRAIN_TABULAR finished in 1430.63s
2026-06-14 11:22:03 [INFO] paysim — [fold=0] M3 training done
2026-06-14 11:22:03 [INFO] paysim — [fold=0] ✔ DONE  train_all_argns  (1494.3s)
2026-06-14 11:22:03 [INFO] paysim — [fold=0] ▶ START generate_all_pools
2026-06-14 11:22:03 [INFO] paysim — [fold=0] GPU_M1==GPU_M2==0: M1→M2 sequential on cuda:0, M3 parallel on cuda:1
2026-06-14 11:22:03 [INFO] paysim — [fold=0] ▶ START generate_m3
2026-06-14 11:22:03 [INFO] paysim — [fold=0] ▶ START generate_m1
2026-06-14 11:22:05 [INFO] paysim — [fold=0] M1 pool: 150,000/150,000 fraud rows (round 1)
2026-06-14 11:22:06 [INFO] paysim — [fold=0] M1 pool saved: 150,000 fraud rows → /shared/paysim-sarmad/synthetic/fold_0/pool_m1.csv
2026-06-14 11:22:06 [INFO] paysim — [fold=0] ✔ DONE  generate_m1  (2.4s)
2026-06-14 11:22:06 [INFO] paysim — [fold=0] ▶ START generate_m2
2026-06-14 11:22:06 [INFO] paysim — [fold=0] M2 pool: 482/150,000 fraud rows (round 1)
2026-06-14 11:22:07 [INFO] paysim — [fold=0] M2 pool: 1,009/150,000 fraud rows (round 2)
2026-06-14 11:22:07 [INFO] paysim — [fold=0] M2 pool: 1,509/150,000 fraud rows (round 3)
2026-06-14 11:22:08 [INFO] paysim — [fold=0] M2 pool: 2,024/150,000 fraud rows (round 4)
2026-06-14 11:22:08 [INFO] paysim — [fold=0] M2 pool: 2,564/150,000 fraud rows (round 5)
2026-06-14 11:22:09 [INFO] paysim — [fold=0] M2 pool: 3,072/150,000 fraud rows (round 6)
2026-06-14 11:22:09 [INFO] paysim — [fold=0] M2 pool: 3,558/150,000 fraud rows (round 7)
2026-06-14 11:22:10 [INFO] paysim — [fold=0] M2 pool: 4,051/150,000 fraud rows (round 8)
2026-06-14 11:22:10 [INFO] paysim — [fold=0] M2 pool: 4,557/150,000 fraud rows (round 9)
2026-06-14 11:22:11 [INFO] paysim — [fold=0] M2 pool: 5,090/150,000 fraud rows (round 10)
2026-06-14 11:22:11 [INFO] paysim — [fold=0] M2 pool: 5,608/150,000 fraud rows (round 11)
2026-06-14 11:22:12 [INFO] paysim — [fold=0] M2 pool: 6,120/150,000 fraud rows (round 12)
2026-06-14 11:22:12 [INFO] paysim — [fold=0] M2 pool: 6,650/150,000 fraud rows (round 13)
2026-06-14 11:22:13 [INFO] paysim — [fold=0] M2 pool: 7,130/150,000 fraud rows (round 14)
2026-06-14 11:22:13 [INFO] paysim — [fold=0] M2 pool: 7,624/150,000 fraud rows (round 15)
2026-06-14 11:22:14 [INFO] paysim — [fold=0] M2 pool: 8,129/150,000 fraud rows (round 16)
2026-06-14 11:22:14 [INFO] paysim — [fold=0] M2 pool: 8,633/150,000 fraud rows (round 17)
2026-06-14 11:22:15 [INFO] paysim — [fold=0] M2 pool: 9,171/150,000 fraud rows (round 18)
2026-06-14 11:22:15 [INFO] paysim — [fold=0] M2 pool: 9,673/150,000 fraud rows (round 19)
2026-06-14 11:22:16 [INFO] paysim — [fold=0] M2 pool: 10,167/150,000 fraud rows (round 20)
2026-06-14 11:22:16 [INFO] paysim — [fold=0] M2 pool: 10,619/150,000 fraud rows (round 21)
2026-06-14 11:22:17 [INFO] paysim — [fold=0] M2 pool: 11,080/150,000 fraud rows (round 22)
2026-06-14 11:22:17 [INFO] paysim — [fold=0] M2 pool: 11,582/150,000 fraud rows (round 23)
2026-06-14 11:22:18 [INFO] paysim — [fold=0] M2 pool: 12,080/150,000 fraud rows (round 24)
2026-06-14 11:22:18 [INFO] paysim — [fold=0] M2 pool: 12,605/150,000 fraud rows (round 25)
2026-06-14 11:22:19 [INFO] paysim — [fold=0] M2 pool: 13,109/150,000 fraud rows (round 26)
2026-06-14 11:22:19 [INFO] paysim — [fold=0] M2 pool: 13,611/150,000 fraud rows (round 27)
2026-06-14 11:22:20 [INFO] paysim — [fold=0] M2 pool: 14,102/150,000 fraud rows (round 28)
2026-06-14 11:22:20 [INFO] paysim — [fold=0] M2 pool: 14,586/150,000 fraud rows (round 29)
2026-06-14 11:22:21 [INFO] paysim — [fold=0] M2 pool: 15,081/150,000 fraud rows (round 30)
2026-06-14 11:22:22 [INFO] paysim — [fold=0] M2 pool: 15,585/150,000 fraud rows (round 31)
2026-06-14 11:22:23 [INFO] paysim — [fold=0] M2 pool: 16,099/150,000 fraud rows (round 32)
2026-06-14 11:22:24 [INFO] paysim — [fold=0] M2 pool: 16,595/150,000 fraud rows (round 33)
2026-06-14 11:22:24 [INFO] paysim — [fold=0] M2 pool: 17,105/150,000 fraud rows (round 34)
2026-06-14 11:22:25 [INFO] paysim — [fold=0] M2 pool: 17,642/150,000 fraud rows (round 35)
2026-06-14 11:22:25 [INFO] paysim — [fold=0] M2 pool: 18,129/150,000 fraud rows (round 36)
2026-06-14 11:22:26 [INFO] paysim — [fold=0] M2 pool: 18,619/150,000 fraud rows (round 37)
2026-06-14 11:22:26 [INFO] paysim — [fold=0] M2 pool: 19,128/150,000 fraud rows (round 38)
2026-06-14 11:22:27 [INFO] paysim — [fold=0] M2 pool: 19,650/150,000 fraud rows (round 39)
2026-06-14 11:22:27 [INFO] paysim — [fold=0] M2 pool: 20,140/150,000 fraud rows (round 40)
2026-06-14 11:22:28 [INFO] paysim — [fold=0] M2 pool: 20,644/150,000 fraud rows (round 41)
2026-06-14 11:22:28 [INFO] paysim — [fold=0] M2 pool: 21,186/150,000 fraud rows (round 42)
2026-06-14 11:22:29 [INFO] paysim — [fold=0] M2 pool: 21,696/150,000 fraud rows (round 43)
2026-06-14 11:22:29 [INFO] paysim — [fold=0] M2 pool: 22,185/150,000 fraud rows (round 44)
2026-06-14 11:22:30 [INFO] paysim — [fold=0] M2 pool: 22,693/150,000 fraud rows (round 45)
2026-06-14 11:22:30 [INFO] paysim — [fold=0] M2 pool: 23,229/150,000 fraud rows (round 46)
2026-06-14 11:22:31 [INFO] paysim — [fold=0] M2 pool: 23,744/150,000 fraud rows (round 47)
2026-06-14 11:22:31 [INFO] paysim — [fold=0] M2 pool: 24,276/150,000 fraud rows (round 48)
2026-06-14 11:22:32 [INFO] paysim — [fold=0] M2 pool: 24,759/150,000 fraud rows (round 49)
2026-06-14 11:22:32 [INFO] paysim — [fold=0] M2 pool: 25,264/150,000 fraud rows (round 50)
2026-06-14 11:22:33 [INFO] paysim — [fold=0] M2 pool: 25,734/150,000 fraud rows (round 51)
2026-06-14 11:22:33 [INFO] paysim — [fold=0] M2 pool: 26,248/150,000 fraud rows (round 52)
2026-06-14 11:22:34 [INFO] paysim — [fold=0] M2 pool: 26,731/150,000 fraud rows (round 53)
2026-06-14 11:22:34 [INFO] paysim — [fold=0] M2 pool: 27,232/150,000 fraud rows (round 54)
2026-06-14 11:22:35 [INFO] paysim — [fold=0] M2 pool: 27,716/150,000 fraud rows (round 55)
2026-06-14 11:22:35 [INFO] paysim — [fold=0] M2 pool: 28,228/150,000 fraud rows (round 56)
2026-06-14 11:22:36 [INFO] paysim — [fold=0] M2 pool: 28,791/150,000 fraud rows (round 57)
2026-06-14 11:22:36 [INFO] paysim — [fold=0] M2 pool: 29,306/150,000 fraud rows (round 58)
2026-06-14 11:22:37 [INFO] paysim — [fold=0] M2 pool: 29,834/150,000 fraud rows (round 59)
2026-06-14 11:22:37 [INFO] paysim — [fold=0] M2 pool: 30,362/150,000 fraud rows (round 60)
2026-06-14 11:22:38 [INFO] paysim — [fold=0] M2 pool: 30,881/150,000 fraud rows (round 61)
2026-06-14 11:22:38 [INFO] paysim — [fold=0] M2 pool: 31,314/150,000 fraud rows (round 62)
2026-06-14 11:22:39 [INFO] paysim — [fold=0] M2 pool: 31,833/150,000 fraud rows (round 63)
[2026-06-14 11:22:40,269] INFO   : {'epoch': 23.0, 'is_checkpoint': 1, 'steps': 9568, 'samples': 39183532, 'trn_loss': 17.4645, 'val_loss': 17.2638, 'total_time': 1434.9, 'learn_rate': 0.005655, 'dp_eps': None, 'dp_delta': None}
2026-06-14 11:22:40 [INFO] paysim — [fold=0] M2 pool: 32,340/150,000 fraud rows (round 64)
2026-06-14 11:22:42 [INFO] paysim — [fold=0] M2 pool: 32,832/150,000 fraud rows (round 65)
2026-06-14 11:22:42 [INFO] paysim — [fold=0] M2 pool: 33,316/150,000 fraud rows (round 66)
2026-06-14 11:22:43 [INFO] paysim — [fold=0] M2 pool: 33,799/150,000 fraud rows (round 67)
2026-06-14 11:22:43 [INFO] paysim — [fold=0] M2 pool: 34,330/150,000 fraud rows (round 68)
2026-06-14 11:22:44 [INFO] paysim — [fold=0] M2 pool: 34,850/150,000 fraud rows (round 69)
2026-06-14 11:22:44 [INFO] paysim — [fold=0] M2 pool: 35,303/150,000 fraud rows (round 70)
2026-06-14 11:22:45 [INFO] paysim — [fold=0] M2 pool: 35,801/150,000 fraud rows (round 71)
2026-06-14 11:22:45 [INFO] paysim — [fold=0] M2 pool: 36,295/150,000 fraud rows (round 72)
2026-06-14 11:22:46 [INFO] paysim — [fold=0] M2 pool: 36,803/150,000 fraud rows (round 73)
2026-06-14 11:22:46 [INFO] paysim — [fold=0] M2 pool: 37,306/150,000 fraud rows (round 74)
2026-06-14 11:22:47 [INFO] paysim — [fold=0] M2 pool: 37,827/150,000 fraud rows (round 75)
2026-06-14 11:22:47 [INFO] paysim — [fold=0] M2 pool: 38,295/150,000 fraud rows (round 76)
2026-06-14 11:22:48 [INFO] paysim — [fold=0] M2 pool: 38,779/150,000 fraud rows (round 77)
2026-06-14 11:22:48 [INFO] paysim — [fold=0] M2 pool: 39,248/150,000 fraud rows (round 78)
2026-06-14 11:22:49 [INFO] paysim — [fold=0] M2 pool: 39,767/150,000 fraud rows (round 79)
2026-06-14 11:22:49 [INFO] paysim — [fold=0] M2 pool: 40,265/150,000 fraud rows (round 80)
2026-06-14 11:22:50 [INFO] paysim — [fold=0] M2 pool: 40,766/150,000 fraud rows (round 81)
2026-06-14 11:22:50 [INFO] paysim — [fold=0] M2 pool: 41,244/150,000 fraud rows (round 82)
2026-06-14 11:22:51 [INFO] paysim — [fold=0] M2 pool: 41,709/150,000 fraud rows (round 83)
2026-06-14 11:22:51 [INFO] paysim — [fold=0] M2 pool: 42,229/150,000 fraud rows (round 84)
2026-06-14 11:22:52 [INFO] paysim — [fold=0] M2 pool: 42,740/150,000 fraud rows (round 85)
2026-06-14 11:22:52 [INFO] paysim — [fold=0] M2 pool: 43,235/150,000 fraud rows (round 86)
2026-06-14 11:22:53 [INFO] paysim — [fold=0] M2 pool: 43,764/150,000 fraud rows (round 87)
2026-06-14 11:22:53 [INFO] paysim — [fold=0] M2 pool: 44,285/150,000 fraud rows (round 88)
2026-06-14 11:22:53 [INFO] paysim — [fold=0] M2 pool: 44,773/150,000 fraud rows (round 89)
2026-06-14 11:22:54 [INFO] paysim — [fold=0] M2 pool: 45,277/150,000 fraud rows (round 90)
2026-06-14 11:22:54 [INFO] paysim — [fold=0] M2 pool: 45,807/150,000 fraud rows (round 91)
2026-06-14 11:22:55 [INFO] paysim — [fold=0] M2 pool: 46,264/150,000 fraud rows (round 92)
2026-06-14 11:22:55 [INFO] paysim — [fold=0] M2 pool: 46,735/150,000 fraud rows (round 93)
2026-06-14 11:22:56 [INFO] paysim — [fold=0] M2 pool: 47,209/150,000 fraud rows (round 94)
2026-06-14 11:22:56 [INFO] paysim — [fold=0] M2 pool: 47,752/150,000 fraud rows (round 95)
2026-06-14 11:22:58 [INFO] paysim — [fold=0] M2 pool: 48,258/150,000 fraud rows (round 96)
2026-06-14 11:22:58 [INFO] paysim — [fold=0] M2 pool: 48,701/150,000 fraud rows (round 97)
2026-06-14 11:23:00 [INFO] paysim — [fold=0] M2 pool: 49,198/150,000 fraud rows (round 98)
2026-06-14 11:23:00 [INFO] paysim — [fold=0] M2 pool: 49,700/150,000 fraud rows (round 99)
2026-06-14 11:23:01 [INFO] paysim — [fold=0] M2 pool: 50,200/150,000 fraud rows (round 100)
2026-06-14 11:23:01 [INFO] paysim — [fold=0] M2 pool: 50,685/150,000 fraud rows (round 101)
2026-06-14 11:23:02 [INFO] paysim — [fold=0] M2 pool: 51,191/150,000 fraud rows (round 102)
2026-06-14 11:23:02 [INFO] paysim — [fold=0] M2 pool: 51,684/150,000 fraud rows (round 103)
2026-06-14 11:23:03 [INFO] paysim — [fold=0] M2 pool: 52,177/150,000 fraud rows (round 104)
2026-06-14 11:23:03 [INFO] paysim — [fold=0] M2 pool: 52,668/150,000 fraud rows (round 105)
2026-06-14 11:23:04 [INFO] paysim — [fold=0] M2 pool: 53,161/150,000 fraud rows (round 106)
2026-06-14 11:23:04 [INFO] paysim — [fold=0] M2 pool: 53,695/150,000 fraud rows (round 107)
2026-06-14 11:23:05 [INFO] paysim — [fold=0] M2 pool: 54,167/150,000 fraud rows (round 108)
2026-06-14 11:23:05 [INFO] paysim — [fold=0] M2 pool: 54,668/150,000 fraud rows (round 109)
2026-06-14 11:23:06 [INFO] paysim — [fold=0] M2 pool: 55,118/150,000 fraud rows (round 110)
2026-06-14 11:23:06 [INFO] paysim — [fold=0] M2 pool: 55,620/150,000 fraud rows (round 111)
2026-06-14 11:23:07 [INFO] paysim — [fold=0] M2 pool: 56,132/150,000 fraud rows (round 112)
2026-06-14 11:23:07 [INFO] paysim — [fold=0] M2 pool: 56,667/150,000 fraud rows (round 113)
2026-06-14 11:23:08 [INFO] paysim — [fold=0] M2 pool: 57,191/150,000 fraud rows (round 114)
2026-06-14 11:23:08 [INFO] paysim — [fold=0] M2 pool: 57,723/150,000 fraud rows (round 115)
2026-06-14 11:23:09 [INFO] paysim — [fold=0] M2 pool: 58,214/150,000 fraud rows (round 116)
2026-06-14 11:23:09 [INFO] paysim — [fold=0] M2 pool: 58,717/150,000 fraud rows (round 117)
2026-06-14 11:23:10 [INFO] paysim — [fold=0] M2 pool: 59,229/150,000 fraud rows (round 118)
2026-06-14 11:23:10 [INFO] paysim — [fold=0] M2 pool: 59,759/150,000 fraud rows (round 119)
2026-06-14 11:23:11 [INFO] paysim — [fold=0] M2 pool: 60,279/150,000 fraud rows (round 120)
2026-06-14 11:23:11 [INFO] paysim — [fold=0] M2 pool: 60,826/150,000 fraud rows (round 121)
2026-06-14 11:23:12 [INFO] paysim — [fold=0] M2 pool: 61,304/150,000 fraud rows (round 122)
2026-06-14 11:23:12 [INFO] paysim — [fold=0] M2 pool: 61,785/150,000 fraud rows (round 123)
2026-06-14 11:23:13 [INFO] paysim — [fold=0] M2 pool: 62,273/150,000 fraud rows (round 124)
2026-06-14 11:23:13 [INFO] paysim — [fold=0] M2 pool: 62,761/150,000 fraud rows (round 125)
2026-06-14 11:23:14 [INFO] paysim — [fold=0] M2 pool: 63,268/150,000 fraud rows (round 126)
2026-06-14 11:23:14 [INFO] paysim — [fold=0] M2 pool: 63,741/150,000 fraud rows (round 127)
2026-06-14 11:23:15 [INFO] paysim — [fold=0] M2 pool: 64,307/150,000 fraud rows (round 128)
2026-06-14 11:23:16 [INFO] paysim — [fold=0] M2 pool: 64,802/150,000 fraud rows (round 129)
2026-06-14 11:23:16 [INFO] paysim — [fold=0] M2 pool: 65,308/150,000 fraud rows (round 130)
2026-06-14 11:23:18 [INFO] paysim — [fold=0] M2 pool: 65,833/150,000 fraud rows (round 131)
2026-06-14 11:23:18 [INFO] paysim — [fold=0] M2 pool: 66,362/150,000 fraud rows (round 132)
2026-06-14 11:23:19 [INFO] paysim — [fold=0] M2 pool: 66,871/150,000 fraud rows (round 133)
2026-06-14 11:23:19 [INFO] paysim — [fold=0] M2 pool: 67,349/150,000 fraud rows (round 134)
2026-06-14 11:23:20 [INFO] paysim — [fold=0] M2 pool: 67,832/150,000 fraud rows (round 135)
2026-06-14 11:23:20 [INFO] paysim — [fold=0] M2 pool: 68,296/150,000 fraud rows (round 136)
2026-06-14 11:23:21 [INFO] paysim — [fold=0] M2 pool: 68,829/150,000 fraud rows (round 137)
2026-06-14 11:23:21 [INFO] paysim — [fold=0] M2 pool: 69,330/150,000 fraud rows (round 138)
2026-06-14 11:23:22 [INFO] paysim — [fold=0] M2 pool: 69,820/150,000 fraud rows (round 139)
2026-06-14 11:23:22 [INFO] paysim — [fold=0] M2 pool: 70,306/150,000 fraud rows (round 140)
2026-06-14 11:23:23 [INFO] paysim — [fold=0] M2 pool: 70,835/150,000 fraud rows (round 141)
2026-06-14 11:23:23 [INFO] paysim — [fold=0] M2 pool: 71,343/150,000 fraud rows (round 142)
2026-06-14 11:23:24 [INFO] paysim — [fold=0] M2 pool: 71,835/150,000 fraud rows (round 143)
2026-06-14 11:23:24 [INFO] paysim — [fold=0] M2 pool: 72,335/150,000 fraud rows (round 144)
2026-06-14 11:23:25 [INFO] paysim — [fold=0] M2 pool: 72,799/150,000 fraud rows (round 145)
2026-06-14 11:23:25 [INFO] paysim — [fold=0] M2 pool: 73,288/150,000 fraud rows (round 146)
2026-06-14 11:23:26 [INFO] paysim — [fold=0] M2 pool: 73,808/150,000 fraud rows (round 147)
2026-06-14 11:23:26 [INFO] paysim — [fold=0] M2 pool: 74,333/150,000 fraud rows (round 148)
2026-06-14 11:23:27 [INFO] paysim — [fold=0] M2 pool: 74,830/150,000 fraud rows (round 149)
2026-06-14 11:23:27 [INFO] paysim — [fold=0] M2 pool: 75,334/150,000 fraud rows (round 150)
2026-06-14 11:23:28 [INFO] paysim — [fold=0] M2 pool: 75,800/150,000 fraud rows (round 151)
2026-06-14 11:23:28 [INFO] paysim — [fold=0] M2 pool: 76,297/150,000 fraud rows (round 152)
2026-06-14 11:23:29 [INFO] paysim — [fold=0] M2 pool: 76,788/150,000 fraud rows (round 153)
2026-06-14 11:23:29 [INFO] paysim — [fold=0] M2 pool: 77,245/150,000 fraud rows (round 154)
2026-06-14 11:23:30 [INFO] paysim — [fold=0] M2 pool: 77,732/150,000 fraud rows (round 155)
2026-06-14 11:23:30 [INFO] paysim — [fold=0] M2 pool: 78,270/150,000 fraud rows (round 156)
2026-06-14 11:23:31 [INFO] paysim — [fold=0] M2 pool: 78,837/150,000 fraud rows (round 157)
2026-06-14 11:23:31 [INFO] paysim — [fold=0] M2 pool: 79,358/150,000 fraud rows (round 158)
2026-06-14 11:23:32 [INFO] paysim — [fold=0] M2 pool: 79,869/150,000 fraud rows (round 159)
2026-06-14 11:23:32 [INFO] paysim — [fold=0] M2 pool: 80,359/150,000 fraud rows (round 160)
2026-06-14 11:23:33 [INFO] paysim — [fold=0] M2 pool: 80,861/150,000 fraud rows (round 161)
2026-06-14 11:23:34 [INFO] paysim — [fold=0] M2 pool: 81,376/150,000 fraud rows (round 162)
2026-06-14 11:23:34 [INFO] paysim — [fold=0] M2 pool: 81,857/150,000 fraud rows (round 163)
2026-06-14 11:23:36 [INFO] paysim — [fold=0] M2 pool: 82,385/150,000 fraud rows (round 164)
2026-06-14 11:23:36 [INFO] paysim — [fold=0] M2 pool: 82,898/150,000 fraud rows (round 165)
2026-06-14 11:23:37 [INFO] paysim — [fold=0] M2 pool: 83,428/150,000 fraud rows (round 166)
2026-06-14 11:23:37 [INFO] paysim — [fold=0] M2 pool: 83,919/150,000 fraud rows (round 167)
2026-06-14 11:23:38 [INFO] paysim — [fold=0] M2 pool: 84,412/150,000 fraud rows (round 168)
2026-06-14 11:23:38 [INFO] paysim — [fold=0] M2 pool: 84,893/150,000 fraud rows (round 169)
2026-06-14 11:23:39 [INFO] paysim — [fold=0] M2 pool: 85,416/150,000 fraud rows (round 170)
2026-06-14 11:23:39 [INFO] paysim — [fold=0] M2 pool: 85,959/150,000 fraud rows (round 171)
2026-06-14 11:23:40 [INFO] paysim — [fold=0] M2 pool: 86,413/150,000 fraud rows (round 172)
2026-06-14 11:23:40 [INFO] paysim — [fold=0] M2 pool: 86,927/150,000 fraud rows (round 173)
2026-06-14 11:23:41 [INFO] paysim — [fold=0] M2 pool: 87,417/150,000 fraud rows (round 174)
[2026-06-14 11:23:41,646] INFO   : {'epoch': 24.0, 'is_checkpoint': 1, 'steps': 9984, 'samples': 40887150, 'trn_loss': 17.4589, 'val_loss': 17.2606, 'total_time': 1496.3, 'learn_rate': 0.005655, 'dp_eps': None, 'dp_delta': None}
2026-06-14 11:23:41 [INFO] paysim — [fold=0] M2 pool: 87,926/150,000 fraud rows (round 175)
2026-06-14 11:23:42 [INFO] paysim — [fold=0] M2 pool: 88,425/150,000 fraud rows (round 176)
2026-06-14 11:23:42 [INFO] paysim — [fold=0] M2 pool: 88,915/150,000 fraud rows (round 177)
2026-06-14 11:23:43 [INFO] paysim — [fold=0] M2 pool: 89,408/150,000 fraud rows (round 178)
2026-06-14 11:23:43 [INFO] paysim — [fold=0] M2 pool: 89,914/150,000 fraud rows (round 179)
2026-06-14 11:23:44 [INFO] paysim — [fold=0] M2 pool: 90,394/150,000 fraud rows (round 180)
2026-06-14 11:23:44 [INFO] paysim — [fold=0] M2 pool: 90,915/150,000 fraud rows (round 181)
2026-06-14 11:23:45 [INFO] paysim — [fold=0] M2 pool: 91,416/150,000 fraud rows (round 182)
2026-06-14 11:23:45 [INFO] paysim — [fold=0] M2 pool: 91,924/150,000 fraud rows (round 183)
2026-06-14 11:23:46 [INFO] paysim — [fold=0] M2 pool: 92,425/150,000 fraud rows (round 184)
2026-06-14 11:23:46 [INFO] paysim — [fold=0] M2 pool: 92,933/150,000 fraud rows (round 185)
2026-06-14 11:23:47 [INFO] paysim — [fold=0] M2 pool: 93,453/150,000 fraud rows (round 186)
2026-06-14 11:23:47 [INFO] paysim — [fold=0] M2 pool: 93,997/150,000 fraud rows (round 187)
2026-06-14 11:23:48 [INFO] paysim — [fold=0] M2 pool: 94,507/150,000 fraud rows (round 188)
2026-06-14 11:23:48 [INFO] paysim — [fold=0] M2 pool: 95,014/150,000 fraud rows (round 189)
2026-06-14 11:23:49 [INFO] paysim — [fold=0] M2 pool: 95,480/150,000 fraud rows (round 190)
2026-06-14 11:23:49 [INFO] paysim — [fold=0] M2 pool: 95,996/150,000 fraud rows (round 191)
2026-06-14 11:23:50 [INFO] paysim — [fold=0] M2 pool: 96,494/150,000 fraud rows (round 192)
2026-06-14 11:23:50 [INFO] paysim — [fold=0] M2 pool: 97,020/150,000 fraud rows (round 193)
2026-06-14 11:23:51 [INFO] paysim — [fold=0] M2 pool: 97,506/150,000 fraud rows (round 194)
2026-06-14 11:23:52 [INFO] paysim — [fold=0] M2 pool: 97,983/150,000 fraud rows (round 195)
2026-06-14 11:23:53 [INFO] paysim — [fold=0] M2 pool: 98,517/150,000 fraud rows (round 196)
2026-06-14 11:23:54 [INFO] paysim — [fold=0] M2 pool: 99,072/150,000 fraud rows (round 197)
2026-06-14 11:23:54 [INFO] paysim — [fold=0] M2 pool: 99,615/150,000 fraud rows (round 198)
2026-06-14 11:23:55 [INFO] paysim — [fold=0] M2 pool: 100,098/150,000 fraud rows (round 199)
2026-06-14 11:23:55 [INFO] paysim — [fold=0] M2 pool: 100,604/150,000 fraud rows (round 200)
2026-06-14 11:23:56 [INFO] paysim — [fold=0] M2 pool: 101,073/150,000 fraud rows (round 201)
2026-06-14 11:23:56 [INFO] paysim — [fold=0] M2 pool: 101,564/150,000 fraud rows (round 202)
2026-06-14 11:23:57 [INFO] paysim — [fold=0] M2 pool: 102,077/150,000 fraud rows (round 203)
2026-06-14 11:23:57 [INFO] paysim — [fold=0] M2 pool: 102,560/150,000 fraud rows (round 204)
2026-06-14 11:23:58 [INFO] paysim — [fold=0] M2 pool: 103,101/150,000 fraud rows (round 205)
2026-06-14 11:23:58 [INFO] paysim — [fold=0] M2 pool: 103,603/150,000 fraud rows (round 206)
2026-06-14 11:23:59 [INFO] paysim — [fold=0] M2 pool: 104,122/150,000 fraud rows (round 207)
2026-06-14 11:23:59 [INFO] paysim — [fold=0] M2 pool: 104,623/150,000 fraud rows (round 208)
2026-06-14 11:24:00 [INFO] paysim — [fold=0] M2 pool: 105,112/150,000 fraud rows (round 209)
2026-06-14 11:24:00 [INFO] paysim — [fold=0] M2 pool: 105,599/150,000 fraud rows (round 210)
2026-06-14 11:24:01 [INFO] paysim — [fold=0] M2 pool: 106,109/150,000 fraud rows (round 211)
2026-06-14 11:24:01 [INFO] paysim — [fold=0] M2 pool: 106,583/150,000 fraud rows (round 212)
2026-06-14 11:24:02 [INFO] paysim — [fold=0] M2 pool: 107,105/150,000 fraud rows (round 213)
2026-06-14 11:24:02 [INFO] paysim — [fold=0] M2 pool: 107,616/150,000 fraud rows (round 214)
2026-06-14 11:24:03 [INFO] paysim — [fold=0] M2 pool: 108,084/150,000 fraud rows (round 215)
2026-06-14 11:24:03 [INFO] paysim — [fold=0] M2 pool: 108,603/150,000 fraud rows (round 216)
2026-06-14 11:24:04 [INFO] paysim — [fold=0] M2 pool: 109,073/150,000 fraud rows (round 217)
2026-06-14 11:24:04 [INFO] paysim — [fold=0] M2 pool: 109,581/150,000 fraud rows (round 218)
2026-06-14 11:24:05 [INFO] paysim — [fold=0] M2 pool: 110,135/150,000 fraud rows (round 219)
2026-06-14 11:24:05 [INFO] paysim — [fold=0] M2 pool: 110,648/150,000 fraud rows (round 220)
2026-06-14 11:24:06 [INFO] paysim — [fold=0] M2 pool: 111,178/150,000 fraud rows (round 221)
2026-06-14 11:24:06 [INFO] paysim — [fold=0] M2 pool: 111,639/150,000 fraud rows (round 222)
2026-06-14 11:24:07 [INFO] paysim — [fold=0] M2 pool: 112,123/150,000 fraud rows (round 223)
2026-06-14 11:24:07 [INFO] paysim — [fold=0] M2 pool: 112,608/150,000 fraud rows (round 224)
2026-06-14 11:24:08 [INFO] paysim — [fold=0] M2 pool: 113,088/150,000 fraud rows (round 225)
2026-06-14 11:24:08 [INFO] paysim — [fold=0] M2 pool: 113,589/150,000 fraud rows (round 226)
2026-06-14 11:24:09 [INFO] paysim — [fold=0] M2 pool: 114,073/150,000 fraud rows (round 227)
2026-06-14 11:24:10 [INFO] paysim — [fold=0] M2 pool: 114,554/150,000 fraud rows (round 228)
2026-06-14 11:24:11 [INFO] paysim — [fold=0] M2 pool: 115,067/150,000 fraud rows (round 229)
2026-06-14 11:24:12 [INFO] paysim — [fold=0] M2 pool: 115,584/150,000 fraud rows (round 230)
2026-06-14 11:24:12 [INFO] paysim — [fold=0] M2 pool: 116,116/150,000 fraud rows (round 231)
2026-06-14 11:24:13 [INFO] paysim — [fold=0] M2 pool: 116,617/150,000 fraud rows (round 232)
2026-06-14 11:24:13 [INFO] paysim — [fold=0] M2 pool: 117,128/150,000 fraud rows (round 233)
2026-06-14 11:24:14 [INFO] paysim — [fold=0] M2 pool: 117,600/150,000 fraud rows (round 234)
2026-06-14 11:24:14 [INFO] paysim — [fold=0] M2 pool: 118,084/150,000 fraud rows (round 235)
2026-06-14 11:24:15 [INFO] paysim — [fold=0] M2 pool: 118,585/150,000 fraud rows (round 236)
2026-06-14 11:24:15 [INFO] paysim — [fold=0] M2 pool: 119,071/150,000 fraud rows (round 237)
2026-06-14 11:24:16 [INFO] paysim — [fold=0] M2 pool: 119,608/150,000 fraud rows (round 238)
2026-06-14 11:24:16 [INFO] paysim — [fold=0] M2 pool: 120,116/150,000 fraud rows (round 239)
2026-06-14 11:24:17 [INFO] paysim — [fold=0] M2 pool: 120,620/150,000 fraud rows (round 240)
2026-06-14 11:24:17 [INFO] paysim — [fold=0] M2 pool: 121,127/150,000 fraud rows (round 241)
2026-06-14 11:24:18 [INFO] paysim — [fold=0] M2 pool: 121,672/150,000 fraud rows (round 242)
2026-06-14 11:24:18 [INFO] paysim — [fold=0] M2 pool: 122,167/150,000 fraud rows (round 243)
2026-06-14 11:24:19 [INFO] paysim — [fold=0] M2 pool: 122,649/150,000 fraud rows (round 244)
2026-06-14 11:24:19 [INFO] paysim — [fold=0] M2 pool: 123,137/150,000 fraud rows (round 245)
2026-06-14 11:24:20 [INFO] paysim — [fold=0] M2 pool: 123,604/150,000 fraud rows (round 246)
2026-06-14 11:24:20 [INFO] paysim — [fold=0] M2 pool: 124,095/150,000 fraud rows (round 247)
2026-06-14 11:24:21 [INFO] paysim — [fold=0] M2 pool: 124,563/150,000 fraud rows (round 248)
2026-06-14 11:24:21 [INFO] paysim — [fold=0] M2 pool: 125,045/150,000 fraud rows (round 249)
2026-06-14 11:24:22 [INFO] paysim — [fold=0] M2 pool: 125,524/150,000 fraud rows (round 250)
2026-06-14 11:24:22 [INFO] paysim — [fold=0] M2 pool: 125,989/150,000 fraud rows (round 251)
2026-06-14 11:24:23 [INFO] paysim — [fold=0] M2 pool: 126,492/150,000 fraud rows (round 252)
2026-06-14 11:24:23 [INFO] paysim — [fold=0] M2 pool: 126,990/150,000 fraud rows (round 253)
2026-06-14 11:24:24 [INFO] paysim — [fold=0] M2 pool: 127,467/150,000 fraud rows (round 254)
2026-06-14 11:24:24 [INFO] paysim — [fold=0] M2 pool: 127,987/150,000 fraud rows (round 255)
2026-06-14 11:24:25 [INFO] paysim — [fold=0] M2 pool: 128,493/150,000 fraud rows (round 256)
2026-06-14 11:24:25 [INFO] paysim — [fold=0] M2 pool: 128,956/150,000 fraud rows (round 257)
2026-06-14 11:24:26 [INFO] paysim — [fold=0] M2 pool: 129,464/150,000 fraud rows (round 258)
2026-06-14 11:24:26 [INFO] paysim — [fold=0] M2 pool: 129,974/150,000 fraud rows (round 259)
2026-06-14 11:24:27 [INFO] paysim — [fold=0] M2 pool: 130,484/150,000 fraud rows (round 260)
2026-06-14 11:24:28 [INFO] paysim — [fold=0] M2 pool: 130,950/150,000 fraud rows (round 261)
2026-06-14 11:24:29 [INFO] paysim — [fold=0] M2 pool: 131,438/150,000 fraud rows (round 262)
2026-06-14 11:24:30 [INFO] paysim — [fold=0] M2 pool: 131,936/150,000 fraud rows (round 263)
2026-06-14 11:24:30 [INFO] paysim — [fold=0] M2 pool: 132,456/150,000 fraud rows (round 264)
2026-06-14 11:24:31 [INFO] paysim — [fold=0] M2 pool: 132,912/150,000 fraud rows (round 265)
2026-06-14 11:24:31 [INFO] paysim — [fold=0] M2 pool: 133,417/150,000 fraud rows (round 266)
2026-06-14 11:24:32 [INFO] paysim — [fold=0] M2 pool: 133,929/150,000 fraud rows (round 267)
2026-06-14 11:24:32 [INFO] paysim — [fold=0] M2 pool: 134,452/150,000 fraud rows (round 268)
2026-06-14 11:24:33 [INFO] paysim — [fold=0] M2 pool: 134,955/150,000 fraud rows (round 269)
2026-06-14 11:24:33 [INFO] paysim — [fold=0] M2 pool: 135,483/150,000 fraud rows (round 270)
2026-06-14 11:24:34 [INFO] paysim — [fold=0] M2 pool: 136,010/150,000 fraud rows (round 271)
2026-06-14 11:24:34 [INFO] paysim — [fold=0] M2 pool: 136,542/150,000 fraud rows (round 272)
2026-06-14 11:24:35 [INFO] paysim — [fold=0] M2 pool: 137,037/150,000 fraud rows (round 273)
2026-06-14 11:24:35 [INFO] paysim — [fold=0] M2 pool: 137,525/150,000 fraud rows (round 274)
2026-06-14 11:24:36 [INFO] paysim — [fold=0] M2 pool: 138,028/150,000 fraud rows (round 275)
2026-06-14 11:24:36 [INFO] paysim — [fold=0] M2 pool: 138,518/150,000 fraud rows (round 276)
2026-06-14 11:24:37 [INFO] paysim — [fold=0] M2 pool: 139,044/150,000 fraud rows (round 277)
2026-06-14 11:24:37 [INFO] paysim — [fold=0] M2 pool: 139,519/150,000 fraud rows (round 278)
2026-06-14 11:24:38 [INFO] paysim — [fold=0] M2 pool: 139,998/150,000 fraud rows (round 279)
2026-06-14 11:24:38 [INFO] paysim — [fold=0] M2 pool: 140,474/150,000 fraud rows (round 280)
2026-06-14 11:24:39 [INFO] paysim — [fold=0] M2 pool: 140,948/150,000 fraud rows (round 281)
2026-06-14 11:24:40 [INFO] paysim — [fold=0] M2 pool: 141,467/150,000 fraud rows (round 282)
2026-06-14 11:24:40 [INFO] paysim — [fold=0] M2 pool: 141,972/150,000 fraud rows (round 283)
2026-06-14 11:24:41 [INFO] paysim — [fold=0] M2 pool: 142,475/150,000 fraud rows (round 284)
2026-06-14 11:24:41 [INFO] paysim — [fold=0] M2 pool: 142,959/150,000 fraud rows (round 285)
2026-06-14 11:24:42 [INFO] paysim — [fold=0] M2 pool: 143,455/150,000 fraud rows (round 286)
2026-06-14 11:24:42 [INFO] paysim — [fold=0] M2 pool: 143,973/150,000 fraud rows (round 287)
2026-06-14 11:24:43 [INFO] paysim — [fold=0] M2 pool: 144,496/150,000 fraud rows (round 288)
2026-06-14 11:24:43 [INFO] paysim — [fold=0] M2 pool: 145,010/150,000 fraud rows (round 289)
[2026-06-14 11:24:43,988] INFO   : {'epoch': 25.0, 'is_checkpoint': 0, 'steps': 10400, 'samples': 42590768, 'trn_loss': 17.4597, 'val_loss': 17.2706, 'total_time': 1558.6, 'learn_rate': 0.005655, 'dp_eps': None, 'dp_delta': None}
2026-06-14 11:24:44 [INFO] paysim — [fold=0] M2 pool: 145,500/150,000 fraud rows (round 290)
2026-06-14 11:24:44 [INFO] paysim — [fold=0] M2 pool: 145,988/150,000 fraud rows (round 291)
2026-06-14 11:24:45 [INFO] paysim — [fold=0] M2 pool: 146,471/150,000 fraud rows (round 292)
2026-06-14 11:24:46 [INFO] paysim — [fold=0] M2 pool: 146,953/150,000 fraud rows (round 293)
2026-06-14 11:24:46 [INFO] paysim — [fold=0] M2 pool: 147,474/150,000 fraud rows (round 294)
2026-06-14 11:24:48 [INFO] paysim — [fold=0] M2 pool: 147,989/150,000 fraud rows (round 295)
2026-06-14 11:24:48 [INFO] paysim — [fold=0] M2 pool: 148,506/150,000 fraud rows (round 296)
2026-06-14 11:24:49 [INFO] paysim — [fold=0] M2 pool: 148,990/150,000 fraud rows (round 297)
2026-06-14 11:24:49 [INFO] paysim — [fold=0] M2 pool: 149,500/150,000 fraud rows (round 298)
2026-06-14 11:24:50 [INFO] paysim — [fold=0] M2 pool: 150,028/150,000 fraud rows (round 299)
2026-06-14 11:24:51 [INFO] paysim — [fold=0] M2 pool saved: 150,000 fraud rows → /shared/paysim-sarmad/synthetic/fold_0/pool_m2.csv
2026-06-14 11:24:51 [INFO] paysim — [fold=0] ✔ DONE  generate_m2  (165.0s)
[2026-06-14 11:25:43,087] INFO   : {'epoch': 26.0, 'is_checkpoint': 0, 'steps': 10816, 'samples': 44294386, 'trn_loss': 17.4619, 'val_loss': 17.2691, 'total_time': 1617.7, 'learn_rate': 0.005655, 'dp_eps': None, 'dp_delta': None}
[2026-06-14 11:26:42,413] INFO   : {'epoch': 27.0, 'is_checkpoint': 1, 'steps': 11232, 'samples': 45998004, 'trn_loss': 17.4522, 'val_loss': 17.26, 'total_time': 1677.0, 'learn_rate': 0.005655, 'dp_eps': None, 'dp_delta': None}
[2026-06-14 11:27:41,790] INFO   : {'epoch': 28.0, 'is_checkpoint': 1, 'steps': 11648, 'samples': 47701622, 'trn_loss': 17.4356, 'val_loss': 17.2519, 'total_time': 1736.4, 'learn_rate': 0.002828, 'dp_eps': None, 'dp_delta': None}
[2026-06-14 11:28:42,257] INFO   : {'epoch': 29.0, 'is_checkpoint': 1, 'steps': 12064, 'samples': 49405240, 'trn_loss': 17.43, 'val_loss': 17.2367, 'total_time': 1796.9, 'learn_rate': 0.002828, 'dp_eps': None, 'dp_delta': None}
[2026-06-14 11:29:41,630] INFO   : {'epoch': 30.0, 'is_checkpoint': 0, 'steps': 12480, 'samples': 51108858, 'trn_loss': 17.4245, 'val_loss': 17.246, 'total_time': 1856.3, 'learn_rate': 0.002828, 'dp_eps': None, 'dp_delta': None}
2026-06-14 11:30:10 [INFO] paysim — [fold=0] M3 pool saved: 10,645 fraud rows (natural yield from 15,000,000 samples) → /shared/paysim-sarmad/synthetic/fold_0/pool_m3.csv
2026-06-14 11:30:10 [INFO] paysim — [fold=0] ✔ DONE  generate_m3  (486.9s)
2026-06-14 11:30:10 [INFO] paysim — [fold=0] ✔ DONE  generate_all_pools  (487.1s)
2026-06-14 11:30:11 [INFO] paysim — [fold=0] TOTAL elapsed: 1986.1s  (0.55h)
2026-06-14 11:30:11 [INFO] paysim — [fold=0] stop_after_generation=True — skipping baseline_eval + optuna_studies
2026-06-14 11:30:12 [INFO] paysim — [fold=0] Combined fraud pool exported: 310645 rows → /shared/paysim-sarmad/synthetic/for_classifier/split_0.csv
2026-06-14 11:30:12 [INFO] paysim — [fold=0] Results saved → /shared/paysim-sarmad/results/fold_0_results.json
[run_parallel] fold 0 complete
[2026-06-14 11:30:39,978] INFO   : {'epoch': 31.0, 'is_checkpoint': 1, 'steps': 12896, 'samples': 52812476, 'trn_loss': 17.4246, 'val_loss': 17.2355, 'total_time': 1914.6, 'learn_rate': 0.002828, 'dp_eps': None, 'dp_delta': None}
[2026-06-14 11:31:36,054] INFO   : {'epoch': 32.0, 'is_checkpoint': 0, 'steps': 13312, 'samples': 54516094, 'trn_loss': 17.4187, 'val_loss': 17.2421, 'total_time': 1970.7, 'learn_rate': 0.002828, 'dp_eps': None, 'dp_delta': None}
[2026-06-14 11:32:33,098] INFO   : {'epoch': 33.0, 'is_checkpoint': 0, 'steps': 13728, 'samples': 56219712, 'trn_loss': 17.4068, 'val_loss': 17.2395, 'total_time': 2027.7, 'learn_rate': 0.001414, 'dp_eps': None, 'dp_delta': None}
[2026-06-14 11:33:29,419] INFO   : {'epoch': 34.0, 'is_checkpoint': 1, 'steps': 14144, 'samples': 57923330, 'trn_loss': 17.4159, 'val_loss': 17.229, 'total_time': 2084.1, 'learn_rate': 0.001414, 'dp_eps': None, 'dp_delta': None}
[2026-06-14 11:34:25,544] INFO   : {'epoch': 35.0, 'is_checkpoint': 0, 'steps': 14560, 'samples': 59626948, 'trn_loss': 17.4132, 'val_loss': 17.2314, 'total_time': 2140.2, 'learn_rate': 0.001414, 'dp_eps': None, 'dp_delta': None}
[2026-06-14 11:35:21,690] INFO   : {'epoch': 36.0, 'is_checkpoint': 1, 'steps': 14976, 'samples': 61330566, 'trn_loss': 17.4047, 'val_loss': 17.227, 'total_time': 2196.3, 'learn_rate': 0.001414, 'dp_eps': None, 'dp_delta': None}
[2026-06-14 11:36:18,169] INFO   : {'epoch': 37.0, 'is_checkpoint': 0, 'steps': 15392, 'samples': 63034184, 'trn_loss': 17.4103, 'val_loss': 17.2288, 'total_time': 2252.8, 'learn_rate': 0.001414, 'dp_eps': None, 'dp_delta': None}
[2026-06-14 11:37:14,227] INFO   : {'epoch': 38.0, 'is_checkpoint': 0, 'steps': 15808, 'samples': 64737802, 'trn_loss': 17.4076, 'val_loss': 17.2293, 'total_time': 2308.9, 'learn_rate': 0.001414, 'dp_eps': None, 'dp_delta': None}
[2026-06-14 11:38:10,719] INFO   : {'epoch': 39.0, 'is_checkpoint': 0, 'steps': 16224, 'samples': 66441420, 'trn_loss': 17.409, 'val_loss': 17.2276, 'total_time': 2365.4, 'learn_rate': 0.001414, 'dp_eps': None, 'dp_delta': None}
[2026-06-14 11:39:07,155] INFO   : {'epoch': 40.0, 'is_checkpoint': 0, 'steps': 16640, 'samples': 68145038, 'trn_loss': 17.4063, 'val_loss': 17.2294, 'total_time': 2421.8, 'learn_rate': 0.001131, 'dp_eps': None, 'dp_delta': None}
[2026-06-14 11:40:03,849] INFO   : early stopping: val_loss stopped improving
[2026-06-14 11:40:03,850] INFO   : {'epoch': 41.0, 'is_checkpoint': 0, 'steps': 17056, 'samples': 69848656, 'trn_loss': 17.4002, 'val_loss': 17.2329, 'total_time': 2478.5, 'learn_rate': 0.001131, 'dp_eps': None, 'dp_delta': None}
[2026-06-14 11:40:04,298] INFO   : TRAIN_TABULAR finished in 2479.83s
2026-06-14 11:40:06 [INFO] paysim — [fold=1] M3 training done
2026-06-14 11:40:06 [INFO] paysim — [fold=1] ✔ DONE  train_all_argns  (2574.0s)
2026-06-14 11:40:06 [INFO] paysim — [fold=1] ▶ START generate_all_pools
2026-06-14 11:40:06 [INFO] paysim — [fold=1] GPU_M1==GPU_M2==0: M1→M2 sequential on cuda:0, M3 parallel on cuda:1
2026-06-14 11:40:06 [INFO] paysim — [fold=1] ▶ START generate_m3
2026-06-14 11:40:06 [INFO] paysim — [fold=1] ▶ START generate_m1
2026-06-14 11:40:07 [INFO] paysim — [fold=1] M1 pool: 150,000/150,000 fraud rows (round 1)
2026-06-14 11:40:08 [INFO] paysim — [fold=1] M1 pool saved: 150,000 fraud rows → /shared/paysim-sarmad/synthetic/fold_1/pool_m1.csv
2026-06-14 11:40:08 [INFO] paysim — [fold=1] ✔ DONE  generate_m1  (2.3s)
2026-06-14 11:40:08 [INFO] paysim — [fold=1] ▶ START generate_m2
2026-06-14 11:40:09 [INFO] paysim — [fold=1] M2 pool: 219/150,000 fraud rows (round 1)
2026-06-14 11:40:09 [INFO] paysim — [fold=1] M2 pool: 440/150,000 fraud rows (round 2)
2026-06-14 11:40:10 [INFO] paysim — [fold=1] M2 pool: 635/150,000 fraud rows (round 3)
2026-06-14 11:40:10 [INFO] paysim — [fold=1] M2 pool: 845/150,000 fraud rows (round 4)
2026-06-14 11:40:11 [INFO] paysim — [fold=1] M2 pool: 1,023/150,000 fraud rows (round 5)
2026-06-14 11:40:11 [INFO] paysim — [fold=1] M2 pool: 1,226/150,000 fraud rows (round 6)
2026-06-14 11:40:12 [INFO] paysim — [fold=1] M2 pool: 1,450/150,000 fraud rows (round 7)
2026-06-14 11:40:12 [INFO] paysim — [fold=1] M2 pool: 1,653/150,000 fraud rows (round 8)
2026-06-14 11:40:12 [INFO] paysim — [fold=1] M2 pool: 1,844/150,000 fraud rows (round 9)
2026-06-14 11:40:13 [INFO] paysim — [fold=1] M2 pool: 2,071/150,000 fraud rows (round 10)
2026-06-14 11:40:13 [INFO] paysim — [fold=1] M2 pool: 2,306/150,000 fraud rows (round 11)
2026-06-14 11:40:14 [INFO] paysim — [fold=1] M2 pool: 2,511/150,000 fraud rows (round 12)
2026-06-14 11:40:14 [INFO] paysim — [fold=1] M2 pool: 2,723/150,000 fraud rows (round 13)
2026-06-14 11:40:15 [INFO] paysim — [fold=1] M2 pool: 2,941/150,000 fraud rows (round 14)
2026-06-14 11:40:15 [INFO] paysim — [fold=1] M2 pool: 3,147/150,000 fraud rows (round 15)
2026-06-14 11:40:16 [INFO] paysim — [fold=1] M2 pool: 3,371/150,000 fraud rows (round 16)
2026-06-14 11:40:16 [INFO] paysim — [fold=1] M2 pool: 3,594/150,000 fraud rows (round 17)
2026-06-14 11:40:17 [INFO] paysim — [fold=1] M2 pool: 3,810/150,000 fraud rows (round 18)
2026-06-14 11:40:17 [INFO] paysim — [fold=1] M2 pool: 4,017/150,000 fraud rows (round 19)
2026-06-14 11:40:18 [INFO] paysim — [fold=1] M2 pool: 4,239/150,000 fraud rows (round 20)
2026-06-14 11:40:18 [INFO] paysim — [fold=1] M2 pool: 4,453/150,000 fraud rows (round 21)
2026-06-14 11:40:19 [INFO] paysim — [fold=1] M2 pool: 4,670/150,000 fraud rows (round 22)
2026-06-14 11:40:19 [INFO] paysim — [fold=1] M2 pool: 4,883/150,000 fraud rows (round 23)
2026-06-14 11:40:20 [INFO] paysim — [fold=1] M2 pool: 5,106/150,000 fraud rows (round 24)
2026-06-14 11:40:20 [INFO] paysim — [fold=1] M2 pool: 5,327/150,000 fraud rows (round 25)
2026-06-14 11:40:21 [INFO] paysim — [fold=1] M2 pool: 5,567/150,000 fraud rows (round 26)
2026-06-14 11:40:21 [INFO] paysim — [fold=1] M2 pool: 5,757/150,000 fraud rows (round 27)
2026-06-14 11:40:22 [INFO] paysim — [fold=1] M2 pool: 5,960/150,000 fraud rows (round 28)
2026-06-14 11:40:22 [INFO] paysim — [fold=1] M2 pool: 6,158/150,000 fraud rows (round 29)
2026-06-14 11:40:23 [INFO] paysim — [fold=1] M2 pool: 6,358/150,000 fraud rows (round 30)
2026-06-14 11:40:24 [INFO] paysim — [fold=1] M2 pool: 6,563/150,000 fraud rows (round 31)
2026-06-14 11:40:24 [INFO] paysim — [fold=1] M2 pool: 6,777/150,000 fraud rows (round 32)
2026-06-14 11:40:25 [INFO] paysim — [fold=1] M2 pool: 6,983/150,000 fraud rows (round 33)
2026-06-14 11:40:26 [INFO] paysim — [fold=1] M2 pool: 7,191/150,000 fraud rows (round 34)
2026-06-14 11:40:27 [INFO] paysim — [fold=1] M2 pool: 7,406/150,000 fraud rows (round 35)
2026-06-14 11:40:27 [INFO] paysim — [fold=1] M2 pool: 7,603/150,000 fraud rows (round 36)
2026-06-14 11:40:28 [INFO] paysim — [fold=1] M2 pool: 7,828/150,000 fraud rows (round 37)
2026-06-14 11:40:28 [INFO] paysim — [fold=1] M2 pool: 8,078/150,000 fraud rows (round 38)
2026-06-14 11:40:29 [INFO] paysim — [fold=1] M2 pool: 8,286/150,000 fraud rows (round 39)
2026-06-14 11:40:29 [INFO] paysim — [fold=1] M2 pool: 8,481/150,000 fraud rows (round 40)
2026-06-14 11:40:30 [INFO] paysim — [fold=1] M2 pool: 8,684/150,000 fraud rows (round 41)
2026-06-14 11:40:30 [INFO] paysim — [fold=1] M2 pool: 8,887/150,000 fraud rows (round 42)
2026-06-14 11:40:31 [INFO] paysim — [fold=1] M2 pool: 9,126/150,000 fraud rows (round 43)
2026-06-14 11:40:31 [INFO] paysim — [fold=1] M2 pool: 9,351/150,000 fraud rows (round 44)
2026-06-14 11:40:31 [INFO] paysim — [fold=1] M2 pool: 9,547/150,000 fraud rows (round 45)
2026-06-14 11:40:32 [INFO] paysim — [fold=1] M2 pool: 9,783/150,000 fraud rows (round 46)
2026-06-14 11:40:32 [INFO] paysim — [fold=1] M2 pool: 10,010/150,000 fraud rows (round 47)
2026-06-14 11:40:33 [INFO] paysim — [fold=1] M2 pool: 10,225/150,000 fraud rows (round 48)
2026-06-14 11:40:33 [INFO] paysim — [fold=1] M2 pool: 10,437/150,000 fraud rows (round 49)
2026-06-14 11:40:34 [INFO] paysim — [fold=1] M2 pool: 10,645/150,000 fraud rows (round 50)
2026-06-14 11:40:34 [INFO] paysim — [fold=1] M2 pool: 10,877/150,000 fraud rows (round 51)
2026-06-14 11:40:35 [INFO] paysim — [fold=1] M2 pool: 11,099/150,000 fraud rows (round 52)
2026-06-14 11:40:35 [INFO] paysim — [fold=1] M2 pool: 11,320/150,000 fraud rows (round 53)
2026-06-14 11:40:36 [INFO] paysim — [fold=1] M2 pool: 11,522/150,000 fraud rows (round 54)
2026-06-14 11:40:36 [INFO] paysim — [fold=1] M2 pool: 11,735/150,000 fraud rows (round 55)
2026-06-14 11:40:37 [INFO] paysim — [fold=1] M2 pool: 11,948/150,000 fraud rows (round 56)
2026-06-14 11:40:37 [INFO] paysim — [fold=1] M2 pool: 12,143/150,000 fraud rows (round 57)
2026-06-14 11:40:38 [INFO] paysim — [fold=1] M2 pool: 12,366/150,000 fraud rows (round 58)
2026-06-14 11:40:38 [INFO] paysim — [fold=1] M2 pool: 12,578/150,000 fraud rows (round 59)
2026-06-14 11:40:39 [INFO] paysim — [fold=1] M2 pool: 12,775/150,000 fraud rows (round 60)
2026-06-14 11:40:39 [INFO] paysim — [fold=1] M2 pool: 12,986/150,000 fraud rows (round 61)
2026-06-14 11:40:40 [INFO] paysim — [fold=1] M2 pool: 13,213/150,000 fraud rows (round 62)
2026-06-14 11:40:40 [INFO] paysim — [fold=1] M2 pool: 13,429/150,000 fraud rows (round 63)
2026-06-14 11:40:41 [INFO] paysim — [fold=1] M2 pool: 13,654/150,000 fraud rows (round 64)
2026-06-14 11:40:42 [INFO] paysim — [fold=1] M2 pool: 13,860/150,000 fraud rows (round 65)
2026-06-14 11:40:42 [INFO] paysim — [fold=1] M2 pool: 14,034/150,000 fraud rows (round 66)
2026-06-14 11:40:44 [INFO] paysim — [fold=1] M2 pool: 14,248/150,000 fraud rows (round 67)
2026-06-14 11:40:44 [INFO] paysim — [fold=1] M2 pool: 14,445/150,000 fraud rows (round 68)
2026-06-14 11:40:45 [INFO] paysim — [fold=1] M2 pool: 14,656/150,000 fraud rows (round 69)
2026-06-14 11:40:45 [INFO] paysim — [fold=1] M2 pool: 14,867/150,000 fraud rows (round 70)
2026-06-14 11:40:46 [INFO] paysim — [fold=1] M2 pool: 15,084/150,000 fraud rows (round 71)
2026-06-14 11:40:46 [INFO] paysim — [fold=1] M2 pool: 15,300/150,000 fraud rows (round 72)
2026-06-14 11:40:47 [INFO] paysim — [fold=1] M2 pool: 15,505/150,000 fraud rows (round 73)
2026-06-14 11:40:47 [INFO] paysim — [fold=1] M2 pool: 15,739/150,000 fraud rows (round 74)
2026-06-14 11:40:48 [INFO] paysim — [fold=1] M2 pool: 15,959/150,000 fraud rows (round 75)
2026-06-14 11:40:48 [INFO] paysim — [fold=1] M2 pool: 16,166/150,000 fraud rows (round 76)
2026-06-14 11:40:49 [INFO] paysim — [fold=1] M2 pool: 16,367/150,000 fraud rows (round 77)
2026-06-14 11:40:49 [INFO] paysim — [fold=1] M2 pool: 16,565/150,000 fraud rows (round 78)
2026-06-14 11:40:50 [INFO] paysim — [fold=1] M2 pool: 16,797/150,000 fraud rows (round 79)
2026-06-14 11:40:50 [INFO] paysim — [fold=1] M2 pool: 16,991/150,000 fraud rows (round 80)
2026-06-14 11:40:51 [INFO] paysim — [fold=1] M2 pool: 17,208/150,000 fraud rows (round 81)
2026-06-14 11:40:51 [INFO] paysim — [fold=1] M2 pool: 17,429/150,000 fraud rows (round 82)
2026-06-14 11:40:51 [INFO] paysim — [fold=1] M2 pool: 17,632/150,000 fraud rows (round 83)
2026-06-14 11:40:52 [INFO] paysim — [fold=1] M2 pool: 17,842/150,000 fraud rows (round 84)
2026-06-14 11:40:52 [INFO] paysim — [fold=1] M2 pool: 18,076/150,000 fraud rows (round 85)
2026-06-14 11:40:53 [INFO] paysim — [fold=1] M2 pool: 18,292/150,000 fraud rows (round 86)
2026-06-14 11:40:53 [INFO] paysim — [fold=1] M2 pool: 18,507/150,000 fraud rows (round 87)
2026-06-14 11:40:54 [INFO] paysim — [fold=1] M2 pool: 18,712/150,000 fraud rows (round 88)
2026-06-14 11:40:54 [INFO] paysim — [fold=1] M2 pool: 18,924/150,000 fraud rows (round 89)
2026-06-14 11:40:55 [INFO] paysim — [fold=1] M2 pool: 19,138/150,000 fraud rows (round 90)
2026-06-14 11:40:55 [INFO] paysim — [fold=1] M2 pool: 19,342/150,000 fraud rows (round 91)
2026-06-14 11:40:56 [INFO] paysim — [fold=1] M2 pool: 19,552/150,000 fraud rows (round 92)
2026-06-14 11:40:56 [INFO] paysim — [fold=1] M2 pool: 19,785/150,000 fraud rows (round 93)
2026-06-14 11:40:57 [INFO] paysim — [fold=1] M2 pool: 20,011/150,000 fraud rows (round 94)
2026-06-14 11:40:57 [INFO] paysim — [fold=1] M2 pool: 20,193/150,000 fraud rows (round 95)
2026-06-14 11:40:58 [INFO] paysim — [fold=1] M2 pool: 20,408/150,000 fraud rows (round 96)
2026-06-14 11:40:59 [INFO] paysim — [fold=1] M2 pool: 20,647/150,000 fraud rows (round 97)
2026-06-14 11:40:59 [INFO] paysim — [fold=1] M2 pool: 20,848/150,000 fraud rows (round 98)
2026-06-14 11:41:00 [INFO] paysim — [fold=1] M2 pool: 21,048/150,000 fraud rows (round 99)
2026-06-14 11:41:01 [INFO] paysim — [fold=1] M2 pool: 21,251/150,000 fraud rows (round 100)
2026-06-14 11:41:02 [INFO] paysim — [fold=1] M2 pool: 21,474/150,000 fraud rows (round 101)
2026-06-14 11:41:02 [INFO] paysim — [fold=1] M2 pool: 21,705/150,000 fraud rows (round 102)
2026-06-14 11:41:03 [INFO] paysim — [fold=1] M2 pool: 21,917/150,000 fraud rows (round 103)
2026-06-14 11:41:03 [INFO] paysim — [fold=1] M2 pool: 22,127/150,000 fraud rows (round 104)
2026-06-14 11:41:04 [INFO] paysim — [fold=1] M2 pool: 22,326/150,000 fraud rows (round 105)
2026-06-14 11:41:04 [INFO] paysim — [fold=1] M2 pool: 22,526/150,000 fraud rows (round 106)
2026-06-14 11:41:05 [INFO] paysim — [fold=1] M2 pool: 22,714/150,000 fraud rows (round 107)
2026-06-14 11:41:05 [INFO] paysim — [fold=1] M2 pool: 22,936/150,000 fraud rows (round 108)
2026-06-14 11:41:06 [INFO] paysim — [fold=1] M2 pool: 23,136/150,000 fraud rows (round 109)
2026-06-14 11:41:06 [INFO] paysim — [fold=1] M2 pool: 23,350/150,000 fraud rows (round 110)
2026-06-14 11:41:07 [INFO] paysim — [fold=1] M2 pool: 23,589/150,000 fraud rows (round 111)
2026-06-14 11:41:07 [INFO] paysim — [fold=1] M2 pool: 23,801/150,000 fraud rows (round 112)
2026-06-14 11:41:08 [INFO] paysim — [fold=1] M2 pool: 24,009/150,000 fraud rows (round 113)
2026-06-14 11:41:08 [INFO] paysim — [fold=1] M2 pool: 24,210/150,000 fraud rows (round 114)
2026-06-14 11:41:08 [INFO] paysim — [fold=1] M2 pool: 24,436/150,000 fraud rows (round 115)
2026-06-14 11:41:09 [INFO] paysim — [fold=1] M2 pool: 24,653/150,000 fraud rows (round 116)
2026-06-14 11:41:09 [INFO] paysim — [fold=1] M2 pool: 24,859/150,000 fraud rows (round 117)
2026-06-14 11:41:10 [INFO] paysim — [fold=1] M2 pool: 25,066/150,000 fraud rows (round 118)
2026-06-14 11:41:10 [INFO] paysim — [fold=1] M2 pool: 25,278/150,000 fraud rows (round 119)
2026-06-14 11:41:11 [INFO] paysim — [fold=1] M2 pool: 25,499/150,000 fraud rows (round 120)
2026-06-14 11:41:11 [INFO] paysim — [fold=1] M2 pool: 25,711/150,000 fraud rows (round 121)
2026-06-14 11:41:12 [INFO] paysim — [fold=1] M2 pool: 25,916/150,000 fraud rows (round 122)
2026-06-14 11:41:12 [INFO] paysim — [fold=1] M2 pool: 26,121/150,000 fraud rows (round 123)
2026-06-14 11:41:13 [INFO] paysim — [fold=1] M2 pool: 26,317/150,000 fraud rows (round 124)
2026-06-14 11:41:13 [INFO] paysim — [fold=1] M2 pool: 26,527/150,000 fraud rows (round 125)
2026-06-14 11:41:14 [INFO] paysim — [fold=1] M2 pool: 26,705/150,000 fraud rows (round 126)
2026-06-14 11:41:14 [INFO] paysim — [fold=1] M2 pool: 26,908/150,000 fraud rows (round 127)
2026-06-14 11:41:15 [INFO] paysim — [fold=1] M2 pool: 27,114/150,000 fraud rows (round 128)
2026-06-14 11:41:15 [INFO] paysim — [fold=1] M2 pool: 27,333/150,000 fraud rows (round 129)
2026-06-14 11:41:16 [INFO] paysim — [fold=1] M2 pool: 27,556/150,000 fraud rows (round 130)
2026-06-14 11:41:17 [INFO] paysim — [fold=1] M2 pool: 27,761/150,000 fraud rows (round 131)
2026-06-14 11:41:17 [INFO] paysim — [fold=1] M2 pool: 27,956/150,000 fraud rows (round 132)
2026-06-14 11:41:19 [INFO] paysim — [fold=1] M2 pool: 28,175/150,000 fraud rows (round 133)
2026-06-14 11:41:19 [INFO] paysim — [fold=1] M2 pool: 28,392/150,000 fraud rows (round 134)
2026-06-14 11:41:20 [INFO] paysim — [fold=1] M2 pool: 28,602/150,000 fraud rows (round 135)
2026-06-14 11:41:20 [INFO] paysim — [fold=1] M2 pool: 28,828/150,000 fraud rows (round 136)
2026-06-14 11:41:21 [INFO] paysim — [fold=1] M2 pool: 29,050/150,000 fraud rows (round 137)
2026-06-14 11:41:21 [INFO] paysim — [fold=1] M2 pool: 29,252/150,000 fraud rows (round 138)
2026-06-14 11:41:22 [INFO] paysim — [fold=1] M2 pool: 29,479/150,000 fraud rows (round 139)
2026-06-14 11:41:22 [INFO] paysim — [fold=1] M2 pool: 29,695/150,000 fraud rows (round 140)
2026-06-14 11:41:23 [INFO] paysim — [fold=1] M2 pool: 29,904/150,000 fraud rows (round 141)
2026-06-14 11:41:23 [INFO] paysim — [fold=1] M2 pool: 30,127/150,000 fraud rows (round 142)
2026-06-14 11:41:24 [INFO] paysim — [fold=1] M2 pool: 30,346/150,000 fraud rows (round 143)
2026-06-14 11:41:24 [INFO] paysim — [fold=1] M2 pool: 30,550/150,000 fraud rows (round 144)
2026-06-14 11:41:25 [INFO] paysim — [fold=1] M2 pool: 30,771/150,000 fraud rows (round 145)
2026-06-14 11:41:25 [INFO] paysim — [fold=1] M2 pool: 30,988/150,000 fraud rows (round 146)
2026-06-14 11:41:26 [INFO] paysim — [fold=1] M2 pool: 31,230/150,000 fraud rows (round 147)
2026-06-14 11:41:26 [INFO] paysim — [fold=1] M2 pool: 31,453/150,000 fraud rows (round 148)
2026-06-14 11:41:26 [INFO] paysim — [fold=1] M2 pool: 31,680/150,000 fraud rows (round 149)
2026-06-14 11:41:27 [INFO] paysim — [fold=1] M2 pool: 31,888/150,000 fraud rows (round 150)
2026-06-14 11:41:27 [INFO] paysim — [fold=1] M2 pool: 32,128/150,000 fraud rows (round 151)
2026-06-14 11:41:28 [INFO] paysim — [fold=1] M2 pool: 32,344/150,000 fraud rows (round 152)
2026-06-14 11:41:28 [INFO] paysim — [fold=1] M2 pool: 32,563/150,000 fraud rows (round 153)
2026-06-14 11:41:29 [INFO] paysim — [fold=1] M2 pool: 32,781/150,000 fraud rows (round 154)
2026-06-14 11:41:29 [INFO] paysim — [fold=1] M2 pool: 33,007/150,000 fraud rows (round 155)
2026-06-14 11:41:30 [INFO] paysim — [fold=1] M2 pool: 33,220/150,000 fraud rows (round 156)
2026-06-14 11:41:30 [INFO] paysim — [fold=1] M2 pool: 33,426/150,000 fraud rows (round 157)
2026-06-14 11:41:31 [INFO] paysim — [fold=1] M2 pool: 33,644/150,000 fraud rows (round 158)
2026-06-14 11:41:31 [INFO] paysim — [fold=1] M2 pool: 33,842/150,000 fraud rows (round 159)
2026-06-14 11:41:32 [INFO] paysim — [fold=1] M2 pool: 34,068/150,000 fraud rows (round 160)
2026-06-14 11:41:32 [INFO] paysim — [fold=1] M2 pool: 34,284/150,000 fraud rows (round 161)
2026-06-14 11:41:33 [INFO] paysim — [fold=1] M2 pool: 34,517/150,000 fraud rows (round 162)
2026-06-14 11:41:34 [INFO] paysim — [fold=1] M2 pool: 34,717/150,000 fraud rows (round 163)
2026-06-14 11:41:34 [INFO] paysim — [fold=1] M2 pool: 34,967/150,000 fraud rows (round 164)
2026-06-14 11:41:35 [INFO] paysim — [fold=1] M2 pool: 35,178/150,000 fraud rows (round 165)
2026-06-14 11:41:36 [INFO] paysim — [fold=1] M2 pool: 35,380/150,000 fraud rows (round 166)
2026-06-14 11:41:37 [INFO] paysim — [fold=1] M2 pool: 35,629/150,000 fraud rows (round 167)
2026-06-14 11:41:37 [INFO] paysim — [fold=1] M2 pool: 35,839/150,000 fraud rows (round 168)
2026-06-14 11:41:38 [INFO] paysim — [fold=1] M2 pool: 36,061/150,000 fraud rows (round 169)
2026-06-14 11:41:38 [INFO] paysim — [fold=1] M2 pool: 36,258/150,000 fraud rows (round 170)
2026-06-14 11:41:39 [INFO] paysim — [fold=1] M2 pool: 36,446/150,000 fraud rows (round 171)
2026-06-14 11:41:39 [INFO] paysim — [fold=1] M2 pool: 36,673/150,000 fraud rows (round 172)
2026-06-14 11:41:40 [INFO] paysim — [fold=1] M2 pool: 36,887/150,000 fraud rows (round 173)
2026-06-14 11:41:40 [INFO] paysim — [fold=1] M2 pool: 37,091/150,000 fraud rows (round 174)
2026-06-14 11:41:41 [INFO] paysim — [fold=1] M2 pool: 37,272/150,000 fraud rows (round 175)
2026-06-14 11:41:41 [INFO] paysim — [fold=1] M2 pool: 37,486/150,000 fraud rows (round 176)
2026-06-14 11:41:42 [INFO] paysim — [fold=1] M2 pool: 37,700/150,000 fraud rows (round 177)
2026-06-14 11:41:42 [INFO] paysim — [fold=1] M2 pool: 37,933/150,000 fraud rows (round 178)
2026-06-14 11:41:43 [INFO] paysim — [fold=1] M2 pool: 38,142/150,000 fraud rows (round 179)
2026-06-14 11:41:43 [INFO] paysim — [fold=1] M2 pool: 38,348/150,000 fraud rows (round 180)
2026-06-14 11:41:44 [INFO] paysim — [fold=1] M2 pool: 38,584/150,000 fraud rows (round 181)
2026-06-14 11:41:44 [INFO] paysim — [fold=1] M2 pool: 38,790/150,000 fraud rows (round 182)
2026-06-14 11:41:45 [INFO] paysim — [fold=1] M2 pool: 38,984/150,000 fraud rows (round 183)
2026-06-14 11:41:45 [INFO] paysim — [fold=1] M2 pool: 39,188/150,000 fraud rows (round 184)
2026-06-14 11:41:46 [INFO] paysim — [fold=1] M2 pool: 39,383/150,000 fraud rows (round 185)
2026-06-14 11:41:46 [INFO] paysim — [fold=1] M2 pool: 39,603/150,000 fraud rows (round 186)
2026-06-14 11:41:47 [INFO] paysim — [fold=1] M2 pool: 39,810/150,000 fraud rows (round 187)
2026-06-14 11:41:47 [INFO] paysim — [fold=1] M2 pool: 40,027/150,000 fraud rows (round 188)
2026-06-14 11:41:47 [INFO] paysim — [fold=1] M2 pool: 40,221/150,000 fraud rows (round 189)
2026-06-14 11:41:48 [INFO] paysim — [fold=1] M2 pool: 40,412/150,000 fraud rows (round 190)
2026-06-14 11:41:48 [INFO] paysim — [fold=1] M2 pool: 40,629/150,000 fraud rows (round 191)
2026-06-14 11:41:49 [INFO] paysim — [fold=1] M2 pool: 40,841/150,000 fraud rows (round 192)
2026-06-14 11:41:49 [INFO] paysim — [fold=1] M2 pool: 41,052/150,000 fraud rows (round 193)
2026-06-14 11:41:50 [INFO] paysim — [fold=1] M2 pool: 41,262/150,000 fraud rows (round 194)
2026-06-14 11:41:50 [INFO] paysim — [fold=1] M2 pool: 41,478/150,000 fraud rows (round 195)
2026-06-14 11:41:51 [INFO] paysim — [fold=1] M2 pool: 41,695/150,000 fraud rows (round 196)
2026-06-14 11:41:52 [INFO] paysim — [fold=1] M2 pool: 41,915/150,000 fraud rows (round 197)
2026-06-14 11:41:53 [INFO] paysim — [fold=1] M2 pool: 42,112/150,000 fraud rows (round 198)
2026-06-14 11:41:54 [INFO] paysim — [fold=1] M2 pool: 42,290/150,000 fraud rows (round 199)
2026-06-14 11:41:54 [INFO] paysim — [fold=1] M2 pool: 42,489/150,000 fraud rows (round 200)
2026-06-14 11:41:55 [INFO] paysim — [fold=1] M2 pool: 42,712/150,000 fraud rows (round 201)
2026-06-14 11:41:55 [INFO] paysim — [fold=1] M2 pool: 42,907/150,000 fraud rows (round 202)
2026-06-14 11:41:56 [INFO] paysim — [fold=1] M2 pool: 43,127/150,000 fraud rows (round 203)
2026-06-14 11:41:56 [INFO] paysim — [fold=1] M2 pool: 43,345/150,000 fraud rows (round 204)
2026-06-14 11:41:57 [INFO] paysim — [fold=1] M2 pool: 43,553/150,000 fraud rows (round 205)
2026-06-14 11:41:57 [INFO] paysim — [fold=1] M2 pool: 43,733/150,000 fraud rows (round 206)
2026-06-14 11:41:58 [INFO] paysim — [fold=1] M2 pool: 43,927/150,000 fraud rows (round 207)
2026-06-14 11:41:58 [INFO] paysim — [fold=1] M2 pool: 44,138/150,000 fraud rows (round 208)
2026-06-14 11:41:59 [INFO] paysim — [fold=1] M2 pool: 44,344/150,000 fraud rows (round 209)
2026-06-14 11:41:59 [INFO] paysim — [fold=1] M2 pool: 44,548/150,000 fraud rows (round 210)
2026-06-14 11:42:00 [INFO] paysim — [fold=1] M2 pool: 44,772/150,000 fraud rows (round 211)
2026-06-14 11:42:00 [INFO] paysim — [fold=1] M2 pool: 45,016/150,000 fraud rows (round 212)
2026-06-14 11:42:01 [INFO] paysim — [fold=1] M2 pool: 45,207/150,000 fraud rows (round 213)
2026-06-14 11:42:01 [INFO] paysim — [fold=1] M2 pool: 45,423/150,000 fraud rows (round 214)
2026-06-14 11:42:02 [INFO] paysim — [fold=1] M2 pool: 45,641/150,000 fraud rows (round 215)
2026-06-14 11:42:02 [INFO] paysim — [fold=1] M2 pool: 45,883/150,000 fraud rows (round 216)
2026-06-14 11:42:03 [INFO] paysim — [fold=1] M2 pool: 46,070/150,000 fraud rows (round 217)
2026-06-14 11:42:03 [INFO] paysim — [fold=1] M2 pool: 46,295/150,000 fraud rows (round 218)
2026-06-14 11:42:04 [INFO] paysim — [fold=1] M2 pool: 46,491/150,000 fraud rows (round 219)
2026-06-14 11:42:04 [INFO] paysim — [fold=1] M2 pool: 46,711/150,000 fraud rows (round 220)
2026-06-14 11:42:05 [INFO] paysim — [fold=1] M2 pool: 46,895/150,000 fraud rows (round 221)
2026-06-14 11:42:05 [INFO] paysim — [fold=1] M2 pool: 47,105/150,000 fraud rows (round 222)
2026-06-14 11:42:06 [INFO] paysim — [fold=1] M2 pool: 47,346/150,000 fraud rows (round 223)
2026-06-14 11:42:06 [INFO] paysim — [fold=1] M2 pool: 47,534/150,000 fraud rows (round 224)
2026-06-14 11:42:06 [INFO] paysim — [fold=1] M2 pool: 47,755/150,000 fraud rows (round 225)
2026-06-14 11:42:07 [INFO] paysim — [fold=1] M2 pool: 47,977/150,000 fraud rows (round 226)
2026-06-14 11:42:07 [INFO] paysim — [fold=1] M2 pool: 48,195/150,000 fraud rows (round 227)
2026-06-14 11:42:08 [INFO] paysim — [fold=1] M2 pool: 48,404/150,000 fraud rows (round 228)
2026-06-14 11:42:09 [INFO] paysim — [fold=1] M2 pool: 48,633/150,000 fraud rows (round 229)
2026-06-14 11:42:09 [INFO] paysim — [fold=1] M2 pool: 48,833/150,000 fraud rows (round 230)
2026-06-14 11:42:10 [INFO] paysim — [fold=1] M2 pool: 49,041/150,000 fraud rows (round 231)
2026-06-14 11:42:11 [INFO] paysim — [fold=1] M2 pool: 49,249/150,000 fraud rows (round 232)
2026-06-14 11:42:12 [INFO] paysim — [fold=1] M2 pool: 49,469/150,000 fraud rows (round 233)
2026-06-14 11:42:12 [INFO] paysim — [fold=1] M2 pool: 49,677/150,000 fraud rows (round 234)
2026-06-14 11:42:13 [INFO] paysim — [fold=1] M2 pool: 49,933/150,000 fraud rows (round 235)
2026-06-14 11:42:13 [INFO] paysim — [fold=1] M2 pool: 50,161/150,000 fraud rows (round 236)
2026-06-14 11:42:14 [INFO] paysim — [fold=1] M2 pool: 50,382/150,000 fraud rows (round 237)
2026-06-14 11:42:14 [INFO] paysim — [fold=1] M2 pool: 50,584/150,000 fraud rows (round 238)
2026-06-14 11:42:15 [INFO] paysim — [fold=1] M2 pool: 50,805/150,000 fraud rows (round 239)
2026-06-14 11:42:15 [INFO] paysim — [fold=1] M2 pool: 51,032/150,000 fraud rows (round 240)
2026-06-14 11:42:16 [INFO] paysim — [fold=1] M2 pool: 51,238/150,000 fraud rows (round 241)
2026-06-14 11:42:16 [INFO] paysim — [fold=1] M2 pool: 51,440/150,000 fraud rows (round 242)
2026-06-14 11:42:17 [INFO] paysim — [fold=1] M2 pool: 51,660/150,000 fraud rows (round 243)
2026-06-14 11:42:17 [INFO] paysim — [fold=1] M2 pool: 51,867/150,000 fraud rows (round 244)
2026-06-14 11:42:18 [INFO] paysim — [fold=1] M2 pool: 52,085/150,000 fraud rows (round 245)
2026-06-14 11:42:18 [INFO] paysim — [fold=1] M2 pool: 52,297/150,000 fraud rows (round 246)
2026-06-14 11:42:19 [INFO] paysim — [fold=1] M2 pool: 52,503/150,000 fraud rows (round 247)
2026-06-14 11:42:19 [INFO] paysim — [fold=1] M2 pool: 52,714/150,000 fraud rows (round 248)
2026-06-14 11:42:20 [INFO] paysim — [fold=1] M2 pool: 52,926/150,000 fraud rows (round 249)
2026-06-14 11:42:20 [INFO] paysim — [fold=1] M2 pool: 53,127/150,000 fraud rows (round 250)
2026-06-14 11:42:21 [INFO] paysim — [fold=1] M2 pool: 53,358/150,000 fraud rows (round 251)
2026-06-14 11:42:21 [INFO] paysim — [fold=1] M2 pool: 53,578/150,000 fraud rows (round 252)
2026-06-14 11:42:22 [INFO] paysim — [fold=1] M2 pool: 53,797/150,000 fraud rows (round 253)
2026-06-14 11:42:22 [INFO] paysim — [fold=1] M2 pool: 54,004/150,000 fraud rows (round 254)
2026-06-14 11:42:23 [INFO] paysim — [fold=1] M2 pool: 54,186/150,000 fraud rows (round 255)
2026-06-14 11:42:23 [INFO] paysim — [fold=1] M2 pool: 54,425/150,000 fraud rows (round 256)
2026-06-14 11:42:24 [INFO] paysim — [fold=1] M2 pool: 54,632/150,000 fraud rows (round 257)
2026-06-14 11:42:24 [INFO] paysim — [fold=1] M2 pool: 54,833/150,000 fraud rows (round 258)
2026-06-14 11:42:25 [INFO] paysim — [fold=1] M2 pool: 55,031/150,000 fraud rows (round 259)
2026-06-14 11:42:25 [INFO] paysim — [fold=1] M2 pool: 55,249/150,000 fraud rows (round 260)
2026-06-14 11:42:26 [INFO] paysim — [fold=1] M2 pool: 55,466/150,000 fraud rows (round 261)
2026-06-14 11:42:26 [INFO] paysim — [fold=1] M2 pool: 55,671/150,000 fraud rows (round 262)
2026-06-14 11:42:27 [INFO] paysim — [fold=1] M2 pool: 55,896/150,000 fraud rows (round 263)
2026-06-14 11:42:28 [INFO] paysim — [fold=1] M2 pool: 56,113/150,000 fraud rows (round 264)
2026-06-14 11:42:29 [INFO] paysim — [fold=1] M2 pool: 56,337/150,000 fraud rows (round 265)
2026-06-14 11:42:30 [INFO] paysim — [fold=1] M2 pool: 56,544/150,000 fraud rows (round 266)
2026-06-14 11:42:30 [INFO] paysim — [fold=1] M2 pool: 56,764/150,000 fraud rows (round 267)
2026-06-14 11:42:31 [INFO] paysim — [fold=1] M2 pool: 56,964/150,000 fraud rows (round 268)
2026-06-14 11:42:31 [INFO] paysim — [fold=1] M2 pool: 57,166/150,000 fraud rows (round 269)
2026-06-14 11:42:32 [INFO] paysim — [fold=1] M2 pool: 57,372/150,000 fraud rows (round 270)
2026-06-14 11:42:32 [INFO] paysim — [fold=1] M2 pool: 57,578/150,000 fraud rows (round 271)
2026-06-14 11:42:33 [INFO] paysim — [fold=1] M2 pool: 57,810/150,000 fraud rows (round 272)
2026-06-14 11:42:33 [INFO] paysim — [fold=1] M2 pool: 58,001/150,000 fraud rows (round 273)
2026-06-14 11:42:34 [INFO] paysim — [fold=1] M2 pool: 58,208/150,000 fraud rows (round 274)
2026-06-14 11:42:34 [INFO] paysim — [fold=1] M2 pool: 58,408/150,000 fraud rows (round 275)
2026-06-14 11:42:35 [INFO] paysim — [fold=1] M2 pool: 58,636/150,000 fraud rows (round 276)
2026-06-14 11:42:35 [INFO] paysim — [fold=1] M2 pool: 58,848/150,000 fraud rows (round 277)
2026-06-14 11:42:36 [INFO] paysim — [fold=1] M2 pool: 59,041/150,000 fraud rows (round 278)
2026-06-14 11:42:36 [INFO] paysim — [fold=1] M2 pool: 59,241/150,000 fraud rows (round 279)
2026-06-14 11:42:37 [INFO] paysim — [fold=1] M2 pool: 59,423/150,000 fraud rows (round 280)
2026-06-14 11:42:37 [INFO] paysim — [fold=1] M2 pool: 59,643/150,000 fraud rows (round 281)
2026-06-14 11:42:37 [INFO] paysim — [fold=1] M2 pool: 59,870/150,000 fraud rows (round 282)
2026-06-14 11:42:38 [INFO] paysim — [fold=1] M2 pool: 60,064/150,000 fraud rows (round 283)
2026-06-14 11:42:38 [INFO] paysim — [fold=1] M2 pool: 60,295/150,000 fraud rows (round 284)
2026-06-14 11:42:39 [INFO] paysim — [fold=1] M2 pool: 60,481/150,000 fraud rows (round 285)
2026-06-14 11:42:39 [INFO] paysim — [fold=1] M2 pool: 60,699/150,000 fraud rows (round 286)
2026-06-14 11:42:40 [INFO] paysim — [fold=1] M2 pool: 60,898/150,000 fraud rows (round 287)
2026-06-14 11:42:40 [INFO] paysim — [fold=1] M2 pool: 61,095/150,000 fraud rows (round 288)
2026-06-14 11:42:41 [INFO] paysim — [fold=1] M2 pool: 61,309/150,000 fraud rows (round 289)
2026-06-14 11:42:41 [INFO] paysim — [fold=1] M2 pool: 61,531/150,000 fraud rows (round 290)
2026-06-14 11:42:42 [INFO] paysim — [fold=1] M2 pool: 61,749/150,000 fraud rows (round 291)
2026-06-14 11:42:42 [INFO] paysim — [fold=1] M2 pool: 61,934/150,000 fraud rows (round 292)
2026-06-14 11:42:43 [INFO] paysim — [fold=1] M2 pool: 62,142/150,000 fraud rows (round 293)
2026-06-14 11:42:43 [INFO] paysim — [fold=1] M2 pool: 62,339/150,000 fraud rows (round 294)
2026-06-14 11:42:44 [INFO] paysim — [fold=1] M2 pool: 62,534/150,000 fraud rows (round 295)
2026-06-14 11:42:45 [INFO] paysim — [fold=1] M2 pool: 62,730/150,000 fraud rows (round 296)
2026-06-14 11:42:45 [INFO] paysim — [fold=1] M2 pool: 62,948/150,000 fraud rows (round 297)
2026-06-14 11:42:47 [INFO] paysim — [fold=1] M2 pool: 63,161/150,000 fraud rows (round 298)
2026-06-14 11:42:47 [INFO] paysim — [fold=1] M2 pool: 63,348/150,000 fraud rows (round 299)
2026-06-14 11:42:48 [INFO] paysim — [fold=1] M2 pool: 63,564/150,000 fraud rows (round 300)
2026-06-14 11:42:48 [INFO] paysim — [fold=1] M2 pool: 63,783/150,000 fraud rows (round 301)
2026-06-14 11:42:49 [INFO] paysim — [fold=1] M2 pool: 64,003/150,000 fraud rows (round 302)
2026-06-14 11:42:49 [INFO] paysim — [fold=1] M2 pool: 64,198/150,000 fraud rows (round 303)
2026-06-14 11:42:50 [INFO] paysim — [fold=1] M2 pool: 64,402/150,000 fraud rows (round 304)
2026-06-14 11:42:50 [INFO] paysim — [fold=1] M2 pool: 64,599/150,000 fraud rows (round 305)
2026-06-14 11:42:51 [INFO] paysim — [fold=1] M2 pool: 64,808/150,000 fraud rows (round 306)
2026-06-14 11:42:51 [INFO] paysim — [fold=1] M2 pool: 65,042/150,000 fraud rows (round 307)
2026-06-14 11:42:52 [INFO] paysim — [fold=1] M2 pool: 65,265/150,000 fraud rows (round 308)
2026-06-14 11:42:52 [INFO] paysim — [fold=1] M2 pool: 65,500/150,000 fraud rows (round 309)
2026-06-14 11:42:53 [INFO] paysim — [fold=1] M2 pool: 65,692/150,000 fraud rows (round 310)
2026-06-14 11:42:53 [INFO] paysim — [fold=1] M2 pool: 65,913/150,000 fraud rows (round 311)
2026-06-14 11:42:54 [INFO] paysim — [fold=1] M2 pool: 66,143/150,000 fraud rows (round 312)
2026-06-14 11:42:54 [INFO] paysim — [fold=1] M2 pool: 66,357/150,000 fraud rows (round 313)
2026-06-14 11:42:55 [INFO] paysim — [fold=1] M2 pool: 66,563/150,000 fraud rows (round 314)
2026-06-14 11:42:55 [INFO] paysim — [fold=1] M2 pool: 66,792/150,000 fraud rows (round 315)
2026-06-14 11:42:55 [INFO] paysim — [fold=1] M2 pool: 66,975/150,000 fraud rows (round 316)
2026-06-14 11:42:56 [INFO] paysim — [fold=1] M2 pool: 67,192/150,000 fraud rows (round 317)
2026-06-14 11:42:56 [INFO] paysim — [fold=1] M2 pool: 67,412/150,000 fraud rows (round 318)
2026-06-14 11:42:57 [INFO] paysim — [fold=1] M2 pool: 67,573/150,000 fraud rows (round 319)
2026-06-14 11:42:57 [INFO] paysim — [fold=1] M2 pool: 67,794/150,000 fraud rows (round 320)
2026-06-14 11:42:58 [INFO] paysim — [fold=1] M2 pool: 68,008/150,000 fraud rows (round 321)
2026-06-14 11:42:58 [INFO] paysim — [fold=1] M2 pool: 68,205/150,000 fraud rows (round 322)
2026-06-14 11:42:59 [INFO] paysim — [fold=1] M2 pool: 68,416/150,000 fraud rows (round 323)
2026-06-14 11:42:59 [INFO] paysim — [fold=1] M2 pool: 68,639/150,000 fraud rows (round 324)
2026-06-14 11:43:00 [INFO] paysim — [fold=1] M2 pool: 68,837/150,000 fraud rows (round 325)
2026-06-14 11:43:00 [INFO] paysim — [fold=1] M2 pool: 69,063/150,000 fraud rows (round 326)
2026-06-14 11:43:01 [INFO] paysim — [fold=1] M2 pool: 69,280/150,000 fraud rows (round 327)
2026-06-14 11:43:02 [INFO] paysim — [fold=1] M2 pool: 69,487/150,000 fraud rows (round 328)
2026-06-14 11:43:02 [INFO] paysim — [fold=1] M2 pool: 69,719/150,000 fraud rows (round 329)
2026-06-14 11:43:03 [INFO] paysim — [fold=1] M2 pool: 69,919/150,000 fraud rows (round 330)
2026-06-14 11:43:04 [INFO] paysim — [fold=1] M2 pool: 70,139/150,000 fraud rows (round 331)
2026-06-14 11:43:05 [INFO] paysim — [fold=1] M2 pool: 70,364/150,000 fraud rows (round 332)
2026-06-14 11:43:05 [INFO] paysim — [fold=1] M2 pool: 70,562/150,000 fraud rows (round 333)
2026-06-14 11:43:06 [INFO] paysim — [fold=1] M2 pool: 70,767/150,000 fraud rows (round 334)
2026-06-14 11:43:06 [INFO] paysim — [fold=1] M2 pool: 70,986/150,000 fraud rows (round 335)
2026-06-14 11:43:07 [INFO] paysim — [fold=1] M2 pool: 71,209/150,000 fraud rows (round 336)
2026-06-14 11:43:07 [INFO] paysim — [fold=1] M2 pool: 71,435/150,000 fraud rows (round 337)
2026-06-14 11:43:08 [INFO] paysim — [fold=1] M2 pool: 71,651/150,000 fraud rows (round 338)
2026-06-14 11:43:08 [INFO] paysim — [fold=1] M2 pool: 71,846/150,000 fraud rows (round 339)
2026-06-14 11:43:09 [INFO] paysim — [fold=1] M2 pool: 72,072/150,000 fraud rows (round 340)
2026-06-14 11:43:09 [INFO] paysim — [fold=1] M2 pool: 72,284/150,000 fraud rows (round 341)
2026-06-14 11:43:10 [INFO] paysim — [fold=1] M2 pool: 72,496/150,000 fraud rows (round 342)
2026-06-14 11:43:10 [INFO] paysim — [fold=1] M2 pool: 72,726/150,000 fraud rows (round 343)
2026-06-14 11:43:11 [INFO] paysim — [fold=1] M2 pool: 72,939/150,000 fraud rows (round 344)
2026-06-14 11:43:11 [INFO] paysim — [fold=1] M2 pool: 73,140/150,000 fraud rows (round 345)
2026-06-14 11:43:12 [INFO] paysim — [fold=1] M2 pool: 73,358/150,000 fraud rows (round 346)
2026-06-14 11:43:12 [INFO] paysim — [fold=1] M2 pool: 73,579/150,000 fraud rows (round 347)
2026-06-14 11:43:13 [INFO] paysim — [fold=1] M2 pool: 73,781/150,000 fraud rows (round 348)
2026-06-14 11:43:13 [INFO] paysim — [fold=1] M2 pool: 74,002/150,000 fraud rows (round 349)
2026-06-14 11:43:14 [INFO] paysim — [fold=1] M2 pool: 74,216/150,000 fraud rows (round 350)
2026-06-14 11:43:14 [INFO] paysim — [fold=1] M2 pool: 74,454/150,000 fraud rows (round 351)
2026-06-14 11:43:14 [INFO] paysim — [fold=1] M2 pool: 74,669/150,000 fraud rows (round 352)
2026-06-14 11:43:15 [INFO] paysim — [fold=1] M2 pool: 74,880/150,000 fraud rows (round 353)
2026-06-14 11:43:15 [INFO] paysim — [fold=1] M2 pool: 75,095/150,000 fraud rows (round 354)
2026-06-14 11:43:16 [INFO] paysim — [fold=1] M2 pool: 75,310/150,000 fraud rows (round 355)
2026-06-14 11:43:16 [INFO] paysim — [fold=1] M2 pool: 75,545/150,000 fraud rows (round 356)
2026-06-14 11:43:17 [INFO] paysim — [fold=1] M2 pool: 75,744/150,000 fraud rows (round 357)
2026-06-14 11:43:17 [INFO] paysim — [fold=1] M2 pool: 75,954/150,000 fraud rows (round 358)
2026-06-14 11:43:18 [INFO] paysim — [fold=1] M2 pool: 76,169/150,000 fraud rows (round 359)
2026-06-14 11:43:18 [INFO] paysim — [fold=1] M2 pool: 76,414/150,000 fraud rows (round 360)
2026-06-14 11:43:19 [INFO] paysim — [fold=1] M2 pool: 76,629/150,000 fraud rows (round 361)
2026-06-14 11:43:20 [INFO] paysim — [fold=1] M2 pool: 76,828/150,000 fraud rows (round 362)
2026-06-14 11:43:21 [INFO] paysim — [fold=1] M2 pool: 77,062/150,000 fraud rows (round 363)
2026-06-14 11:43:22 [INFO] paysim — [fold=1] M2 pool: 77,275/150,000 fraud rows (round 364)
2026-06-14 11:43:22 [INFO] paysim — [fold=1] M2 pool: 77,503/150,000 fraud rows (round 365)
2026-06-14 11:43:23 [INFO] paysim — [fold=1] M2 pool: 77,727/150,000 fraud rows (round 366)
2026-06-14 11:43:23 [INFO] paysim — [fold=1] M2 pool: 77,939/150,000 fraud rows (round 367)
2026-06-14 11:43:24 [INFO] paysim — [fold=1] M2 pool: 78,168/150,000 fraud rows (round 368)
2026-06-14 11:43:24 [INFO] paysim — [fold=1] M2 pool: 78,373/150,000 fraud rows (round 369)
2026-06-14 11:43:25 [INFO] paysim — [fold=1] M2 pool: 78,555/150,000 fraud rows (round 370)
2026-06-14 11:43:25 [INFO] paysim — [fold=1] M2 pool: 78,772/150,000 fraud rows (round 371)
2026-06-14 11:43:26 [INFO] paysim — [fold=1] M2 pool: 78,978/150,000 fraud rows (round 372)
2026-06-14 11:43:26 [INFO] paysim — [fold=1] M2 pool: 79,204/150,000 fraud rows (round 373)
2026-06-14 11:43:27 [INFO] paysim — [fold=1] M2 pool: 79,413/150,000 fraud rows (round 374)
2026-06-14 11:43:27 [INFO] paysim — [fold=1] M2 pool: 79,628/150,000 fraud rows (round 375)
2026-06-14 11:43:28 [INFO] paysim — [fold=1] M2 pool: 79,830/150,000 fraud rows (round 376)
2026-06-14 11:43:28 [INFO] paysim — [fold=1] M2 pool: 80,053/150,000 fraud rows (round 377)
2026-06-14 11:43:29 [INFO] paysim — [fold=1] M2 pool: 80,253/150,000 fraud rows (round 378)
2026-06-14 11:43:29 [INFO] paysim — [fold=1] M2 pool: 80,441/150,000 fraud rows (round 379)
2026-06-14 11:43:30 [INFO] paysim — [fold=1] M2 pool: 80,650/150,000 fraud rows (round 380)
2026-06-14 11:43:30 [INFO] paysim — [fold=1] M2 pool: 80,865/150,000 fraud rows (round 381)
2026-06-14 11:43:31 [INFO] paysim — [fold=1] M2 pool: 81,073/150,000 fraud rows (round 382)
2026-06-14 11:43:31 [INFO] paysim — [fold=1] M2 pool: 81,295/150,000 fraud rows (round 383)
2026-06-14 11:43:32 [INFO] paysim — [fold=1] M2 pool: 81,510/150,000 fraud rows (round 384)
2026-06-14 11:43:32 [INFO] paysim — [fold=1] M2 pool: 81,721/150,000 fraud rows (round 385)
2026-06-14 11:43:33 [INFO] paysim — [fold=1] M2 pool: 81,944/150,000 fraud rows (round 386)
2026-06-14 11:43:33 [INFO] paysim — [fold=1] M2 pool: 82,171/150,000 fraud rows (round 387)
2026-06-14 11:43:34 [INFO] paysim — [fold=1] M2 pool: 82,359/150,000 fraud rows (round 388)
2026-06-14 11:43:34 [INFO] paysim — [fold=1] M2 pool: 82,574/150,000 fraud rows (round 389)
2026-06-14 11:43:34 [INFO] paysim — [fold=1] M2 pool: 82,810/150,000 fraud rows (round 390)
2026-06-14 11:43:35 [INFO] paysim — [fold=1] M2 pool: 83,011/150,000 fraud rows (round 391)
2026-06-14 11:43:35 [INFO] paysim — [fold=1] M2 pool: 83,227/150,000 fraud rows (round 392)
2026-06-14 11:43:36 [INFO] paysim — [fold=1] M2 pool: 83,429/150,000 fraud rows (round 393)
2026-06-14 11:43:37 [INFO] paysim — [fold=1] M2 pool: 83,649/150,000 fraud rows (round 394)
2026-06-14 11:43:37 [INFO] paysim — [fold=1] M2 pool: 83,822/150,000 fraud rows (round 395)
2026-06-14 11:43:38 [INFO] paysim — [fold=1] M2 pool: 84,009/150,000 fraud rows (round 396)
2026-06-14 11:43:39 [INFO] paysim — [fold=1] M2 pool: 84,231/150,000 fraud rows (round 397)
2026-06-14 11:43:40 [INFO] paysim — [fold=1] M2 pool: 84,452/150,000 fraud rows (round 398)
2026-06-14 11:43:40 [INFO] paysim — [fold=1] M2 pool: 84,669/150,000 fraud rows (round 399)
2026-06-14 11:43:41 [INFO] paysim — [fold=1] M2 pool: 84,886/150,000 fraud rows (round 400)
2026-06-14 11:43:41 [INFO] paysim — [fold=1] M2 pool: 85,087/150,000 fraud rows (round 401)
2026-06-14 11:43:42 [INFO] paysim — [fold=1] M2 pool: 85,283/150,000 fraud rows (round 402)
2026-06-14 11:43:42 [INFO] paysim — [fold=1] M2 pool: 85,514/150,000 fraud rows (round 403)
2026-06-14 11:43:43 [INFO] paysim — [fold=1] M2 pool: 85,709/150,000 fraud rows (round 404)
2026-06-14 11:43:43 [INFO] paysim — [fold=1] M2 pool: 85,922/150,000 fraud rows (round 405)
2026-06-14 11:43:44 [INFO] paysim — [fold=1] M2 pool: 86,130/150,000 fraud rows (round 406)
2026-06-14 11:43:44 [INFO] paysim — [fold=1] M2 pool: 86,333/150,000 fraud rows (round 407)
2026-06-14 11:43:45 [INFO] paysim — [fold=1] M2 pool: 86,542/150,000 fraud rows (round 408)
2026-06-14 11:43:45 [INFO] paysim — [fold=1] M2 pool: 86,739/150,000 fraud rows (round 409)
2026-06-14 11:43:46 [INFO] paysim — [fold=1] M2 pool: 86,943/150,000 fraud rows (round 410)
2026-06-14 11:43:46 [INFO] paysim — [fold=1] M2 pool: 87,144/150,000 fraud rows (round 411)
2026-06-14 11:43:47 [INFO] paysim — [fold=1] M2 pool: 87,354/150,000 fraud rows (round 412)
2026-06-14 11:43:47 [INFO] paysim — [fold=1] M2 pool: 87,556/150,000 fraud rows (round 413)
2026-06-14 11:43:48 [INFO] paysim — [fold=1] M2 pool: 87,777/150,000 fraud rows (round 414)
2026-06-14 11:43:48 [INFO] paysim — [fold=1] M2 pool: 88,001/150,000 fraud rows (round 415)
2026-06-14 11:43:49 [INFO] paysim — [fold=1] M2 pool: 88,206/150,000 fraud rows (round 416)
2026-06-14 11:43:49 [INFO] paysim — [fold=1] M2 pool: 88,432/150,000 fraud rows (round 417)
2026-06-14 11:43:50 [INFO] paysim — [fold=1] M2 pool: 88,627/150,000 fraud rows (round 418)
2026-06-14 11:43:50 [INFO] paysim — [fold=1] M2 pool: 88,826/150,000 fraud rows (round 419)
2026-06-14 11:43:51 [INFO] paysim — [fold=1] M2 pool: 89,067/150,000 fraud rows (round 420)
2026-06-14 11:43:51 [INFO] paysim — [fold=1] M2 pool: 89,293/150,000 fraud rows (round 421)
2026-06-14 11:43:52 [INFO] paysim — [fold=1] M2 pool: 89,500/150,000 fraud rows (round 422)
2026-06-14 11:43:52 [INFO] paysim — [fold=1] M2 pool: 89,707/150,000 fraud rows (round 423)
2026-06-14 11:43:53 [INFO] paysim — [fold=1] M2 pool: 89,894/150,000 fraud rows (round 424)
2026-06-14 11:43:53 [INFO] paysim — [fold=1] M2 pool: 90,107/150,000 fraud rows (round 425)
2026-06-14 11:43:54 [INFO] paysim — [fold=1] M2 pool: 90,317/150,000 fraud rows (round 426)
2026-06-14 11:43:54 [INFO] paysim — [fold=1] M2 pool: 90,532/150,000 fraud rows (round 427)
2026-06-14 11:43:55 [INFO] paysim — [fold=1] M2 pool: 90,739/150,000 fraud rows (round 428)
2026-06-14 11:43:56 [INFO] paysim — [fold=1] M2 pool: 90,957/150,000 fraud rows (round 429)
2026-06-14 11:43:57 [INFO] paysim — [fold=1] M2 pool: 91,154/150,000 fraud rows (round 430)
2026-06-14 11:43:58 [INFO] paysim — [fold=1] M2 pool: 91,370/150,000 fraud rows (round 431)
2026-06-14 11:43:58 [INFO] paysim — [fold=1] M2 pool: 91,568/150,000 fraud rows (round 432)
2026-06-14 11:43:58 [INFO] paysim — [fold=1] M2 pool: 91,794/150,000 fraud rows (round 433)
2026-06-14 11:43:59 [INFO] paysim — [fold=1] M2 pool: 92,012/150,000 fraud rows (round 434)
2026-06-14 11:43:59 [INFO] paysim — [fold=1] M2 pool: 92,232/150,000 fraud rows (round 435)
2026-06-14 11:44:00 [INFO] paysim — [fold=1] M2 pool: 92,444/150,000 fraud rows (round 436)
2026-06-14 11:44:00 [INFO] paysim — [fold=1] M2 pool: 92,646/150,000 fraud rows (round 437)
2026-06-14 11:44:01 [INFO] paysim — [fold=1] M2 pool: 92,862/150,000 fraud rows (round 438)
2026-06-14 11:44:01 [INFO] paysim — [fold=1] M2 pool: 93,064/150,000 fraud rows (round 439)
2026-06-14 11:44:02 [INFO] paysim — [fold=1] M2 pool: 93,282/150,000 fraud rows (round 440)
2026-06-14 11:44:02 [INFO] paysim — [fold=1] M2 pool: 93,492/150,000 fraud rows (round 441)
2026-06-14 11:44:03 [INFO] paysim — [fold=1] M2 pool: 93,693/150,000 fraud rows (round 442)
2026-06-14 11:44:03 [INFO] paysim — [fold=1] M2 pool: 93,904/150,000 fraud rows (round 443)
2026-06-14 11:44:04 [INFO] paysim — [fold=1] M2 pool: 94,070/150,000 fraud rows (round 444)
2026-06-14 11:44:04 [INFO] paysim — [fold=1] M2 pool: 94,286/150,000 fraud rows (round 445)
2026-06-14 11:44:05 [INFO] paysim — [fold=1] M2 pool: 94,517/150,000 fraud rows (round 446)
2026-06-14 11:44:05 [INFO] paysim — [fold=1] M2 pool: 94,765/150,000 fraud rows (round 447)
2026-06-14 11:44:06 [INFO] paysim — [fold=1] M2 pool: 94,976/150,000 fraud rows (round 448)
2026-06-14 11:44:06 [INFO] paysim — [fold=1] M2 pool: 95,191/150,000 fraud rows (round 449)
2026-06-14 11:44:07 [INFO] paysim — [fold=1] M2 pool: 95,389/150,000 fraud rows (round 450)
2026-06-14 11:44:07 [INFO] paysim — [fold=1] M2 pool: 95,584/150,000 fraud rows (round 451)
2026-06-14 11:44:08 [INFO] paysim — [fold=1] M2 pool: 95,788/150,000 fraud rows (round 452)
2026-06-14 11:44:08 [INFO] paysim — [fold=1] M2 pool: 96,003/150,000 fraud rows (round 453)
2026-06-14 11:44:09 [INFO] paysim — [fold=1] M2 pool: 96,221/150,000 fraud rows (round 454)
2026-06-14 11:44:09 [INFO] paysim — [fold=1] M2 pool: 96,428/150,000 fraud rows (round 455)
2026-06-14 11:44:10 [INFO] paysim — [fold=1] M2 pool: 96,648/150,000 fraud rows (round 456)
2026-06-14 11:44:10 [INFO] paysim — [fold=1] M2 pool: 96,846/150,000 fraud rows (round 457)
2026-06-14 11:44:11 [INFO] paysim — [fold=1] M2 pool: 97,050/150,000 fraud rows (round 458)
2026-06-14 11:44:11 [INFO] paysim — [fold=1] M2 pool: 97,253/150,000 fraud rows (round 459)
2026-06-14 11:44:12 [INFO] paysim — [fold=1] M2 pool: 97,454/150,000 fraud rows (round 460)
2026-06-14 11:44:13 [INFO] paysim — [fold=1] M2 pool: 97,678/150,000 fraud rows (round 461)
2026-06-14 11:44:13 [INFO] paysim — [fold=1] M2 pool: 97,897/150,000 fraud rows (round 462)
2026-06-14 11:44:15 [INFO] paysim — [fold=1] M2 pool: 98,099/150,000 fraud rows (round 463)
2026-06-14 11:44:15 [INFO] paysim — [fold=1] M2 pool: 98,335/150,000 fraud rows (round 464)
2026-06-14 11:44:16 [INFO] paysim — [fold=1] M2 pool: 98,555/150,000 fraud rows (round 465)
2026-06-14 11:44:16 [INFO] paysim — [fold=1] M2 pool: 98,757/150,000 fraud rows (round 466)
2026-06-14 11:44:17 [INFO] paysim — [fold=1] M2 pool: 98,956/150,000 fraud rows (round 467)
2026-06-14 11:44:17 [INFO] paysim — [fold=1] M2 pool: 99,163/150,000 fraud rows (round 468)
2026-06-14 11:44:18 [INFO] paysim — [fold=1] M2 pool: 99,382/150,000 fraud rows (round 469)
2026-06-14 11:44:18 [INFO] paysim — [fold=1] M2 pool: 99,600/150,000 fraud rows (round 470)
2026-06-14 11:44:19 [INFO] paysim — [fold=1] M2 pool: 99,807/150,000 fraud rows (round 471)
2026-06-14 11:44:19 [INFO] paysim — [fold=1] M2 pool: 100,021/150,000 fraud rows (round 472)
2026-06-14 11:44:20 [INFO] paysim — [fold=1] M2 pool: 100,224/150,000 fraud rows (round 473)
2026-06-14 11:44:20 [INFO] paysim — [fold=1] M2 pool: 100,426/150,000 fraud rows (round 474)
2026-06-14 11:44:20 [INFO] paysim — [fold=1] M2 pool: 100,616/150,000 fraud rows (round 475)
2026-06-14 11:44:21 [INFO] paysim — [fold=1] M2 pool: 100,834/150,000 fraud rows (round 476)
2026-06-14 11:44:21 [INFO] paysim — [fold=1] M2 pool: 101,036/150,000 fraud rows (round 477)
2026-06-14 11:44:22 [INFO] paysim — [fold=1] M2 pool: 101,251/150,000 fraud rows (round 478)
2026-06-14 11:44:22 [INFO] paysim — [fold=1] M2 pool: 101,474/150,000 fraud rows (round 479)
2026-06-14 11:44:23 [INFO] paysim — [fold=1] M2 pool: 101,690/150,000 fraud rows (round 480)
2026-06-14 11:44:23 [INFO] paysim — [fold=1] M2 pool: 101,901/150,000 fraud rows (round 481)
2026-06-14 11:44:24 [INFO] paysim — [fold=1] M2 pool: 102,122/150,000 fraud rows (round 482)
2026-06-14 11:44:24 [INFO] paysim — [fold=1] M2 pool: 102,329/150,000 fraud rows (round 483)
2026-06-14 11:44:25 [INFO] paysim — [fold=1] M2 pool: 102,539/150,000 fraud rows (round 484)
2026-06-14 11:44:25 [INFO] paysim — [fold=1] M2 pool: 102,744/150,000 fraud rows (round 485)
2026-06-14 11:44:26 [INFO] paysim — [fold=1] M2 pool: 102,976/150,000 fraud rows (round 486)
2026-06-14 11:44:26 [INFO] paysim — [fold=1] M2 pool: 103,178/150,000 fraud rows (round 487)
2026-06-14 11:44:27 [INFO] paysim — [fold=1] M2 pool: 103,388/150,000 fraud rows (round 488)
2026-06-14 11:44:27 [INFO] paysim — [fold=1] M2 pool: 103,605/150,000 fraud rows (round 489)
2026-06-14 11:44:28 [INFO] paysim — [fold=1] M2 pool: 103,823/150,000 fraud rows (round 490)
2026-06-14 11:44:28 [INFO] paysim — [fold=1] M2 pool: 104,049/150,000 fraud rows (round 491)
2026-06-14 11:44:29 [INFO] paysim — [fold=1] M2 pool: 104,249/150,000 fraud rows (round 492)
2026-06-14 11:44:30 [INFO] paysim — [fold=1] M2 pool: 104,453/150,000 fraud rows (round 493)
2026-06-14 11:44:30 [INFO] paysim — [fold=1] M2 pool: 104,655/150,000 fraud rows (round 494)
2026-06-14 11:44:31 [INFO] paysim — [fold=1] M2 pool: 104,894/150,000 fraud rows (round 495)
2026-06-14 11:44:32 [INFO] paysim — [fold=1] M2 pool: 105,129/150,000 fraud rows (round 496)
2026-06-14 11:44:33 [INFO] paysim — [fold=1] M2 pool: 105,324/150,000 fraud rows (round 497)
2026-06-14 11:44:33 [INFO] paysim — [fold=1] M2 pool: 105,533/150,000 fraud rows (round 498)
2026-06-14 11:44:34 [INFO] paysim — [fold=1] M2 pool: 105,760/150,000 fraud rows (round 499)
2026-06-14 11:44:34 [INFO] paysim — [fold=1] M2 pool: 105,967/150,000 fraud rows (round 500)
2026-06-14 11:44:35 [INFO] paysim — [fold=1] M2 pool: 106,177/150,000 fraud rows (round 501)
2026-06-14 11:44:35 [INFO] paysim — [fold=1] M2 pool: 106,391/150,000 fraud rows (round 502)
2026-06-14 11:44:36 [INFO] paysim — [fold=1] M2 pool: 106,590/150,000 fraud rows (round 503)
2026-06-14 11:44:36 [INFO] paysim — [fold=1] M2 pool: 106,805/150,000 fraud rows (round 504)
2026-06-14 11:44:37 [INFO] paysim — [fold=1] M2 pool: 107,038/150,000 fraud rows (round 505)
2026-06-14 11:44:37 [INFO] paysim — [fold=1] M2 pool: 107,253/150,000 fraud rows (round 506)
2026-06-14 11:44:38 [INFO] paysim — [fold=1] M2 pool: 107,480/150,000 fraud rows (round 507)
2026-06-14 11:44:38 [INFO] paysim — [fold=1] M2 pool: 107,683/150,000 fraud rows (round 508)
2026-06-14 11:44:39 [INFO] paysim — [fold=1] M2 pool: 107,876/150,000 fraud rows (round 509)
2026-06-14 11:44:39 [INFO] paysim — [fold=1] M2 pool: 108,097/150,000 fraud rows (round 510)
2026-06-14 11:44:40 [INFO] paysim — [fold=1] M2 pool: 108,307/150,000 fraud rows (round 511)
2026-06-14 11:44:40 [INFO] paysim — [fold=1] M2 pool: 108,532/150,000 fraud rows (round 512)
2026-06-14 11:44:41 [INFO] paysim — [fold=1] M2 pool: 108,730/150,000 fraud rows (round 513)
2026-06-14 11:44:41 [INFO] paysim — [fold=1] M2 pool: 108,933/150,000 fraud rows (round 514)
2026-06-14 11:44:42 [INFO] paysim — [fold=1] M2 pool: 109,130/150,000 fraud rows (round 515)
2026-06-14 11:44:42 [INFO] paysim — [fold=1] M2 pool: 109,317/150,000 fraud rows (round 516)
2026-06-14 11:44:42 [INFO] paysim — [fold=1] M2 pool: 109,540/150,000 fraud rows (round 517)
2026-06-14 11:44:43 [INFO] paysim — [fold=1] M2 pool: 109,768/150,000 fraud rows (round 518)
2026-06-14 11:44:43 [INFO] paysim — [fold=1] M2 pool: 109,978/150,000 fraud rows (round 519)
2026-06-14 11:44:44 [INFO] paysim — [fold=1] M2 pool: 110,206/150,000 fraud rows (round 520)
2026-06-14 11:44:44 [INFO] paysim — [fold=1] M2 pool: 110,401/150,000 fraud rows (round 521)
2026-06-14 11:44:45 [INFO] paysim — [fold=1] M2 pool: 110,603/150,000 fraud rows (round 522)
2026-06-14 11:44:45 [INFO] paysim — [fold=1] M2 pool: 110,802/150,000 fraud rows (round 523)
2026-06-14 11:44:46 [INFO] paysim — [fold=1] M2 pool: 111,060/150,000 fraud rows (round 524)
2026-06-14 11:44:46 [INFO] paysim — [fold=1] M2 pool: 111,246/150,000 fraud rows (round 525)
2026-06-14 11:44:47 [INFO] paysim — [fold=1] M2 pool: 111,475/150,000 fraud rows (round 526)
2026-06-14 11:44:48 [INFO] paysim — [fold=1] M2 pool: 111,677/150,000 fraud rows (round 527)
2026-06-14 11:44:49 [INFO] paysim — [fold=1] M2 pool: 111,888/150,000 fraud rows (round 528)
2026-06-14 11:44:50 [INFO] paysim — [fold=1] M2 pool: 112,103/150,000 fraud rows (round 529)
2026-06-14 11:44:50 [INFO] paysim — [fold=1] M2 pool: 112,290/150,000 fraud rows (round 530)
2026-06-14 11:44:51 [INFO] paysim — [fold=1] M2 pool: 112,527/150,000 fraud rows (round 531)
2026-06-14 11:44:51 [INFO] paysim — [fold=1] M2 pool: 112,741/150,000 fraud rows (round 532)
2026-06-14 11:44:52 [INFO] paysim — [fold=1] M2 pool: 112,946/150,000 fraud rows (round 533)
2026-06-14 11:44:52 [INFO] paysim — [fold=1] M2 pool: 113,153/150,000 fraud rows (round 534)
2026-06-14 11:44:53 [INFO] paysim — [fold=1] M2 pool: 113,384/150,000 fraud rows (round 535)
2026-06-14 11:44:53 [INFO] paysim — [fold=1] M2 pool: 113,623/150,000 fraud rows (round 536)
2026-06-14 11:44:54 [INFO] paysim — [fold=1] M2 pool: 113,836/150,000 fraud rows (round 537)
2026-06-14 11:44:54 [INFO] paysim — [fold=1] M2 pool: 114,052/150,000 fraud rows (round 538)
2026-06-14 11:44:55 [INFO] paysim — [fold=1] M2 pool: 114,254/150,000 fraud rows (round 539)
2026-06-14 11:44:55 [INFO] paysim — [fold=1] M2 pool: 114,463/150,000 fraud rows (round 540)
2026-06-14 11:44:56 [INFO] paysim — [fold=1] M2 pool: 114,683/150,000 fraud rows (round 541)
2026-06-14 11:44:56 [INFO] paysim — [fold=1] M2 pool: 114,927/150,000 fraud rows (round 542)
2026-06-14 11:44:57 [INFO] paysim — [fold=1] M2 pool: 115,114/150,000 fraud rows (round 543)
2026-06-14 11:44:57 [INFO] paysim — [fold=1] M2 pool: 115,314/150,000 fraud rows (round 544)
2026-06-14 11:44:58 [INFO] paysim — [fold=1] M2 pool: 115,500/150,000 fraud rows (round 545)
2026-06-14 11:44:58 [INFO] paysim — [fold=1] M2 pool: 115,697/150,000 fraud rows (round 546)
2026-06-14 11:44:59 [INFO] paysim — [fold=1] M2 pool: 115,930/150,000 fraud rows (round 547)
2026-06-14 11:44:59 [INFO] paysim — [fold=1] M2 pool: 116,136/150,000 fraud rows (round 548)
2026-06-14 11:45:00 [INFO] paysim — [fold=1] M2 pool: 116,364/150,000 fraud rows (round 549)
2026-06-14 11:45:00 [INFO] paysim — [fold=1] M2 pool: 116,594/150,000 fraud rows (round 550)
2026-06-14 11:45:01 [INFO] paysim — [fold=1] M2 pool: 116,792/150,000 fraud rows (round 551)
2026-06-14 11:45:01 [INFO] paysim — [fold=1] M2 pool: 117,038/150,000 fraud rows (round 552)
2026-06-14 11:45:02 [INFO] paysim — [fold=1] M2 pool: 117,267/150,000 fraud rows (round 553)
2026-06-14 11:45:02 [INFO] paysim — [fold=1] M2 pool: 117,482/150,000 fraud rows (round 554)
2026-06-14 11:45:03 [INFO] paysim — [fold=1] M2 pool: 117,679/150,000 fraud rows (round 555)
2026-06-14 11:45:03 [INFO] paysim — [fold=1] M2 pool: 117,882/150,000 fraud rows (round 556)
2026-06-14 11:45:04 [INFO] paysim — [fold=1] M2 pool: 118,079/150,000 fraud rows (round 557)
2026-06-14 11:45:04 [INFO] paysim — [fold=1] M2 pool: 118,279/150,000 fraud rows (round 558)
2026-06-14 11:45:05 [INFO] paysim — [fold=1] M2 pool: 118,474/150,000 fraud rows (round 559)
2026-06-14 11:45:06 [INFO] paysim — [fold=1] M2 pool: 118,697/150,000 fraud rows (round 560)
2026-06-14 11:45:07 [INFO] paysim — [fold=1] M2 pool: 118,917/150,000 fraud rows (round 561)
2026-06-14 11:45:08 [INFO] paysim — [fold=1] M2 pool: 119,146/150,000 fraud rows (round 562)
2026-06-14 11:45:08 [INFO] paysim — [fold=1] M2 pool: 119,351/150,000 fraud rows (round 563)
2026-06-14 11:45:09 [INFO] paysim — [fold=1] M2 pool: 119,555/150,000 fraud rows (round 564)
2026-06-14 11:45:09 [INFO] paysim — [fold=1] M2 pool: 119,765/150,000 fraud rows (round 565)
2026-06-14 11:45:10 [INFO] paysim — [fold=1] M2 pool: 119,971/150,000 fraud rows (round 566)
2026-06-14 11:45:10 [INFO] paysim — [fold=1] M2 pool: 120,182/150,000 fraud rows (round 567)
2026-06-14 11:45:11 [INFO] paysim — [fold=1] M2 pool: 120,419/150,000 fraud rows (round 568)
2026-06-14 11:45:11 [INFO] paysim — [fold=1] M2 pool: 120,643/150,000 fraud rows (round 569)
2026-06-14 11:45:12 [INFO] paysim — [fold=1] M2 pool: 120,835/150,000 fraud rows (round 570)
2026-06-14 11:45:12 [INFO] paysim — [fold=1] M2 pool: 121,045/150,000 fraud rows (round 571)
2026-06-14 11:45:13 [INFO] paysim — [fold=1] M2 pool: 121,281/150,000 fraud rows (round 572)
2026-06-14 11:45:13 [INFO] paysim — [fold=1] M2 pool: 121,508/150,000 fraud rows (round 573)
2026-06-14 11:45:14 [INFO] paysim — [fold=1] M2 pool: 121,741/150,000 fraud rows (round 574)
2026-06-14 11:45:14 [INFO] paysim — [fold=1] M2 pool: 121,978/150,000 fraud rows (round 575)
2026-06-14 11:45:15 [INFO] paysim — [fold=1] M2 pool: 122,180/150,000 fraud rows (round 576)
2026-06-14 11:45:15 [INFO] paysim — [fold=1] M2 pool: 122,398/150,000 fraud rows (round 577)
2026-06-14 11:45:16 [INFO] paysim — [fold=1] M2 pool: 122,608/150,000 fraud rows (round 578)
2026-06-14 11:45:16 [INFO] paysim — [fold=1] M2 pool: 122,811/150,000 fraud rows (round 579)
2026-06-14 11:45:17 [INFO] paysim — [fold=1] M2 pool: 123,033/150,000 fraud rows (round 580)
2026-06-14 11:45:17 [INFO] paysim — [fold=1] M2 pool: 123,239/150,000 fraud rows (round 581)
2026-06-14 11:45:17 [INFO] paysim — [fold=1] M2 pool: 123,430/150,000 fraud rows (round 582)
2026-06-14 11:45:18 [INFO] paysim — [fold=1] M2 pool: 123,640/150,000 fraud rows (round 583)
2026-06-14 11:45:18 [INFO] paysim — [fold=1] M2 pool: 123,885/150,000 fraud rows (round 584)
2026-06-14 11:45:19 [INFO] paysim — [fold=1] M2 pool: 124,114/150,000 fraud rows (round 585)
2026-06-14 11:45:19 [INFO] paysim — [fold=1] M2 pool: 124,344/150,000 fraud rows (round 586)
2026-06-14 11:45:20 [INFO] paysim — [fold=1] M2 pool: 124,539/150,000 fraud rows (round 587)
2026-06-14 11:45:20 [INFO] paysim — [fold=1] M2 pool: 124,759/150,000 fraud rows (round 588)
2026-06-14 11:45:21 [INFO] paysim — [fold=1] M2 pool: 124,988/150,000 fraud rows (round 589)
2026-06-14 11:45:21 [INFO] paysim — [fold=1] M2 pool: 125,196/150,000 fraud rows (round 590)
2026-06-14 11:45:22 [INFO] paysim — [fold=1] M2 pool: 125,393/150,000 fraud rows (round 591)
2026-06-14 11:45:23 [INFO] paysim — [fold=1] M2 pool: 125,588/150,000 fraud rows (round 592)
2026-06-14 11:45:23 [INFO] paysim — [fold=1] M2 pool: 125,795/150,000 fraud rows (round 593)
2026-06-14 11:45:24 [INFO] paysim — [fold=1] M2 pool: 126,009/150,000 fraud rows (round 594)
2026-06-14 11:45:25 [INFO] paysim — [fold=1] M2 pool: 126,224/150,000 fraud rows (round 595)
2026-06-14 11:45:26 [INFO] paysim — [fold=1] M2 pool: 126,432/150,000 fraud rows (round 596)
2026-06-14 11:45:26 [INFO] paysim — [fold=1] M2 pool: 126,639/150,000 fraud rows (round 597)
2026-06-14 11:45:27 [INFO] paysim — [fold=1] M2 pool: 126,860/150,000 fraud rows (round 598)
2026-06-14 11:45:27 [INFO] paysim — [fold=1] M2 pool: 127,073/150,000 fraud rows (round 599)
2026-06-14 11:45:28 [INFO] paysim — [fold=1] M2 pool: 127,291/150,000 fraud rows (round 600)
2026-06-14 11:45:28 [INFO] paysim — [fold=1] M2 pool: 127,513/150,000 fraud rows (round 601)
2026-06-14 11:45:29 [INFO] paysim — [fold=1] M2 pool: 127,722/150,000 fraud rows (round 602)
2026-06-14 11:45:29 [INFO] paysim — [fold=1] M2 pool: 127,927/150,000 fraud rows (round 603)
2026-06-14 11:45:30 [INFO] paysim — [fold=1] M2 pool: 128,145/150,000 fraud rows (round 604)
2026-06-14 11:45:30 [INFO] paysim — [fold=1] M2 pool: 128,352/150,000 fraud rows (round 605)
2026-06-14 11:45:31 [INFO] paysim — [fold=1] M2 pool: 128,565/150,000 fraud rows (round 606)
2026-06-14 11:45:31 [INFO] paysim — [fold=1] M2 pool: 128,733/150,000 fraud rows (round 607)
2026-06-14 11:45:32 [INFO] paysim — [fold=1] M2 pool: 128,949/150,000 fraud rows (round 608)
2026-06-14 11:45:32 [INFO] paysim — [fold=1] M2 pool: 129,181/150,000 fraud rows (round 609)
2026-06-14 11:45:33 [INFO] paysim — [fold=1] M2 pool: 129,391/150,000 fraud rows (round 610)
2026-06-14 11:45:33 [INFO] paysim — [fold=1] M2 pool: 129,601/150,000 fraud rows (round 611)
2026-06-14 11:45:34 [INFO] paysim — [fold=1] M2 pool: 129,798/150,000 fraud rows (round 612)
2026-06-14 11:45:34 [INFO] paysim — [fold=1] M2 pool: 130,016/150,000 fraud rows (round 613)
2026-06-14 11:45:35 [INFO] paysim — [fold=1] M2 pool: 130,244/150,000 fraud rows (round 614)
2026-06-14 11:45:35 [INFO] paysim — [fold=1] M2 pool: 130,452/150,000 fraud rows (round 615)
2026-06-14 11:45:36 [INFO] paysim — [fold=1] M2 pool: 130,644/150,000 fraud rows (round 616)
2026-06-14 11:45:36 [INFO] paysim — [fold=1] M2 pool: 130,848/150,000 fraud rows (round 617)
2026-06-14 11:45:37 [INFO] paysim — [fold=1] M2 pool: 131,086/150,000 fraud rows (round 618)
2026-06-14 11:45:37 [INFO] paysim — [fold=1] M2 pool: 131,290/150,000 fraud rows (round 619)
2026-06-14 11:45:38 [INFO] paysim — [fold=1] M2 pool: 131,493/150,000 fraud rows (round 620)
2026-06-14 11:45:38 [INFO] paysim — [fold=1] M2 pool: 131,713/150,000 fraud rows (round 621)
2026-06-14 11:45:39 [INFO] paysim — [fold=1] M2 pool: 131,916/150,000 fraud rows (round 622)
2026-06-14 11:45:39 [INFO] paysim — [fold=1] M2 pool: 132,131/150,000 fraud rows (round 623)
2026-06-14 11:45:40 [INFO] paysim — [fold=1] M2 pool: 132,361/150,000 fraud rows (round 624)
2026-06-14 11:45:40 [INFO] paysim — [fold=1] M2 pool: 132,584/150,000 fraud rows (round 625)
2026-06-14 11:45:41 [INFO] paysim — [fold=1] M2 pool: 132,782/150,000 fraud rows (round 626)
2026-06-14 11:45:42 [INFO] paysim — [fold=1] M2 pool: 133,006/150,000 fraud rows (round 627)
2026-06-14 11:45:43 [INFO] paysim — [fold=1] M2 pool: 133,219/150,000 fraud rows (round 628)
2026-06-14 11:45:44 [INFO] paysim — [fold=1] M2 pool: 133,450/150,000 fraud rows (round 629)
2026-06-14 11:45:44 [INFO] paysim — [fold=1] M2 pool: 133,650/150,000 fraud rows (round 630)
2026-06-14 11:45:44 [INFO] paysim — [fold=1] M2 pool: 133,852/150,000 fraud rows (round 631)
2026-06-14 11:45:45 [INFO] paysim — [fold=1] M2 pool: 134,070/150,000 fraud rows (round 632)
2026-06-14 11:45:45 [INFO] paysim — [fold=1] M2 pool: 134,296/150,000 fraud rows (round 633)
2026-06-14 11:45:46 [INFO] paysim — [fold=1] M2 pool: 134,502/150,000 fraud rows (round 634)
2026-06-14 11:45:46 [INFO] paysim — [fold=1] M2 pool: 134,717/150,000 fraud rows (round 635)
2026-06-14 11:45:47 [INFO] paysim — [fold=1] M2 pool: 134,935/150,000 fraud rows (round 636)
2026-06-14 11:45:47 [INFO] paysim — [fold=1] M2 pool: 135,176/150,000 fraud rows (round 637)
2026-06-14 11:45:48 [INFO] paysim — [fold=1] M2 pool: 135,396/150,000 fraud rows (round 638)
2026-06-14 11:45:48 [INFO] paysim — [fold=1] M2 pool: 135,632/150,000 fraud rows (round 639)
2026-06-14 11:45:49 [INFO] paysim — [fold=1] M2 pool: 135,862/150,000 fraud rows (round 640)
2026-06-14 11:45:49 [INFO] paysim — [fold=1] M2 pool: 136,086/150,000 fraud rows (round 641)
2026-06-14 11:45:50 [INFO] paysim — [fold=1] M2 pool: 136,282/150,000 fraud rows (round 642)
2026-06-14 11:45:50 [INFO] paysim — [fold=1] M2 pool: 136,496/150,000 fraud rows (round 643)
2026-06-14 11:45:51 [INFO] paysim — [fold=1] M2 pool: 136,713/150,000 fraud rows (round 644)
2026-06-14 11:45:51 [INFO] paysim — [fold=1] M2 pool: 136,927/150,000 fraud rows (round 645)
2026-06-14 11:45:52 [INFO] paysim — [fold=1] M2 pool: 137,123/150,000 fraud rows (round 646)
2026-06-14 11:45:52 [INFO] paysim — [fold=1] M2 pool: 137,312/150,000 fraud rows (round 647)
2026-06-14 11:45:53 [INFO] paysim — [fold=1] M2 pool: 137,522/150,000 fraud rows (round 648)
2026-06-14 11:45:53 [INFO] paysim — [fold=1] M2 pool: 137,736/150,000 fraud rows (round 649)
2026-06-14 11:45:54 [INFO] paysim — [fold=1] M2 pool: 137,939/150,000 fraud rows (round 650)
2026-06-14 11:45:54 [INFO] paysim — [fold=1] M2 pool: 138,163/150,000 fraud rows (round 651)
2026-06-14 11:45:55 [INFO] paysim — [fold=1] M2 pool: 138,381/150,000 fraud rows (round 652)
2026-06-14 11:45:55 [INFO] paysim — [fold=1] M2 pool: 138,585/150,000 fraud rows (round 653)
2026-06-14 11:45:56 [INFO] paysim — [fold=1] M2 pool: 138,798/150,000 fraud rows (round 654)
2026-06-14 11:45:56 [INFO] paysim — [fold=1] M2 pool: 139,000/150,000 fraud rows (round 655)
2026-06-14 11:45:57 [INFO] paysim — [fold=1] M2 pool: 139,226/150,000 fraud rows (round 656)
2026-06-14 11:45:57 [INFO] paysim — [fold=1] M2 pool: 139,454/150,000 fraud rows (round 657)
2026-06-14 11:45:58 [INFO] paysim — [fold=1] M2 pool: 139,645/150,000 fraud rows (round 658)
2026-06-14 11:45:59 [INFO] paysim — [fold=1] M2 pool: 139,867/150,000 fraud rows (round 659)
2026-06-14 11:45:59 [INFO] paysim — [fold=1] M2 pool: 140,086/150,000 fraud rows (round 660)
2026-06-14 11:46:01 [INFO] paysim — [fold=1] M2 pool: 140,299/150,000 fraud rows (round 661)
2026-06-14 11:46:01 [INFO] paysim — [fold=1] M2 pool: 140,481/150,000 fraud rows (round 662)
2026-06-14 11:46:02 [INFO] paysim — [fold=1] M2 pool: 140,702/150,000 fraud rows (round 663)
2026-06-14 11:46:02 [INFO] paysim — [fold=1] M2 pool: 140,919/150,000 fraud rows (round 664)
2026-06-14 11:46:03 [INFO] paysim — [fold=1] M2 pool: 141,124/150,000 fraud rows (round 665)
2026-06-14 11:46:03 [INFO] paysim — [fold=1] M2 pool: 141,310/150,000 fraud rows (round 666)
2026-06-14 11:46:04 [INFO] paysim — [fold=1] M2 pool: 141,522/150,000 fraud rows (round 667)
2026-06-14 11:46:04 [INFO] paysim — [fold=1] M2 pool: 141,752/150,000 fraud rows (round 668)
2026-06-14 11:46:05 [INFO] paysim — [fold=1] M2 pool: 141,926/150,000 fraud rows (round 669)
2026-06-14 11:46:05 [INFO] paysim — [fold=1] M2 pool: 142,143/150,000 fraud rows (round 670)
2026-06-14 11:46:06 [INFO] paysim — [fold=1] M2 pool: 142,345/150,000 fraud rows (round 671)
2026-06-14 11:46:06 [INFO] paysim — [fold=1] M2 pool: 142,579/150,000 fraud rows (round 672)
2026-06-14 11:46:07 [INFO] paysim — [fold=1] M2 pool: 142,781/150,000 fraud rows (round 673)
2026-06-14 11:46:07 [INFO] paysim — [fold=1] M2 pool: 142,994/150,000 fraud rows (round 674)
2026-06-14 11:46:08 [INFO] paysim — [fold=1] M2 pool: 143,234/150,000 fraud rows (round 675)
2026-06-14 11:46:08 [INFO] paysim — [fold=1] M2 pool: 143,444/150,000 fraud rows (round 676)
2026-06-14 11:46:09 [INFO] paysim — [fold=1] M2 pool: 143,648/150,000 fraud rows (round 677)
2026-06-14 11:46:09 [INFO] paysim — [fold=1] M2 pool: 143,875/150,000 fraud rows (round 678)
2026-06-14 11:46:09 [INFO] paysim — [fold=1] M2 pool: 144,072/150,000 fraud rows (round 679)
2026-06-14 11:46:10 [INFO] paysim — [fold=1] M2 pool: 144,285/150,000 fraud rows (round 680)
2026-06-14 11:46:10 [INFO] paysim — [fold=1] M2 pool: 144,491/150,000 fraud rows (round 681)
2026-06-14 11:46:11 [INFO] paysim — [fold=1] M2 pool: 144,708/150,000 fraud rows (round 682)
2026-06-14 11:46:11 [INFO] paysim — [fold=1] M2 pool: 144,909/150,000 fraud rows (round 683)
2026-06-14 11:46:12 [INFO] paysim — [fold=1] M2 pool: 145,134/150,000 fraud rows (round 684)
2026-06-14 11:46:12 [INFO] paysim — [fold=1] M2 pool: 145,367/150,000 fraud rows (round 685)
2026-06-14 11:46:13 [INFO] paysim — [fold=1] M2 pool: 145,592/150,000 fraud rows (round 686)
2026-06-14 11:46:13 [INFO] paysim — [fold=1] M2 pool: 145,792/150,000 fraud rows (round 687)
2026-06-14 11:46:14 [INFO] paysim — [fold=1] M2 pool: 145,995/150,000 fraud rows (round 688)
2026-06-14 11:46:14 [INFO] paysim — [fold=1] M2 pool: 146,204/150,000 fraud rows (round 689)
2026-06-14 11:46:15 [INFO] paysim — [fold=1] M2 pool: 146,412/150,000 fraud rows (round 690)
2026-06-14 11:46:16 [INFO] paysim — [fold=1] M2 pool: 146,645/150,000 fraud rows (round 691)
2026-06-14 11:46:16 [INFO] paysim — [fold=1] M2 pool: 146,858/150,000 fraud rows (round 692)
2026-06-14 11:46:17 [INFO] paysim — [fold=1] M2 pool: 147,073/150,000 fraud rows (round 693)
2026-06-14 11:46:18 [INFO] paysim — [fold=1] M2 pool: 147,295/150,000 fraud rows (round 694)
2026-06-14 11:46:19 [INFO] paysim — [fold=1] M2 pool: 147,502/150,000 fraud rows (round 695)
2026-06-14 11:46:19 [INFO] paysim — [fold=1] M2 pool: 147,711/150,000 fraud rows (round 696)
2026-06-14 11:46:20 [INFO] paysim — [fold=1] M2 pool: 147,936/150,000 fraud rows (round 697)
2026-06-14 11:46:20 [INFO] paysim — [fold=1] M2 pool: 148,196/150,000 fraud rows (round 698)
2026-06-14 11:46:21 [INFO] paysim — [fold=1] M2 pool: 148,423/150,000 fraud rows (round 699)
2026-06-14 11:46:21 [INFO] paysim — [fold=1] M2 pool: 148,627/150,000 fraud rows (round 700)
2026-06-14 11:46:22 [INFO] paysim — [fold=1] M2 pool: 148,854/150,000 fraud rows (round 701)
2026-06-14 11:46:22 [INFO] paysim — [fold=1] M2 pool: 149,054/150,000 fraud rows (round 702)
2026-06-14 11:46:23 [INFO] paysim — [fold=1] M2 pool: 149,277/150,000 fraud rows (round 703)
2026-06-14 11:46:23 [INFO] paysim — [fold=1] M2 pool: 149,478/150,000 fraud rows (round 704)
2026-06-14 11:46:24 [INFO] paysim — [fold=1] M2 pool: 149,706/150,000 fraud rows (round 705)
2026-06-14 11:46:24 [INFO] paysim — [fold=1] M2 pool: 149,916/150,000 fraud rows (round 706)
2026-06-14 11:46:25 [INFO] paysim — [fold=1] M2 pool: 150,118/150,000 fraud rows (round 707)
2026-06-14 11:46:26 [INFO] paysim — [fold=1] M2 pool saved: 150,000 fraud rows → /shared/paysim-sarmad/synthetic/fold_1/pool_m2.csv
2026-06-14 11:46:26 [INFO] paysim — [fold=1] ✔ DONE  generate_m2  (377.5s)
2026-06-14 11:48:35 [INFO] paysim — [fold=1] M3 pool saved: 6,419 fraud rows (natural yield from 15,000,000 samples) → /shared/paysim-sarmad/synthetic/fold_1/pool_m3.csv
2026-06-14 11:48:35 [INFO] paysim — [fold=1] ✔ DONE  generate_m3  (509.0s)
2026-06-14 11:48:35 [INFO] paysim — [fold=1] ✔ DONE  generate_all_pools  (509.2s)
2026-06-14 11:48:35 [INFO] paysim — [fold=1] TOTAL elapsed: 3090.8s  (0.86h)
2026-06-14 11:48:35 [INFO] paysim — [fold=1] stop_after_generation=True — skipping baseline_eval + optuna_studies
2026-06-14 11:48:37 [INFO] paysim — [fold=1] Combined fraud pool exported: 306419 rows → /shared/paysim-sarmad/synthetic/for_classifier/split_1.csv
2026-06-14 11:48:37 [INFO] paysim — [fold=1] Results saved → /shared/paysim-sarmad/results/fold_1_results.json
[run_parallel] fold 1 complete
[run_parallel] folds 0+1 done

============================================================
[run_parallel] Starting folds 2+3
============================================================
2026-06-14 11:48:40 [INFO] paysim — [fold=2] process started — physical GPUs (0,1) → cuda:(0,1)
2026-06-14 11:48:40 [INFO] paysim — [fold=3] process started — physical GPUs (2,3) → cuda:(0,1)
2026-06-14 11:48:42 [INFO] paysim — ============================================================
2026-06-14 11:48:42 [INFO] paysim — FOLD 2 — pipeline start
2026-06-14 11:48:42 [INFO] paysim — ============================================================
2026-06-14 11:48:42 [INFO] paysim — ============================================================
2026-06-14 11:48:42 [INFO] paysim — FOLD 3 — pipeline start
2026-06-14 11:48:42 [INFO] paysim — ============================================================
2026-06-14 11:48:42 [INFO] paysim — [fold=2] ▶ START load_data
2026-06-14 11:48:42 [INFO] paysim — [fold=3] ▶ START load_data
2026-06-14 11:48:49 [INFO] paysim — train: 3,186,492 rows | fraud=2,705 (0.085%)
2026-06-14 11:48:49 [INFO] paysim — test: 1,076,787 rows | fraud=750 (0.070%)
2026-06-14 11:48:49 [INFO] paysim — [fold=2] ✔ DONE  load_data  (7.4s)
2026-06-14 11:48:51 [INFO] paysim — train_argn (holdout reserved, unused): 2,549,193 rows | fraud=2,164 (0.085%)
2026-06-14 11:48:51 [INFO] paysim — holdout (reserved, unused): 637,299 rows | fraud=541 (0.085%)
2026-06-14 11:48:51 [INFO] paysim — train: 4,263,279 rows | fraud=3,455 (0.081%)
2026-06-14 11:48:51 [INFO] paysim — test: 1,051,462 rows | fraud=710 (0.068%)
2026-06-14 11:48:51 [INFO] paysim — [fold=3] ✔ DONE  load_data  (9.4s)
2026-06-14 11:48:52 [INFO] paysim — M1: 2,705 rows | fraud=2,705 (100.000%)
2026-06-14 11:48:52 [INFO] paysim — M2: 321,084 rows | fraud=2,705 (0.842%)
2026-06-14 11:48:52 [INFO] paysim — M3: 3,186,492 rows | fraud=2,705 (0.085%)
2026-06-14 11:48:52 [INFO] paysim — [fold=2] ▶ START train_all_argns
2026-06-14 11:48:54 [INFO] paysim — train_argn (holdout reserved, unused): 3,410,623 rows | fraud=2,764 (0.081%)
2026-06-14 11:48:54 [INFO] paysim — holdout (reserved, unused): 852,656 rows | fraud=691 (0.081%)
2026-06-14 11:48:55 [INFO] paysim — M1: 3,455 rows | fraud=3,455 (100.000%)
2026-06-14 11:48:55 [INFO] paysim — M2: 429,438 rows | fraud=3,455 (0.805%)
2026-06-14 11:48:55 [INFO] paysim — M3: 4,263,279 rows | fraud=3,455 (0.081%)
2026-06-14 11:48:55 [INFO] paysim — [fold=3] ▶ START train_all_argns
2026-06-14 11:48:56 [INFO] mostlyai.engine._common — running on Python (3.11.15)
2026-06-14 11:48:57 [INFO] paysim — [fold=2] Launching M3 on cuda:1 (subprocess)
2026-06-14 11:48:57 [INFO] paysim — [fold=2] ▶ START train_m1
[2026-06-14 11:48:57,965] INFO   : SPLIT started
[2026-06-14 11:48:57,966] INFO   : create `/shared/paysim-sarmad/models/fold_2/m1/OriginalData/tgt-data`
[2026-06-14 11:48:57,966] INFO   : create `/shared/paysim-sarmad/models/fold_2/m1/OriginalData/tgt-meta`
[2026-06-14 11:48:57,966] INFO   : model_type='TABULAR'
[2026-06-14 11:48:57,966] INFO   : tgt_encoding_types={'step': 'TABULAR_NUMERIC_AUTO', 'type': 'TABULAR_CATEGORICAL', 'amount': 'TABULAR_NUMERIC_AUTO', 'oldbalanceOrg': 'TABULAR_NUMERIC_AUTO', 'oldbalanceDest': 'TABULAR_NUMERIC_AUTO', 'newbalanceDest': 'TABULAR_NUMERIC_AUTO', 'isFraud': 'TABULAR_NUMERIC_AUTO'}
[2026-06-14 11:48:57,975] INFO   : SPLIT finished in 0.01s
[2026-06-14 11:48:57,975] INFO   : ANALYZE started
[2026-06-14 11:48:57,976] INFO   : create `/shared/paysim-sarmad/models/fold_2/m1/ModelStore/tgt-stats`
[2026-06-14 11:48:57,976] INFO   : analyzing 2 partitions in parallel
2026-06-14 11:48:59 [INFO] mostlyai.engine._common — running on Python (3.11.15)
2026-06-14 11:49:01 [INFO] paysim — [fold=3] Launching M3 on cuda:1 (subprocess)
2026-06-14 11:49:01 [INFO] paysim — [fold=3] ▶ START train_m1
[2026-06-14 11:49:01,821] INFO   : SPLIT started
[2026-06-14 11:49:01,821] INFO   : create `/shared/paysim-sarmad/models/fold_3/m1/OriginalData/tgt-data`
[2026-06-14 11:49:01,821] INFO   : create `/shared/paysim-sarmad/models/fold_3/m1/OriginalData/tgt-meta`
[2026-06-14 11:49:01,822] INFO   : model_type='TABULAR'
[2026-06-14 11:49:01,822] INFO   : tgt_encoding_types={'step': 'TABULAR_NUMERIC_AUTO', 'type': 'TABULAR_CATEGORICAL', 'amount': 'TABULAR_NUMERIC_AUTO', 'oldbalanceOrg': 'TABULAR_NUMERIC_AUTO', 'oldbalanceDest': 'TABULAR_NUMERIC_AUTO', 'newbalanceDest': 'TABULAR_NUMERIC_AUTO', 'isFraud': 'TABULAR_NUMERIC_AUTO'}
[2026-06-14 11:49:01,832] INFO   : SPLIT finished in 0.01s
[2026-06-14 11:49:01,832] INFO   : ANALYZE started
[2026-06-14 11:49:01,832] INFO   : create `/shared/paysim-sarmad/models/fold_3/m1/ModelStore/tgt-stats`
[2026-06-14 11:49:01,832] INFO   : analyzing 2 partitions in parallel
[2026-06-14 11:49:04,350] INFO   : analyzed target partition 000000-trn (2164, 7)
2026-06-14 11:49:04 [INFO] mostlyai.engine._common — running on Python (3.11.15)
[2026-06-14 11:49:05,526] INFO   : SPLIT started
[2026-06-14 11:49:05,526] INFO   : create `/shared/paysim-sarmad/models/fold_2/m3/OriginalData/tgt-data`
[2026-06-14 11:49:05,526] INFO   : create `/shared/paysim-sarmad/models/fold_2/m3/OriginalData/tgt-meta`
[2026-06-14 11:49:05,527] INFO   : model_type='TABULAR'
[2026-06-14 11:49:05,527] INFO   : tgt_encoding_types={'step': 'TABULAR_NUMERIC_AUTO', 'type': 'TABULAR_CATEGORICAL', 'amount': 'TABULAR_NUMERIC_AUTO', 'oldbalanceOrg': 'TABULAR_NUMERIC_AUTO', 'oldbalanceDest': 'TABULAR_NUMERIC_AUTO', 'newbalanceDest': 'TABULAR_NUMERIC_AUTO', 'isFraud': 'TABULAR_NUMERIC_AUTO'}
[2026-06-14 11:49:07,918] INFO   : SPLIT finished in 2.39s
[2026-06-14 11:49:07,935] INFO   : ANALYZE started
[2026-06-14 11:49:07,936] INFO   : create `/shared/paysim-sarmad/models/fold_2/m3/ModelStore/tgt-stats`
[2026-06-14 11:49:07,936] INFO   : analyzing 2 partitions in parallel
[2026-06-14 11:49:08,270] INFO   : analyzed target partition 000000-trn (2764, 7)
2026-06-14 11:49:08 [INFO] mostlyai.engine._common — running on Python (3.11.15)
[2026-06-14 11:49:09,536] INFO   : SPLIT started
[2026-06-14 11:49:09,536] INFO   : create `/shared/paysim-sarmad/models/fold_3/m3/OriginalData/tgt-data`
[2026-06-14 11:49:09,536] INFO   : create `/shared/paysim-sarmad/models/fold_3/m3/OriginalData/tgt-meta`
[2026-06-14 11:49:09,537] INFO   : model_type='TABULAR'
[2026-06-14 11:49:09,537] INFO   : tgt_encoding_types={'step': 'TABULAR_NUMERIC_AUTO', 'type': 'TABULAR_CATEGORICAL', 'amount': 'TABULAR_NUMERIC_AUTO', 'oldbalanceOrg': 'TABULAR_NUMERIC_AUTO', 'oldbalanceDest': 'TABULAR_NUMERIC_AUTO', 'newbalanceDest': 'TABULAR_NUMERIC_AUTO', 'isFraud': 'TABULAR_NUMERIC_AUTO'}
[2026-06-14 11:49:10,712] INFO   : analyzed target partition 000000-val (541, 7)
[2026-06-14 11:49:10,712] INFO   : combine partition statistics
[2026-06-14 11:49:10,717] INFO   : value_protection = True
[2026-06-14 11:49:10,718] INFO   : analyzed column `step`: TABULAR_NUMERIC_DIGIT {'E2': 3, 'E1': 10, 'E0': 10}
[2026-06-14 11:49:10,718] INFO   : analyzed column `type`: TABULAR_CATEGORICAL {'cat': 3}
[2026-06-14 11:49:10,720] INFO   : analyzed column `amount`: TABULAR_NUMERIC_BINNED {'bin': 103}
[2026-06-14 11:49:10,721] INFO   : analyzed column `oldbalanceOrg`: TABULAR_NUMERIC_BINNED {'bin': 103}
[2026-06-14 11:49:10,725] INFO   : analyzed column `oldbalanceDest`: TABULAR_NUMERIC_BINNED {'bin': 103}
[2026-06-14 11:49:10,728] INFO   : analyzed column `newbalanceDest`: TABULAR_NUMERIC_BINNED {'bin': 103}
[2026-06-14 11:49:10,728] INFO   : analyzed column `isFraud`: TABULAR_NUMERIC_DISCRETE {'cat': 2}
[2026-06-14 11:49:10,729] INFO   : analyzed 2,705 records: 2,164 training / 541 validation
[2026-06-14 11:49:10,729] INFO   : is_sequential: False
[2026-06-14 11:49:10,729] INFO   : write statistics to `/shared/paysim-sarmad/models/fold_2/m1/ModelStore/tgt-stats/stats.json`
[2026-06-14 11:49:10,730] INFO   : ANALYZE finished in 12.76s
[2026-06-14 11:49:10,731] INFO   : ENCODE_TABULAR started
[2026-06-14 11:49:10,731] INFO   : create `/shared/paysim-sarmad/models/fold_2/m1/OriginalData/encoded-data`
[2026-06-14 11:49:10,731] INFO   : clean `/shared/paysim-sarmad/models/fold_2/m1/OriginalData/encoded-data`
[2026-06-14 11:49:10,731] INFO   : clean `/shared/paysim-sarmad/models/fold_2/m1/OriginalData/encoded-data`
[2026-06-14 11:49:13,078] INFO   : SPLIT finished in 3.54s
[2026-06-14 11:49:13,102] INFO   : ANALYZE started
[2026-06-14 11:49:13,102] INFO   : create `/shared/paysim-sarmad/models/fold_3/m3/ModelStore/tgt-stats`
[2026-06-14 11:49:13,103] INFO   : analyzing 2 partitions in parallel
[2026-06-14 11:49:14,817] INFO   : analyzed target partition 000000-val (691, 7)
[2026-06-14 11:49:14,817] INFO   : combine partition statistics
[2026-06-14 11:49:14,823] INFO   : value_protection = True
[2026-06-14 11:49:14,824] INFO   : analyzed column `step`: TABULAR_NUMERIC_DIGIT {'E2': 4, 'E1': 10, 'E0': 10}
[2026-06-14 11:49:14,824] INFO   : analyzed column `type`: TABULAR_CATEGORICAL {'cat': 3}
[2026-06-14 11:49:14,826] INFO   : analyzed column `amount`: TABULAR_NUMERIC_BINNED {'bin': 103}
[2026-06-14 11:49:14,827] INFO   : analyzed column `oldbalanceOrg`: TABULAR_NUMERIC_BINNED {'bin': 103}
[2026-06-14 11:49:14,832] INFO   : analyzed column `oldbalanceDest`: TABULAR_NUMERIC_BINNED {'bin': 103}
[2026-06-14 11:49:14,835] INFO   : analyzed column `newbalanceDest`: TABULAR_NUMERIC_BINNED {'bin': 103}
[2026-06-14 11:49:14,835] INFO   : analyzed column `isFraud`: TABULAR_NUMERIC_DISCRETE {'cat': 2}
[2026-06-14 11:49:14,835] INFO   : analyzed 3,455 records: 2,764 training / 691 validation
[2026-06-14 11:49:14,835] INFO   : is_sequential: False
[2026-06-14 11:49:14,835] INFO   : write statistics to `/shared/paysim-sarmad/models/fold_3/m1/ModelStore/tgt-stats/stats.json`
[2026-06-14 11:49:14,837] INFO   : ANALYZE finished in 13.01s
[2026-06-14 11:49:14,838] INFO   : ENCODE_TABULAR started
[2026-06-14 11:49:14,838] INFO   : create `/shared/paysim-sarmad/models/fold_3/m1/OriginalData/encoded-data`
[2026-06-14 11:49:14,838] INFO   : clean `/shared/paysim-sarmad/models/fold_3/m1/OriginalData/encoded-data`
[2026-06-14 11:49:14,838] INFO   : clean `/shared/paysim-sarmad/models/fold_3/m1/OriginalData/encoded-data`
[2026-06-14 11:49:17,021] INFO   : encoded partition part.000000-trn.parquet (2164, 9)
[2026-06-14 11:49:17,060] INFO   : encoded partition part.000000-val.parquet (541, 9)
[2026-06-14 11:49:17,060] INFO   : ENCODE_TABULAR finished in 6.33s
[2026-06-14 11:49:17,061] INFO   : TRAIN_TABULAR started
[2026-06-14 11:49:17,071] INFO   : numpy=2.4.4, pandas=2.3.3
[2026-06-14 11:49:17,073] INFO   : torch=2.5.1+cu121, opacus=1.4.0
[2026-06-14 11:49:17,074] INFO   : device=device(type='cuda', index=0)
[2026-06-14 11:49:17,074] INFO   : is_sequential=False
[2026-06-14 11:49:17,074] INFO   : max_training_time=864000.0s
[2026-06-14 11:49:17,074] INFO   : max_epochs=50
[2026-06-14 11:49:17,074] INFO   : model_size=<ModelSize.M: 'M'>
[2026-06-14 11:49:17,074] INFO   : enable_flexible_generation=True
[2026-06-14 11:49:17,074] INFO   : with_dp=False
[2026-06-14 11:49:17,074] INFO   : model_state_strategy=<ModelStateStrategy.reset: 'RESET'>
[2026-06-14 11:49:17,075] INFO   : max_sequence_window=np.int64(1)
[2026-06-14 11:49:17,082] INFO   : create training model
[2026-06-14 11:49:17,672] INFO   : initializing predictor bias with empirical log probabilities
[2026-06-14 11:49:17,675] INFO   : model class: FlatModel
[2026-06-14 11:49:17,675] INFO   : model weights not found; change strategy from ModelStateStrategy.reset to RESET
[2026-06-14 11:49:17,675] INFO   : model_state_strategy=<ModelStateStrategy.reset: 'RESET'>
[2026-06-14 11:49:17,675] INFO   : remove existing checkpoint files
[2026-06-14 11:49:17,675] INFO   : start training progress from epoch=0.0, steps=0
[2026-06-14 11:49:17,676] INFO   : no_of_model_params=np.int64(73110)
2026-06-14 11:49:17 [INFO] httpx — HTTP Request: HEAD https://s3.amazonaws.com/datasets.huggingface.co/datasets/datasets/parquet/parquet.py "HTTP/1.1 404 Not Found"
2026-06-14 11:49:17 [INFO] httpx — HTTP Request: HEAD https://s3.amazonaws.com/datasets.huggingface.co/datasets/datasets/parquet/parquet.py "HTTP/1.1 404 Not Found"
[2026-06-14 11:49:18,000] INFO   : trn_cnt=2164, val_cnt=541
[2026-06-14 11:49:18,001] INFO   : len(tgt_sub_columns)=9, len(ctxflt_sub_columns)=0, len(ctxseq_sub_columns)=0
[2026-06-14 11:49:18,001] INFO   : tgt_cardinalities_deciles=[np.int64(2), np.int64(2), np.int64(3), np.int64(3), np.int64(10), np.int64(10), np.int64(10), np.int64(103), np.int64(103), np.int64(103), np.int64(103)]
[2026-06-14 11:49:18,001] INFO   : trn_batch_size=32, val_batch_size=32
[2026-06-14 11:49:18,001] INFO   : trn_steps=67, val_steps=16
[2026-06-14 11:49:18,001] INFO   : batch_size=32, gradient_accumulation_steps=1, initial_lr=np.float64(0.001)
[2026-06-14 11:49:18,771] INFO   : {'epoch': 0.01, 'is_checkpoint': 0, 'steps': 1, 'samples': 32, 'trn_loss': 20.7354, 'val_loss': None, 'total_time': 0.8, 'learn_rate': 0.001, 'dp_eps': None, 'dp_delta': None}
[2026-06-14 11:49:19,638] INFO   : {'epoch': 1.0, 'is_checkpoint': 1, 'steps': 67, 'samples': 2144, 'trn_loss': 20.8915, 'val_loss': 20.8184, 'total_time': 1.6, 'learn_rate': 0.001, 'dp_eps': None, 'dp_delta': None}
[2026-06-14 11:49:20,487] INFO   : {'epoch': 2.0, 'is_checkpoint': 1, 'steps': 134, 'samples': 4276, 'trn_loss': 20.2281, 'val_loss': 20.4055, 'total_time': 2.5, 'learn_rate': 0.001, 'dp_eps': None, 'dp_delta': None}
[2026-06-14 11:49:20,885] INFO   : encoded partition part.000000-trn.parquet (2764, 9)
[2026-06-14 11:49:20,923] INFO   : encoded partition part.000000-val.parquet (691, 9)
[2026-06-14 11:49:20,924] INFO   : ENCODE_TABULAR finished in 6.09s
[2026-06-14 11:49:20,924] INFO   : TRAIN_TABULAR started
[2026-06-14 11:49:20,933] INFO   : numpy=2.4.4, pandas=2.3.3
[2026-06-14 11:49:20,935] INFO   : torch=2.5.1+cu121, opacus=1.4.0
[2026-06-14 11:49:20,935] INFO   : device=device(type='cuda', index=0)
[2026-06-14 11:49:20,935] INFO   : is_sequential=False
[2026-06-14 11:49:20,936] INFO   : max_training_time=864000.0s
[2026-06-14 11:49:20,936] INFO   : max_epochs=50
[2026-06-14 11:49:20,936] INFO   : model_size=<ModelSize.M: 'M'>
[2026-06-14 11:49:20,936] INFO   : enable_flexible_generation=True
[2026-06-14 11:49:20,936] INFO   : with_dp=False
[2026-06-14 11:49:20,936] INFO   : model_state_strategy=<ModelStateStrategy.reset: 'RESET'>
[2026-06-14 11:49:20,936] INFO   : max_sequence_window=np.int64(1)
[2026-06-14 11:49:20,943] INFO   : create training model
[2026-06-14 11:49:21,350] INFO   : {'epoch': 3.0, 'is_checkpoint': 1, 'steps': 201, 'samples': 6408, 'trn_loss': 19.7807, 'val_loss': 20.032, 'total_time': 3.3, 'learn_rate': 0.001, 'dp_eps': None, 'dp_delta': None}
[2026-06-14 11:49:21,532] INFO   : initializing predictor bias with empirical log probabilities
[2026-06-14 11:49:21,536] INFO   : model class: FlatModel
[2026-06-14 11:49:21,536] INFO   : model weights not found; change strategy from ModelStateStrategy.reset to RESET
[2026-06-14 11:49:21,536] INFO   : model_state_strategy=<ModelStateStrategy.reset: 'RESET'>
[2026-06-14 11:49:21,536] INFO   : remove existing checkpoint files
[2026-06-14 11:49:21,536] INFO   : start training progress from epoch=0.0, steps=0
[2026-06-14 11:49:21,537] INFO   : no_of_model_params=np.int64(73630)
2026-06-14 11:49:21 [INFO] httpx — HTTP Request: HEAD https://s3.amazonaws.com/datasets.huggingface.co/datasets/datasets/parquet/parquet.py "HTTP/1.1 404 Not Found"
2026-06-14 11:49:21 [INFO] httpx — HTTP Request: HEAD https://s3.amazonaws.com/datasets.huggingface.co/datasets/datasets/parquet/parquet.py "HTTP/1.1 404 Not Found"
[2026-06-14 11:49:21,861] INFO   : trn_cnt=2764, val_cnt=691
[2026-06-14 11:49:21,861] INFO   : len(tgt_sub_columns)=9, len(ctxflt_sub_columns)=0, len(ctxseq_sub_columns)=0
[2026-06-14 11:49:21,861] INFO   : tgt_cardinalities_deciles=[np.int64(2), np.int64(2), np.int64(3), np.int64(4), np.int64(10), np.int64(10), np.int64(10), np.int64(103), np.int64(103), np.int64(103), np.int64(103)]
[2026-06-14 11:49:21,861] INFO   : trn_batch_size=32, val_batch_size=32
[2026-06-14 11:49:21,861] INFO   : trn_steps=86, val_steps=21
[2026-06-14 11:49:21,861] INFO   : batch_size=32, gradient_accumulation_steps=1, initial_lr=np.float64(0.001)
[2026-06-14 11:49:22,221] INFO   : {'epoch': 4.0, 'is_checkpoint': 1, 'steps': 268, 'samples': 8540, 'trn_loss': 19.3488, 'val_loss': 19.7129, 'total_time': 4.2, 'learn_rate': 0.001, 'dp_eps': None, 'dp_delta': None}
[2026-06-14 11:49:22,593] INFO   : {'epoch': 0.01, 'is_checkpoint': 0, 'steps': 1, 'samples': 32, 'trn_loss': 20.7687, 'val_loss': None, 'total_time': 0.7, 'learn_rate': 0.001, 'dp_eps': None, 'dp_delta': None}
[2026-06-14 11:49:23,046] INFO   : {'epoch': 5.0, 'is_checkpoint': 1, 'steps': 335, 'samples': 10672, 'trn_loss': 18.8946, 'val_loss': 19.2653, 'total_time': 5.0, 'learn_rate': 0.001, 'dp_eps': None, 'dp_delta': None}
[2026-06-14 11:49:23,611] INFO   : {'epoch': 1.0, 'is_checkpoint': 1, 'steps': 86, 'samples': 2752, 'trn_loss': 20.631, 'val_loss': 21.2083, 'total_time': 1.7, 'learn_rate': 0.001, 'dp_eps': None, 'dp_delta': None}
[2026-06-14 11:49:23,840] INFO   : {'epoch': 6.0, 'is_checkpoint': 1, 'steps': 402, 'samples': 12804, 'trn_loss': 18.3962, 'val_loss': 18.8973, 'total_time': 5.8, 'learn_rate': 0.001, 'dp_eps': None, 'dp_delta': None}
[2026-06-14 11:49:24,627] INFO   : {'epoch': 2.0, 'is_checkpoint': 1, 'steps': 172, 'samples': 5484, 'trn_loss': 20.033, 'val_loss': 20.8462, 'total_time': 2.8, 'learn_rate': 0.001, 'dp_eps': None, 'dp_delta': None}
[2026-06-14 11:49:24,635] INFO   : {'epoch': 7.0, 'is_checkpoint': 1, 'steps': 469, 'samples': 14936, 'trn_loss': 17.8704, 'val_loss': 18.5117, 'total_time': 6.6, 'learn_rate': 0.001, 'dp_eps': None, 'dp_delta': None}
[2026-06-14 11:49:25,490] INFO   : {'epoch': 8.0, 'is_checkpoint': 1, 'steps': 536, 'samples': 17068, 'trn_loss': 17.4845, 'val_loss': 18.1066, 'total_time': 7.5, 'learn_rate': 0.001, 'dp_eps': None, 'dp_delta': None}
[2026-06-14 11:49:25,733] INFO   : {'epoch': 3.0, 'is_checkpoint': 1, 'steps': 258, 'samples': 8216, 'trn_loss': 19.6056, 'val_loss': 20.5314, 'total_time': 3.9, 'learn_rate': 0.001, 'dp_eps': None, 'dp_delta': None}
[2026-06-14 11:49:26,393] INFO   : {'epoch': 9.0, 'is_checkpoint': 1, 'steps': 603, 'samples': 19200, 'trn_loss': 17.1537, 'val_loss': 17.8089, 'total_time': 8.4, 'learn_rate': 0.001, 'dp_eps': None, 'dp_delta': None}
[2026-06-14 11:49:26,845] INFO   : {'epoch': 4.0, 'is_checkpoint': 1, 'steps': 344, 'samples': 10948, 'trn_loss': 19.1572, 'val_loss': 20.113, 'total_time': 5.0, 'learn_rate': 0.001, 'dp_eps': None, 'dp_delta': None}
[2026-06-14 11:49:27,230] INFO   : {'epoch': 10.0, 'is_checkpoint': 1, 'steps': 670, 'samples': 21332, 'trn_loss': 16.7619, 'val_loss': 17.5534, 'total_time': 9.2, 'learn_rate': 0.001, 'dp_eps': None, 'dp_delta': None}
[2026-06-14 11:49:27,871] INFO   : {'epoch': 5.0, 'is_checkpoint': 1, 'steps': 430, 'samples': 13680, 'trn_loss': 18.6285, 'val_loss': 19.5946, 'total_time': 6.0, 'learn_rate': 0.001, 'dp_eps': None, 'dp_delta': None}
[2026-06-14 11:49:28,022] INFO   : {'epoch': 11.0, 'is_checkpoint': 1, 'steps': 737, 'samples': 23464, 'trn_loss': 16.7525, 'val_loss': 17.4156, 'total_time': 10.0, 'learn_rate': 0.001, 'dp_eps': None, 'dp_delta': None}
[2026-06-14 11:49:28,809] INFO   : {'epoch': 12.0, 'is_checkpoint': 1, 'steps': 804, 'samples': 25596, 'trn_loss': 16.2905, 'val_loss': 17.2385, 'total_time': 10.8, 'learn_rate': 0.001, 'dp_eps': None, 'dp_delta': None}
[2026-06-14 11:49:28,866] INFO   : {'epoch': 6.0, 'is_checkpoint': 1, 'steps': 516, 'samples': 16412, 'trn_loss': 18.1346, 'val_loss': 19.1245, 'total_time': 7.0, 'learn_rate': 0.001, 'dp_eps': None, 'dp_delta': None}
[2026-06-14 11:49:29,610] INFO   : {'epoch': 13.0, 'is_checkpoint': 1, 'steps': 871, 'samples': 27728, 'trn_loss': 16.2947, 'val_loss': 17.1199, 'total_time': 11.6, 'learn_rate': 0.001, 'dp_eps': None, 'dp_delta': None}
[2026-06-14 11:49:29,903] INFO   : {'epoch': 7.0, 'is_checkpoint': 1, 'steps': 602, 'samples': 19144, 'trn_loss': 17.7133, 'val_loss': 18.7522, 'total_time': 8.0, 'learn_rate': 0.001, 'dp_eps': None, 'dp_delta': None}
[2026-06-14 11:49:30,463] INFO   : {'epoch': 14.0, 'is_checkpoint': 0, 'steps': 938, 'samples': 29860, 'trn_loss': 16.013, 'val_loss': 17.2108, 'total_time': 12.5, 'learn_rate': 0.001, 'dp_eps': None, 'dp_delta': None}
[2026-06-14 11:49:30,996] INFO   : {'epoch': 8.0, 'is_checkpoint': 1, 'steps': 688, 'samples': 21876, 'trn_loss': 17.371, 'val_loss': 18.3745, 'total_time': 9.1, 'learn_rate': 0.001, 'dp_eps': None, 'dp_delta': None}
[2026-06-14 11:49:31,299] INFO   : {'epoch': 15.0, 'is_checkpoint': 1, 'steps': 1005, 'samples': 31992, 'trn_loss': 16.0156, 'val_loss': 16.9554, 'total_time': 13.3, 'learn_rate': 0.001, 'dp_eps': None, 'dp_delta': None}
[2026-06-14 11:49:32,029] INFO   : {'epoch': 9.0, 'is_checkpoint': 1, 'steps': 774, 'samples': 24608, 'trn_loss': 17.0461, 'val_loss': 18.302, 'total_time': 10.2, 'learn_rate': 0.001, 'dp_eps': None, 'dp_delta': None}
[2026-06-14 11:49:32,111] INFO   : {'epoch': 16.0, 'is_checkpoint': 1, 'steps': 1072, 'samples': 34124, 'trn_loss': 15.8936, 'val_loss': 16.9353, 'total_time': 14.1, 'learn_rate': 0.001, 'dp_eps': None, 'dp_delta': None}
[2026-06-14 11:49:32,936] INFO   : {'epoch': 17.0, 'is_checkpoint': 1, 'steps': 1139, 'samples': 36256, 'trn_loss': 15.7264, 'val_loss': 16.9028, 'total_time': 14.9, 'learn_rate': 0.001, 'dp_eps': None, 'dp_delta': None}
[2026-06-14 11:49:33,075] INFO   : {'epoch': 10.0, 'is_checkpoint': 1, 'steps': 860, 'samples': 27340, 'trn_loss': 16.7994, 'val_loss': 17.992, 'total_time': 11.2, 'learn_rate': 0.001, 'dp_eps': None, 'dp_delta': None}
[2026-06-14 11:49:33,741] INFO   : {'epoch': 18.0, 'is_checkpoint': 1, 'steps': 1206, 'samples': 38388, 'trn_loss': 15.7265, 'val_loss': 16.765, 'total_time': 15.7, 'learn_rate': 0.001, 'dp_eps': None, 'dp_delta': None}
[2026-06-14 11:49:34,094] INFO   : {'epoch': 11.0, 'is_checkpoint': 1, 'steps': 946, 'samples': 30072, 'trn_loss': 16.6791, 'val_loss': 17.9204, 'total_time': 12.2, 'learn_rate': 0.001, 'dp_eps': None, 'dp_delta': None}
[2026-06-14 11:49:34,545] INFO   : {'epoch': 19.0, 'is_checkpoint': 1, 'steps': 1273, 'samples': 40520, 'trn_loss': 15.4057, 'val_loss': 16.7586, 'total_time': 16.5, 'learn_rate': 0.001, 'dp_eps': None, 'dp_delta': None}
[2026-06-14 11:49:35,097] INFO   : {'epoch': 12.0, 'is_checkpoint': 1, 'steps': 1032, 'samples': 32804, 'trn_loss': 16.4814, 'val_loss': 17.7827, 'total_time': 13.2, 'learn_rate': 0.001, 'dp_eps': None, 'dp_delta': None}
[2026-06-14 11:49:35,346] INFO   : {'epoch': 20.0, 'is_checkpoint': 1, 'steps': 1340, 'samples': 42652, 'trn_loss': 15.5838, 'val_loss': 16.6917, 'total_time': 17.3, 'learn_rate': 0.001, 'dp_eps': None, 'dp_delta': None}
[2026-06-14 11:49:36,166] INFO   : {'epoch': 13.0, 'is_checkpoint': 1, 'steps': 1118, 'samples': 35536, 'trn_loss': 16.3188, 'val_loss': 17.6305, 'total_time': 14.3, 'learn_rate': 0.001, 'dp_eps': None, 'dp_delta': None}
[2026-06-14 11:49:36,196] INFO   : {'epoch': 21.0, 'is_checkpoint': 0, 'steps': 1407, 'samples': 44784, 'trn_loss': 15.3531, 'val_loss': 16.7573, 'total_time': 18.2, 'learn_rate': 0.001, 'dp_eps': None, 'dp_delta': None}
[2026-06-14 11:49:37,007] INFO   : {'epoch': 22.0, 'is_checkpoint': 0, 'steps': 1474, 'samples': 46916, 'trn_loss': 15.3342, 'val_loss': 16.7456, 'total_time': 19.0, 'learn_rate': 0.001, 'dp_eps': None, 'dp_delta': None}
[2026-06-14 11:49:37,201] INFO   : {'epoch': 14.0, 'is_checkpoint': 1, 'steps': 1204, 'samples': 38268, 'trn_loss': 16.2621, 'val_loss': 17.6166, 'total_time': 15.3, 'learn_rate': 0.001, 'dp_eps': None, 'dp_delta': None}
[2026-06-14 11:49:37,787] INFO   : {'epoch': 23.0, 'is_checkpoint': 1, 'steps': 1541, 'samples': 49048, 'trn_loss': 15.2156, 'val_loss': 16.6766, 'total_time': 19.8, 'learn_rate': 0.001, 'dp_eps': None, 'dp_delta': None}
[2026-06-14 11:49:38,178] INFO   : {'epoch': 15.0, 'is_checkpoint': 1, 'steps': 1290, 'samples': 41000, 'trn_loss': 16.1017, 'val_loss': 17.5365, 'total_time': 16.3, 'learn_rate': 0.001, 'dp_eps': None, 'dp_delta': None}
[2026-06-14 11:49:38,561] INFO   : {'epoch': 24.0, 'is_checkpoint': 1, 'steps': 1608, 'samples': 51180, 'trn_loss': 15.3097, 'val_loss': 16.6622, 'total_time': 20.6, 'learn_rate': 0.001, 'dp_eps': None, 'dp_delta': None}
[2026-06-14 11:49:39,147] INFO   : {'epoch': 16.0, 'is_checkpoint': 1, 'steps': 1376, 'samples': 43732, 'trn_loss': 15.9849, 'val_loss': 17.5183, 'total_time': 17.3, 'learn_rate': 0.001, 'dp_eps': None, 'dp_delta': None}
[2026-06-14 11:49:39,321] INFO   : {'epoch': 25.0, 'is_checkpoint': 0, 'steps': 1675, 'samples': 53312, 'trn_loss': 15.1502, 'val_loss': 16.692, 'total_time': 21.3, 'learn_rate': 0.001, 'dp_eps': None, 'dp_delta': None}
[2026-06-14 11:49:40,084] INFO   : {'epoch': 26.0, 'is_checkpoint': 0, 'steps': 1742, 'samples': 55444, 'trn_loss': 14.9793, 'val_loss': 16.7021, 'total_time': 22.1, 'learn_rate': 0.001, 'dp_eps': None, 'dp_delta': None}
[2026-06-14 11:49:40,121] INFO   : {'epoch': 17.0, 'is_checkpoint': 1, 'steps': 1462, 'samples': 46464, 'trn_loss': 15.9266, 'val_loss': 17.4615, 'total_time': 18.3, 'learn_rate': 0.001, 'dp_eps': None, 'dp_delta': None}
[2026-06-14 11:49:40,854] INFO   : {'epoch': 27.0, 'is_checkpoint': 1, 'steps': 1809, 'samples': 57576, 'trn_loss': 15.0005, 'val_loss': 16.5968, 'total_time': 22.9, 'learn_rate': 0.001, 'dp_eps': None, 'dp_delta': None}
[2026-06-14 11:49:41,093] INFO   : {'epoch': 18.0, 'is_checkpoint': 1, 'steps': 1548, 'samples': 49196, 'trn_loss': 15.8078, 'val_loss': 17.4172, 'total_time': 19.2, 'learn_rate': 0.001, 'dp_eps': None, 'dp_delta': None}
[2026-06-14 11:49:41,625] INFO   : {'epoch': 28.0, 'is_checkpoint': 0, 'steps': 1876, 'samples': 59708, 'trn_loss': 15.0007, 'val_loss': 16.6836, 'total_time': 23.6, 'learn_rate': 0.001, 'dp_eps': None, 'dp_delta': None}
[2026-06-14 11:49:42,080] INFO   : {'epoch': 19.0, 'is_checkpoint': 1, 'steps': 1634, 'samples': 51928, 'trn_loss': 15.7119, 'val_loss': 17.3467, 'total_time': 20.2, 'learn_rate': 0.001, 'dp_eps': None, 'dp_delta': None}
[2026-06-14 11:49:42,407] INFO   : {'epoch': 29.0, 'is_checkpoint': 1, 'steps': 1943, 'samples': 61840, 'trn_loss': 15.0473, 'val_loss': 16.5957, 'total_time': 24.4, 'learn_rate': 0.001, 'dp_eps': None, 'dp_delta': None}
[2026-06-14 11:49:43,046] INFO   : {'epoch': 20.0, 'is_checkpoint': 0, 'steps': 1720, 'samples': 54660, 'trn_loss': 15.6411, 'val_loss': 17.4318, 'total_time': 21.2, 'learn_rate': 0.001, 'dp_eps': None, 'dp_delta': None}
[2026-06-14 11:49:43,168] INFO   : {'epoch': 30.0, 'is_checkpoint': 0, 'steps': 2010, 'samples': 63972, 'trn_loss': 14.7721, 'val_loss': 16.6654, 'total_time': 25.2, 'learn_rate': 0.001, 'dp_eps': None, 'dp_delta': None}
[2026-06-14 11:49:43,928] INFO   : {'epoch': 31.0, 'is_checkpoint': 0, 'steps': 2077, 'samples': 66104, 'trn_loss': 14.8661, 'val_loss': 16.6995, 'total_time': 25.9, 'learn_rate': 0.0005, 'dp_eps': None, 'dp_delta': None}
[2026-06-14 11:49:44,022] INFO   : {'epoch': 21.0, 'is_checkpoint': 1, 'steps': 1806, 'samples': 57392, 'trn_loss': 15.5845, 'val_loss': 17.3159, 'total_time': 22.2, 'learn_rate': 0.001, 'dp_eps': None, 'dp_delta': None}
[2026-06-14 11:49:44,693] INFO   : {'epoch': 32.0, 'is_checkpoint': 0, 'steps': 2144, 'samples': 68236, 'trn_loss': 14.8231, 'val_loss': 16.7854, 'total_time': 26.7, 'learn_rate': 0.0005, 'dp_eps': None, 'dp_delta': None}
[2026-06-14 11:49:45,003] INFO   : {'epoch': 22.0, 'is_checkpoint': 1, 'steps': 1892, 'samples': 60124, 'trn_loss': 15.5358, 'val_loss': 17.2749, 'total_time': 23.1, 'learn_rate': 0.001, 'dp_eps': None, 'dp_delta': None}
[2026-06-14 11:49:45,463] INFO   : {'epoch': 33.0, 'is_checkpoint': 0, 'steps': 2211, 'samples': 70368, 'trn_loss': 14.6901, 'val_loss': 16.739, 'total_time': 27.5, 'learn_rate': 0.0005, 'dp_eps': None, 'dp_delta': None}
[2026-06-14 11:49:45,992] INFO   : {'epoch': 23.0, 'is_checkpoint': 0, 'steps': 1978, 'samples': 62856, 'trn_loss': 15.4777, 'val_loss': 17.2974, 'total_time': 24.1, 'learn_rate': 0.001, 'dp_eps': None, 'dp_delta': None}
[2026-06-14 11:49:46,248] INFO   : early stopping: val_loss stopped improving
[2026-06-14 11:49:46,248] INFO   : {'epoch': 34.0, 'is_checkpoint': 0, 'steps': 2278, 'samples': 72500, 'trn_loss': 14.7514, 'val_loss': 16.6459, 'total_time': 28.2, 'learn_rate': 0.00025, 'dp_eps': None, 'dp_delta': None}
[2026-06-14 11:49:46,252] INFO   : TRAIN_TABULAR finished in 29.19s
[2026-06-14 11:49:46,996] INFO   : {'epoch': 24.0, 'is_checkpoint': 0, 'steps': 2064, 'samples': 65588, 'trn_loss': 15.4839, 'val_loss': 17.3376, 'total_time': 25.1, 'learn_rate': 0.001, 'dp_eps': None, 'dp_delta': None}
2026-06-14 11:49:47 [INFO] paysim — [fold=2] ✔ DONE  train_m1  (49.6s)
2026-06-14 11:49:47 [INFO] paysim — [fold=2] ▶ START train_m2
[2026-06-14 11:49:47,584] INFO   : SPLIT started
[2026-06-14 11:49:47,585] INFO   : create `/shared/paysim-sarmad/models/fold_2/m2/OriginalData/tgt-data`
[2026-06-14 11:49:47,585] INFO   : create `/shared/paysim-sarmad/models/fold_2/m2/OriginalData/tgt-meta`
[2026-06-14 11:49:47,585] INFO   : model_type='TABULAR'
[2026-06-14 11:49:47,585] INFO   : tgt_encoding_types={'step': 'TABULAR_NUMERIC_AUTO', 'type': 'TABULAR_CATEGORICAL', 'amount': 'TABULAR_NUMERIC_AUTO', 'oldbalanceOrg': 'TABULAR_NUMERIC_AUTO', 'oldbalanceDest': 'TABULAR_NUMERIC_AUTO', 'newbalanceDest': 'TABULAR_NUMERIC_AUTO', 'isFraud': 'TABULAR_NUMERIC_AUTO'}
[2026-06-14 11:49:47,867] INFO   : SPLIT finished in 0.28s
[2026-06-14 11:49:47,868] INFO   : ANALYZE started
[2026-06-14 11:49:47,869] INFO   : create `/shared/paysim-sarmad/models/fold_2/m2/ModelStore/tgt-stats`
[2026-06-14 11:49:47,869] INFO   : analyzing 2 partitions in parallel
[2026-06-14 11:49:48,033] INFO   : {'epoch': 25.0, 'is_checkpoint': 1, 'steps': 2150, 'samples': 68320, 'trn_loss': 15.2876, 'val_loss': 17.2621, 'total_time': 26.2, 'learn_rate': 0.001, 'dp_eps': None, 'dp_delta': None}
[2026-06-14 11:49:49,126] INFO   : {'epoch': 26.0, 'is_checkpoint': 1, 'steps': 2236, 'samples': 71052, 'trn_loss': 15.2554, 'val_loss': 17.234, 'total_time': 27.3, 'learn_rate': 0.001, 'dp_eps': None, 'dp_delta': None}
[2026-06-14 11:49:50,155] INFO   : {'epoch': 27.0, 'is_checkpoint': 0, 'steps': 2322, 'samples': 73784, 'trn_loss': 15.2319, 'val_loss': 17.2842, 'total_time': 28.3, 'learn_rate': 0.001, 'dp_eps': None, 'dp_delta': None}
[2026-06-14 11:49:51,168] INFO   : {'epoch': 28.0, 'is_checkpoint': 0, 'steps': 2408, 'samples': 76516, 'trn_loss': 15.2968, 'val_loss': 17.3034, 'total_time': 29.3, 'learn_rate': 0.001, 'dp_eps': None, 'dp_delta': None}
[2026-06-14 11:49:52,194] INFO   : {'epoch': 29.0, 'is_checkpoint': 1, 'steps': 2494, 'samples': 79248, 'trn_loss': 15.2577, 'val_loss': 17.2089, 'total_time': 30.3, 'learn_rate': 0.001, 'dp_eps': None, 'dp_delta': None}
[2026-06-14 11:49:53,036] INFO   : analyzed target partition 000000-trn (256867, 7)
[2026-06-14 11:49:53,260] INFO   : {'epoch': 30.0, 'is_checkpoint': 0, 'steps': 2580, 'samples': 81980, 'trn_loss': 15.118, 'val_loss': 17.2393, 'total_time': 31.4, 'learn_rate': 0.001, 'dp_eps': None, 'dp_delta': None}
[2026-06-14 11:49:54,242] INFO   : analyzed target partition 000000-val (64217, 7)
[2026-06-14 11:49:54,242] INFO   : combine partition statistics
[2026-06-14 11:49:54,248] INFO   : value_protection = True
[2026-06-14 11:49:54,249] INFO   : analyzed column `step`: TABULAR_NUMERIC_DIGIT {'E2': 3, 'E1': 10, 'E0': 10}
[2026-06-14 11:49:54,249] INFO   : analyzed column `type`: TABULAR_CATEGORICAL {'cat': 6}
[2026-06-14 11:49:54,250] INFO   : analyzed column `amount`: TABULAR_NUMERIC_BINNED {'bin': 103}
[2026-06-14 11:49:54,252] INFO   : analyzed column `oldbalanceOrg`: TABULAR_NUMERIC_BINNED {'bin': 103}
[2026-06-14 11:49:54,255] INFO   : analyzed column `oldbalanceDest`: TABULAR_NUMERIC_BINNED {'bin': 103}
[2026-06-14 11:49:54,257] INFO   : analyzed column `newbalanceDest`: TABULAR_NUMERIC_BINNED {'bin': 103}
[2026-06-14 11:49:54,258] INFO   : analyzed column `isFraud`: TABULAR_NUMERIC_DISCRETE {'cat': 3}
[2026-06-14 11:49:54,258] INFO   : analyzed 321,084 records: 256,867 training / 64,217 validation
[2026-06-14 11:49:54,259] INFO   : is_sequential: False
[2026-06-14 11:49:54,259] INFO   : write statistics to `/shared/paysim-sarmad/models/fold_2/m2/ModelStore/tgt-stats/stats.json`
[2026-06-14 11:49:54,261] INFO   : ANALYZE finished in 6.39s
[2026-06-14 11:49:54,262] INFO   : ENCODE_TABULAR started
[2026-06-14 11:49:54,262] INFO   : create `/shared/paysim-sarmad/models/fold_2/m2/OriginalData/encoded-data`
[2026-06-14 11:49:54,262] INFO   : clean `/shared/paysim-sarmad/models/fold_2/m2/OriginalData/encoded-data`
[2026-06-14 11:49:54,262] INFO   : clean `/shared/paysim-sarmad/models/fold_2/m2/OriginalData/encoded-data`
[2026-06-14 11:49:54,340] INFO   : {'epoch': 31.0, 'is_checkpoint': 0, 'steps': 2666, 'samples': 84712, 'trn_loss': 15.0866, 'val_loss': 17.3065, 'total_time': 32.5, 'learn_rate': 0.001, 'dp_eps': None, 'dp_delta': None}
[2026-06-14 11:49:55,360] INFO   : {'epoch': 32.0, 'is_checkpoint': 0, 'steps': 2752, 'samples': 87444, 'trn_loss': 15.0322, 'val_loss': 17.2642, 'total_time': 33.5, 'learn_rate': 0.001, 'dp_eps': None, 'dp_delta': None}
[2026-06-14 11:49:56,222] INFO   : encoded partition part.000000-trn.parquet (256867, 9)
[2026-06-14 11:49:56,350] INFO   : {'epoch': 33.0, 'is_checkpoint': 0, 'steps': 2838, 'samples': 90176, 'trn_loss': 15.0103, 'val_loss': 17.2633, 'total_time': 34.5, 'learn_rate': 0.0005, 'dp_eps': None, 'dp_delta': None}
[2026-06-14 11:49:56,835] INFO   : encoded partition part.000000-val.parquet (64217, 9)
[2026-06-14 11:49:56,835] INFO   : ENCODE_TABULAR finished in 2.57s
[2026-06-14 11:49:56,836] INFO   : TRAIN_TABULAR started
[2026-06-14 11:49:56,841] INFO   : numpy=2.4.4, pandas=2.3.3
[2026-06-14 11:49:56,842] INFO   : torch=2.5.1+cu121, opacus=1.4.0
[2026-06-14 11:49:56,843] INFO   : device=device(type='cuda', index=0)
[2026-06-14 11:49:56,843] INFO   : is_sequential=False
[2026-06-14 11:49:56,843] INFO   : max_training_time=864000.0s
[2026-06-14 11:49:56,843] INFO   : max_epochs=100
[2026-06-14 11:49:56,843] INFO   : model_size=<ModelSize.M: 'M'>
[2026-06-14 11:49:56,843] INFO   : enable_flexible_generation=True
[2026-06-14 11:49:56,843] INFO   : with_dp=False
[2026-06-14 11:49:56,843] INFO   : model_state_strategy=<ModelStateStrategy.reset: 'RESET'>
[2026-06-14 11:49:56,843] INFO   : max_sequence_window=np.int64(1)
[2026-06-14 11:49:56,862] INFO   : create training model
[2026-06-14 11:49:56,866] INFO   : initializing predictor bias with empirical log probabilities
[2026-06-14 11:49:56,868] INFO   : model class: FlatModel
[2026-06-14 11:49:56,868] INFO   : model weights not found; change strategy from ModelStateStrategy.reset to RESET
[2026-06-14 11:49:56,868] INFO   : model_state_strategy=<ModelStateStrategy.reset: 'RESET'>
[2026-06-14 11:49:56,868] INFO   : remove existing checkpoint files
[2026-06-14 11:49:56,868] INFO   : start training progress from epoch=0.0, steps=0
[2026-06-14 11:49:56,869] INFO   : no_of_model_params=np.int64(76330)
2026-06-14 11:49:57 [INFO] httpx — HTTP Request: HEAD https://s3.amazonaws.com/datasets.huggingface.co/datasets/datasets/parquet/parquet.py "HTTP/1.1 404 Not Found"
2026-06-14 11:49:57 [INFO] httpx — HTTP Request: HEAD https://s3.amazonaws.com/datasets.huggingface.co/datasets/datasets/parquet/parquet.py "HTTP/1.1 404 Not Found"
[2026-06-14 11:49:57,219] INFO   : trn_cnt=256867, val_cnt=64217
[2026-06-14 11:49:57,219] INFO   : len(tgt_sub_columns)=9, len(ctxflt_sub_columns)=0, len(ctxseq_sub_columns)=0
[2026-06-14 11:49:57,219] INFO   : tgt_cardinalities_deciles=[np.int64(3), np.int64(3), np.int64(3), np.int64(6), np.int64(10), np.int64(10), np.int64(10), np.int64(103), np.int64(103), np.int64(103), np.int64(103)]
[2026-06-14 11:49:57,219] INFO   : trn_batch_size=2048, val_batch_size=2048
[2026-06-14 11:49:57,219] INFO   : trn_steps=125, val_steps=31
[2026-06-14 11:49:57,219] INFO   : batch_size=2048, gradient_accumulation_steps=1, initial_lr=np.float64(0.008)
[2026-06-14 11:49:57,312] INFO   : {'epoch': 0.01, 'is_checkpoint': 0, 'steps': 1, 'samples': 2048, 'trn_loss': 22.4569, 'val_loss': None, 'total_time': 0.1, 'learn_rate': 0.008, 'dp_eps': None, 'dp_delta': None}
[2026-06-14 11:49:57,379] INFO   : early stopping: val_loss stopped improving
[2026-06-14 11:49:57,379] INFO   : {'epoch': 34.0, 'is_checkpoint': 0, 'steps': 2924, 'samples': 92908, 'trn_loss': 15.0299, 'val_loss': 17.2505, 'total_time': 35.5, 'learn_rate': 0.0005, 'dp_eps': None, 'dp_delta': None}
[2026-06-14 11:49:57,384] INFO   : TRAIN_TABULAR finished in 36.46s
2026-06-14 11:49:58 [INFO] paysim — [fold=3] ✔ DONE  train_m1  (56.9s)
2026-06-14 11:49:58 [INFO] paysim — [fold=3] ▶ START train_m2
[2026-06-14 11:49:58,736] INFO   : SPLIT started
[2026-06-14 11:49:58,736] INFO   : create `/shared/paysim-sarmad/models/fold_3/m2/OriginalData/tgt-data`
[2026-06-14 11:49:58,736] INFO   : create `/shared/paysim-sarmad/models/fold_3/m2/OriginalData/tgt-meta`
[2026-06-14 11:49:58,737] INFO   : model_type='TABULAR'
[2026-06-14 11:49:58,737] INFO   : tgt_encoding_types={'step': 'TABULAR_NUMERIC_AUTO', 'type': 'TABULAR_CATEGORICAL', 'amount': 'TABULAR_NUMERIC_AUTO', 'oldbalanceOrg': 'TABULAR_NUMERIC_AUTO', 'oldbalanceDest': 'TABULAR_NUMERIC_AUTO', 'newbalanceDest': 'TABULAR_NUMERIC_AUTO', 'isFraud': 'TABULAR_NUMERIC_AUTO'}
[2026-06-14 11:49:59,077] INFO   : SPLIT finished in 0.34s
[2026-06-14 11:49:59,078] INFO   : ANALYZE started
[2026-06-14 11:49:59,078] INFO   : create `/shared/paysim-sarmad/models/fold_3/m2/ModelStore/tgt-stats`
[2026-06-14 11:49:59,079] INFO   : analyzing 2 partitions in parallel
[2026-06-14 11:50:06,196] INFO   : analyzed target partition 000000-trn (343550, 7)
[2026-06-14 11:50:07,382] INFO   : analyzed target partition 000000-trn (2549194, 7)
[2026-06-14 11:50:07,599] INFO   : {'epoch': 1.0, 'is_checkpoint': 1, 'steps': 125, 'samples': 256000, 'trn_loss': 19.942, 'val_loss': 18.7918, 'total_time': 10.4, 'learn_rate': 0.008, 'dp_eps': None, 'dp_delta': None}
[2026-06-14 11:50:07,806] INFO   : analyzed target partition 000000-val (85888, 7)
[2026-06-14 11:50:07,806] INFO   : combine partition statistics
[2026-06-14 11:50:07,812] INFO   : value_protection = True
[2026-06-14 11:50:07,813] INFO   : analyzed column `step`: TABULAR_NUMERIC_DIGIT {'E2': 4, 'E1': 10, 'E0': 10}
[2026-06-14 11:50:07,813] INFO   : analyzed column `type`: TABULAR_CATEGORICAL {'cat': 6}
[2026-06-14 11:50:07,814] INFO   : analyzed column `amount`: TABULAR_NUMERIC_BINNED {'bin': 103}
[2026-06-14 11:50:07,816] INFO   : analyzed column `oldbalanceOrg`: TABULAR_NUMERIC_BINNED {'bin': 103}
[2026-06-14 11:50:07,819] INFO   : analyzed column `oldbalanceDest`: TABULAR_NUMERIC_BINNED {'bin': 103}
[2026-06-14 11:50:07,821] INFO   : analyzed column `newbalanceDest`: TABULAR_NUMERIC_BINNED {'bin': 103}
[2026-06-14 11:50:07,821] INFO   : analyzed column `isFraud`: TABULAR_NUMERIC_DISCRETE {'cat': 3}
[2026-06-14 11:50:07,821] INFO   : analyzed 429,438 records: 343,550 training / 85,888 validation
[2026-06-14 11:50:07,824] INFO   : is_sequential: False
[2026-06-14 11:50:07,825] INFO   : write statistics to `/shared/paysim-sarmad/models/fold_3/m2/ModelStore/tgt-stats/stats.json`
[2026-06-14 11:50:07,826] INFO   : ANALYZE finished in 8.75s
[2026-06-14 11:50:07,827] INFO   : ENCODE_TABULAR started
[2026-06-14 11:50:07,827] INFO   : create `/shared/paysim-sarmad/models/fold_3/m2/OriginalData/encoded-data`
[2026-06-14 11:50:07,827] INFO   : clean `/shared/paysim-sarmad/models/fold_3/m2/OriginalData/encoded-data`
[2026-06-14 11:50:07,827] INFO   : clean `/shared/paysim-sarmad/models/fold_3/m2/OriginalData/encoded-data`
[2026-06-14 11:50:10,500] INFO   : encoded partition part.000000-trn.parquet (343550, 9)
[2026-06-14 11:50:10,979] INFO   : encoded partition part.000000-val.parquet (85888, 9)
[2026-06-14 11:50:10,979] INFO   : ENCODE_TABULAR finished in 3.15s
[2026-06-14 11:50:10,980] INFO   : TRAIN_TABULAR started
[2026-06-14 11:50:10,985] INFO   : numpy=2.4.4, pandas=2.3.3
[2026-06-14 11:50:10,986] INFO   : torch=2.5.1+cu121, opacus=1.4.0
[2026-06-14 11:50:10,986] INFO   : device=device(type='cuda', index=0)
[2026-06-14 11:50:10,987] INFO   : is_sequential=False
[2026-06-14 11:50:10,987] INFO   : max_training_time=864000.0s
[2026-06-14 11:50:10,987] INFO   : max_epochs=100
[2026-06-14 11:50:10,987] INFO   : model_size=<ModelSize.M: 'M'>
[2026-06-14 11:50:10,987] INFO   : enable_flexible_generation=True
[2026-06-14 11:50:10,987] INFO   : with_dp=False
[2026-06-14 11:50:10,987] INFO   : model_state_strategy=<ModelStateStrategy.reset: 'RESET'>
[2026-06-14 11:50:10,987] INFO   : max_sequence_window=np.int64(1)
[2026-06-14 11:50:11,013] INFO   : create training model
[2026-06-14 11:50:11,016] INFO   : initializing predictor bias with empirical log probabilities
[2026-06-14 11:50:11,018] INFO   : model class: FlatModel
[2026-06-14 11:50:11,018] INFO   : model weights not found; change strategy from ModelStateStrategy.reset to RESET
[2026-06-14 11:50:11,019] INFO   : model_state_strategy=<ModelStateStrategy.reset: 'RESET'>
[2026-06-14 11:50:11,019] INFO   : remove existing checkpoint files
[2026-06-14 11:50:11,019] INFO   : start training progress from epoch=0.0, steps=0
[2026-06-14 11:50:11,020] INFO   : no_of_model_params=np.int64(76866)
2026-06-14 11:50:11 [INFO] httpx — HTTP Request: HEAD https://s3.amazonaws.com/datasets.huggingface.co/datasets/datasets/parquet/parquet.py "HTTP/1.1 404 Not Found"
2026-06-14 11:50:11 [INFO] httpx — HTTP Request: HEAD https://s3.amazonaws.com/datasets.huggingface.co/datasets/datasets/parquet/parquet.py "HTTP/1.1 404 Not Found"
[2026-06-14 11:50:11,349] INFO   : trn_cnt=343550, val_cnt=85888
[2026-06-14 11:50:11,349] INFO   : len(tgt_sub_columns)=9, len(ctxflt_sub_columns)=0, len(ctxseq_sub_columns)=0
[2026-06-14 11:50:11,349] INFO   : tgt_cardinalities_deciles=[np.int64(3), np.int64(3), np.int64(4), np.int64(6), np.int64(10), np.int64(10), np.int64(10), np.int64(103), np.int64(103), np.int64(103), np.int64(103)]
[2026-06-14 11:50:11,349] INFO   : trn_batch_size=4096, val_batch_size=4096
[2026-06-14 11:50:11,349] INFO   : trn_steps=83, val_steps=20
[2026-06-14 11:50:11,349] INFO   : batch_size=4096, gradient_accumulation_steps=1, initial_lr=np.float64(0.01131)
[2026-06-14 11:50:11,541] INFO   : {'epoch': 0.01, 'is_checkpoint': 0, 'steps': 1, 'samples': 4096, 'trn_loss': 22.9222, 'val_loss': None, 'total_time': 0.2, 'learn_rate': 0.01131, 'dp_eps': None, 'dp_delta': None}
[2026-06-14 11:50:17,767] INFO   : {'epoch': 2.0, 'is_checkpoint': 1, 'steps': 250, 'samples': 510819, 'trn_loss': 18.8403, 'val_loss': 18.3348, 'total_time': 20.5, 'learn_rate': 0.008, 'dp_eps': None, 'dp_delta': None}
[2026-06-14 11:50:24,480] INFO   : {'epoch': 1.0, 'is_checkpoint': 1, 'steps': 83, 'samples': 339968, 'trn_loss': 20.3289, 'val_loss': 19.1733, 'total_time': 13.1, 'learn_rate': 0.01131, 'dp_eps': None, 'dp_delta': None}
[2026-06-14 11:50:26,711] INFO   : analyzed target partition 000000-val (637298, 7)
[2026-06-14 11:50:26,712] INFO   : combine partition statistics
[2026-06-14 11:50:26,718] INFO   : value_protection = True
[2026-06-14 11:50:26,719] INFO   : analyzed column `step`: TABULAR_NUMERIC_DIGIT {'E2': 3, 'E1': 10, 'E0': 10}
[2026-06-14 11:50:26,719] INFO   : analyzed column `type`: TABULAR_CATEGORICAL {'cat': 6}
[2026-06-14 11:50:26,720] INFO   : analyzed column `amount`: TABULAR_NUMERIC_BINNED {'bin': 103}
[2026-06-14 11:50:26,722] INFO   : analyzed column `oldbalanceOrg`: TABULAR_NUMERIC_BINNED {'bin': 103}
[2026-06-14 11:50:26,724] INFO   : analyzed column `oldbalanceDest`: TABULAR_NUMERIC_BINNED {'bin': 103}
[2026-06-14 11:50:26,726] INFO   : analyzed column `newbalanceDest`: TABULAR_NUMERIC_BINNED {'bin': 103}
[2026-06-14 11:50:26,727] INFO   : analyzed column `isFraud`: TABULAR_NUMERIC_DISCRETE {'cat': 3}
[2026-06-14 11:50:26,727] INFO   : analyzed 3,186,492 records: 2,549,194 training / 637,298 validation
[2026-06-14 11:50:26,753] INFO   : is_sequential: False
[2026-06-14 11:50:26,753] INFO   : write statistics to `/shared/paysim-sarmad/models/fold_2/m3/ModelStore/tgt-stats/stats.json`
[2026-06-14 11:50:26,755] INFO   : ANALYZE finished in 78.82s
[2026-06-14 11:50:26,756] INFO   : ENCODE_TABULAR started
[2026-06-14 11:50:26,756] INFO   : create `/shared/paysim-sarmad/models/fold_2/m3/OriginalData/encoded-data`
[2026-06-14 11:50:26,756] INFO   : clean `/shared/paysim-sarmad/models/fold_2/m3/OriginalData/encoded-data`
[2026-06-14 11:50:26,756] INFO   : clean `/shared/paysim-sarmad/models/fold_2/m3/OriginalData/encoded-data`
[2026-06-14 11:50:27,711] INFO   : {'epoch': 3.0, 'is_checkpoint': 1, 'steps': 375, 'samples': 765638, 'trn_loss': 18.5661, 'val_loss': 18.1788, 'total_time': 30.5, 'learn_rate': 0.008, 'dp_eps': None, 'dp_delta': None}
[2026-06-14 11:50:29,669] INFO   : analyzed target partition 000000-trn (3410623, 7)
[2026-06-14 11:50:37,024] INFO   : {'epoch': 2.0, 'is_checkpoint': 1, 'steps': 166, 'samples': 679422, 'trn_loss': 19.1857, 'val_loss': 18.7411, 'total_time': 25.7, 'learn_rate': 0.01131, 'dp_eps': None, 'dp_delta': None}
[2026-06-14 11:50:37,742] INFO   : {'epoch': 4.0, 'is_checkpoint': 1, 'steps': 500, 'samples': 1020457, 'trn_loss': 18.4448, 'val_loss': 18.1386, 'total_time': 40.5, 'learn_rate': 0.008, 'dp_eps': None, 'dp_delta': None}
[2026-06-14 11:50:47,179] INFO   : {'epoch': 5.0, 'is_checkpoint': 1, 'steps': 625, 'samples': 1275276, 'trn_loss': 18.3547, 'val_loss': 18.0451, 'total_time': 50.0, 'learn_rate': 0.008, 'dp_eps': None, 'dp_delta': None}
[2026-06-14 11:50:49,335] INFO   : {'epoch': 3.0, 'is_checkpoint': 1, 'steps': 249, 'samples': 1018876, 'trn_loss': 18.8886, 'val_loss': 18.536, 'total_time': 38.0, 'learn_rate': 0.01131, 'dp_eps': None, 'dp_delta': None}
[2026-06-14 11:50:51,050] INFO   : encoded partition part.000000-trn.parquet (2549194, 9)
[2026-06-14 11:50:52,882] INFO   : analyzed target partition 000000-val (852656, 7)
[2026-06-14 11:50:52,884] INFO   : combine partition statistics
[2026-06-14 11:50:52,889] INFO   : value_protection = True
[2026-06-14 11:50:52,890] INFO   : analyzed column `step`: TABULAR_NUMERIC_DIGIT {'E2': 4, 'E1': 10, 'E0': 10}
[2026-06-14 11:50:52,890] INFO   : analyzed column `type`: TABULAR_CATEGORICAL {'cat': 6}
[2026-06-14 11:50:52,891] INFO   : analyzed column `amount`: TABULAR_NUMERIC_BINNED {'bin': 103}
[2026-06-14 11:50:52,893] INFO   : analyzed column `oldbalanceOrg`: TABULAR_NUMERIC_BINNED {'bin': 103}
[2026-06-14 11:50:52,896] INFO   : analyzed column `oldbalanceDest`: TABULAR_NUMERIC_BINNED {'bin': 103}
[2026-06-14 11:50:52,898] INFO   : analyzed column `newbalanceDest`: TABULAR_NUMERIC_BINNED {'bin': 103}
[2026-06-14 11:50:52,898] INFO   : analyzed column `isFraud`: TABULAR_NUMERIC_DISCRETE {'cat': 3}
[2026-06-14 11:50:52,898] INFO   : analyzed 4,263,279 records: 3,410,623 training / 852,656 validation
[2026-06-14 11:50:52,971] INFO   : is_sequential: False
[2026-06-14 11:50:52,971] INFO   : write statistics to `/shared/paysim-sarmad/models/fold_3/m3/ModelStore/tgt-stats/stats.json`
[2026-06-14 11:50:52,973] INFO   : ANALYZE finished in 99.87s
[2026-06-14 11:50:52,973] INFO   : ENCODE_TABULAR started
[2026-06-14 11:50:52,973] INFO   : create `/shared/paysim-sarmad/models/fold_3/m3/OriginalData/encoded-data`
[2026-06-14 11:50:52,973] INFO   : clean `/shared/paysim-sarmad/models/fold_3/m3/OriginalData/encoded-data`
[2026-06-14 11:50:52,974] INFO   : clean `/shared/paysim-sarmad/models/fold_3/m3/OriginalData/encoded-data`
[2026-06-14 11:50:55,675] INFO   : encoded partition part.000000-val.parquet (637298, 9)
[2026-06-14 11:50:55,676] INFO   : ENCODE_TABULAR finished in 28.92s
[2026-06-14 11:50:55,676] INFO   : TRAIN_TABULAR started
[2026-06-14 11:50:55,682] INFO   : numpy=2.4.4, pandas=2.3.3
[2026-06-14 11:50:55,683] INFO   : torch=2.5.1+cu121, opacus=1.4.0
[2026-06-14 11:50:55,683] INFO   : device=device(type='cuda', index=1)
[2026-06-14 11:50:55,683] INFO   : is_sequential=False
[2026-06-14 11:50:55,683] INFO   : max_training_time=864000.0s
[2026-06-14 11:50:55,683] INFO   : max_epochs=100
[2026-06-14 11:50:55,683] INFO   : model_size=<ModelSize.M: 'M'>
[2026-06-14 11:50:55,684] INFO   : enable_flexible_generation=True
[2026-06-14 11:50:55,684] INFO   : with_dp=False
[2026-06-14 11:50:55,684] INFO   : model_state_strategy=<ModelStateStrategy.reset: 'RESET'>
[2026-06-14 11:50:55,684] INFO   : max_sequence_window=np.int64(1)
[2026-06-14 11:50:55,818] INFO   : create training model
[2026-06-14 11:50:56,174] INFO   : initializing predictor bias with empirical log probabilities
[2026-06-14 11:50:56,177] INFO   : model class: FlatModel
[2026-06-14 11:50:56,177] INFO   : model weights not found; change strategy from ModelStateStrategy.reset to RESET
[2026-06-14 11:50:56,177] INFO   : model_state_strategy=<ModelStateStrategy.reset: 'RESET'>
[2026-06-14 11:50:56,177] INFO   : remove existing checkpoint files
[2026-06-14 11:50:56,177] INFO   : start training progress from epoch=0.0, steps=0
[2026-06-14 11:50:56,178] INFO   : no_of_model_params=np.int64(76330)
2026-06-14 11:50:56 [INFO] httpx — HTTP Request: HEAD https://s3.amazonaws.com/datasets.huggingface.co/datasets/datasets/parquet/parquet.py "HTTP/1.1 404 Not Found"
2026-06-14 11:50:56 [INFO] httpx — HTTP Request: HEAD https://s3.amazonaws.com/datasets.huggingface.co/datasets/datasets/parquet/parquet.py "HTTP/1.1 404 Not Found"
[2026-06-14 11:50:56,704] INFO   : trn_cnt=2549194, val_cnt=637298
[2026-06-14 11:50:56,705] INFO   : len(tgt_sub_columns)=9, len(ctxflt_sub_columns)=0, len(ctxseq_sub_columns)=0
[2026-06-14 11:50:56,705] INFO   : tgt_cardinalities_deciles=[np.int64(3), np.int64(3), np.int64(3), np.int64(6), np.int64(10), np.int64(10), np.int64(10), np.int64(103), np.int64(103), np.int64(103), np.int64(103)]
[2026-06-14 11:50:56,705] INFO   : trn_batch_size=4096, val_batch_size=4096
[2026-06-14 11:50:56,705] INFO   : trn_steps=622, val_steps=155
[2026-06-14 11:50:56,705] INFO   : batch_size=4096, gradient_accumulation_steps=1, initial_lr=np.float64(0.01131)
[2026-06-14 11:50:56,994] INFO   : {'epoch': 6.0, 'is_checkpoint': 1, 'steps': 750, 'samples': 1530095, 'trn_loss': 18.3052, 'val_loss': 18.0116, 'total_time': 59.8, 'learn_rate': 0.008, 'dp_eps': None, 'dp_delta': None}
[2026-06-14 11:50:57,765] INFO   : {'epoch': 0.0, 'is_checkpoint': 0, 'steps': 1, 'samples': 4096, 'trn_loss': 22.2282, 'val_loss': None, 'total_time': 1.1, 'learn_rate': 0.01131, 'dp_eps': None, 'dp_delta': None}
[2026-06-14 11:51:01,593] INFO   : {'epoch': 4.0, 'is_checkpoint': 1, 'steps': 332, 'samples': 1358330, 'trn_loss': 18.7562, 'val_loss': 18.414, 'total_time': 50.2, 'learn_rate': 0.01131, 'dp_eps': None, 'dp_delta': None}
[2026-06-14 11:51:06,539] INFO   : {'epoch': 7.0, 'is_checkpoint': 1, 'steps': 875, 'samples': 1784914, 'trn_loss': 18.2569, 'val_loss': 17.9828, 'total_time': 69.3, 'learn_rate': 0.008, 'dp_eps': None, 'dp_delta': None}
[2026-06-14 11:51:13,837] INFO   : {'epoch': 5.0, 'is_checkpoint': 1, 'steps': 415, 'samples': 1697784, 'trn_loss': 18.6314, 'val_loss': 18.3379, 'total_time': 62.5, 'learn_rate': 0.01131, 'dp_eps': None, 'dp_delta': None}
[2026-06-14 11:51:16,056] INFO   : {'epoch': 8.0, 'is_checkpoint': 1, 'steps': 1000, 'samples': 2039733, 'trn_loss': 18.2031, 'val_loss': 17.9284, 'total_time': 78.8, 'learn_rate': 0.008, 'dp_eps': None, 'dp_delta': None}
[2026-06-14 11:51:22,635] INFO   : encoded partition part.000000-trn.parquet (3410623, 9)
[2026-06-14 11:51:25,658] INFO   : {'epoch': 9.0, 'is_checkpoint': 1, 'steps': 1125, 'samples': 2294552, 'trn_loss': 18.1916, 'val_loss': 17.9239, 'total_time': 88.4, 'learn_rate': 0.008, 'dp_eps': None, 'dp_delta': None}
[2026-06-14 11:51:26,207] INFO   : {'epoch': 6.0, 'is_checkpoint': 1, 'steps': 498, 'samples': 2037238, 'trn_loss': 18.5632, 'val_loss': 18.2696, 'total_time': 74.9, 'learn_rate': 0.01131, 'dp_eps': None, 'dp_delta': None}
[2026-06-14 11:51:28,826] INFO   : encoded partition part.000000-val.parquet (852656, 9)
[2026-06-14 11:51:28,826] INFO   : ENCODE_TABULAR finished in 35.85s
[2026-06-14 11:51:28,827] INFO   : TRAIN_TABULAR started
[2026-06-14 11:51:28,832] INFO   : numpy=2.4.4, pandas=2.3.3
[2026-06-14 11:51:28,833] INFO   : torch=2.5.1+cu121, opacus=1.4.0
[2026-06-14 11:51:28,833] INFO   : device=device(type='cuda', index=1)
[2026-06-14 11:51:28,834] INFO   : is_sequential=False
[2026-06-14 11:51:28,834] INFO   : max_training_time=864000.0s
[2026-06-14 11:51:28,834] INFO   : max_epochs=100
[2026-06-14 11:51:28,834] INFO   : model_size=<ModelSize.M: 'M'>
[2026-06-14 11:51:28,834] INFO   : enable_flexible_generation=True
[2026-06-14 11:51:28,834] INFO   : with_dp=False
[2026-06-14 11:51:28,834] INFO   : model_state_strategy=<ModelStateStrategy.reset: 'RESET'>
[2026-06-14 11:51:28,834] INFO   : max_sequence_window=np.int64(1)
[2026-06-14 11:51:29,008] INFO   : create training model
[2026-06-14 11:51:29,342] INFO   : initializing predictor bias with empirical log probabilities
[2026-06-14 11:51:29,345] INFO   : model class: FlatModel
[2026-06-14 11:51:29,345] INFO   : model weights not found; change strategy from ModelStateStrategy.reset to RESET
[2026-06-14 11:51:29,345] INFO   : model_state_strategy=<ModelStateStrategy.reset: 'RESET'>
[2026-06-14 11:51:29,345] INFO   : remove existing checkpoint files
[2026-06-14 11:51:29,345] INFO   : start training progress from epoch=0.0, steps=0
[2026-06-14 11:51:29,346] INFO   : no_of_model_params=np.int64(76866)
2026-06-14 11:51:29 [INFO] httpx — HTTP Request: HEAD https://s3.amazonaws.com/datasets.huggingface.co/datasets/datasets/parquet/parquet.py "HTTP/1.1 404 Not Found"
2026-06-14 11:51:29 [INFO] httpx — HTTP Request: HEAD https://s3.amazonaws.com/datasets.huggingface.co/datasets/datasets/parquet/parquet.py "HTTP/1.1 404 Not Found"
[2026-06-14 11:51:29,955] INFO   : trn_cnt=3410623, val_cnt=852656
[2026-06-14 11:51:29,955] INFO   : len(tgt_sub_columns)=9, len(ctxflt_sub_columns)=0, len(ctxseq_sub_columns)=0
[2026-06-14 11:51:29,955] INFO   : tgt_cardinalities_deciles=[np.int64(3), np.int64(3), np.int64(4), np.int64(6), np.int64(10), np.int64(10), np.int64(10), np.int64(103), np.int64(103), np.int64(103), np.int64(103)]
[2026-06-14 11:51:29,955] INFO   : trn_batch_size=4096, val_batch_size=4096
[2026-06-14 11:51:29,955] INFO   : trn_steps=832, val_steps=208
[2026-06-14 11:51:29,956] INFO   : batch_size=4096, gradient_accumulation_steps=1, initial_lr=np.float64(0.01131)
[2026-06-14 11:51:31,063] INFO   : {'epoch': 0.0, 'is_checkpoint': 0, 'steps': 1, 'samples': 4096, 'trn_loss': 22.5738, 'val_loss': None, 'total_time': 1.1, 'learn_rate': 0.01131, 'dp_eps': None, 'dp_delta': None}
[2026-06-14 11:51:34,940] INFO   : {'epoch': 10.0, 'is_checkpoint': 0, 'steps': 1250, 'samples': 2549371, 'trn_loss': 18.1848, 'val_loss': 17.9299, 'total_time': 97.7, 'learn_rate': 0.008, 'dp_eps': None, 'dp_delta': None}
[2026-06-14 11:51:38,293] INFO   : {'epoch': 7.0, 'is_checkpoint': 1, 'steps': 581, 'samples': 2376692, 'trn_loss': 18.4969, 'val_loss': 18.2614, 'total_time': 86.9, 'learn_rate': 0.01131, 'dp_eps': None, 'dp_delta': None}
[2026-06-14 11:51:44,498] INFO   : {'epoch': 11.0, 'is_checkpoint': 1, 'steps': 1375, 'samples': 2804190, 'trn_loss': 18.1417, 'val_loss': 17.8883, 'total_time': 107.3, 'learn_rate': 0.008, 'dp_eps': None, 'dp_delta': None}
[2026-06-14 11:51:50,365] INFO   : {'epoch': 8.0, 'is_checkpoint': 1, 'steps': 664, 'samples': 2716146, 'trn_loss': 18.4855, 'val_loss': 18.2472, 'total_time': 99.0, 'learn_rate': 0.01131, 'dp_eps': None, 'dp_delta': None}
[2026-06-14 11:51:54,357] INFO   : {'epoch': 12.0, 'is_checkpoint': 0, 'steps': 1500, 'samples': 3059009, 'trn_loss': 18.1273, 'val_loss': 17.9097, 'total_time': 117.1, 'learn_rate': 0.008, 'dp_eps': None, 'dp_delta': None}
[2026-06-14 11:52:02,686] INFO   : {'epoch': 9.0, 'is_checkpoint': 1, 'steps': 747, 'samples': 3055600, 'trn_loss': 18.4444, 'val_loss': 18.1979, 'total_time': 111.3, 'learn_rate': 0.01131, 'dp_eps': None, 'dp_delta': None}
[2026-06-14 11:52:03,678] INFO   : {'epoch': 13.0, 'is_checkpoint': 1, 'steps': 1625, 'samples': 3313828, 'trn_loss': 18.1168, 'val_loss': 17.8716, 'total_time': 126.5, 'learn_rate': 0.008, 'dp_eps': None, 'dp_delta': None}
[2026-06-14 11:52:13,282] INFO   : {'epoch': 14.0, 'is_checkpoint': 1, 'steps': 1750, 'samples': 3568647, 'trn_loss': 18.1132, 'val_loss': 17.848, 'total_time': 136.1, 'learn_rate': 0.008, 'dp_eps': None, 'dp_delta': None}
[2026-06-14 11:52:15,026] INFO   : {'epoch': 10.0, 'is_checkpoint': 1, 'steps': 830, 'samples': 3395054, 'trn_loss': 18.4126, 'val_loss': 18.1554, 'total_time': 123.7, 'learn_rate': 0.01131, 'dp_eps': None, 'dp_delta': None}
[2026-06-14 11:52:22,590] INFO   : {'epoch': 15.0, 'is_checkpoint': 1, 'steps': 1875, 'samples': 3823466, 'trn_loss': 18.0934, 'val_loss': 17.8294, 'total_time': 145.4, 'learn_rate': 0.008, 'dp_eps': None, 'dp_delta': None}
[2026-06-14 11:52:27,380] INFO   : {'epoch': 11.0, 'is_checkpoint': 0, 'steps': 913, 'samples': 3734508, 'trn_loss': 18.3881, 'val_loss': 18.1757, 'total_time': 136.0, 'learn_rate': 0.01131, 'dp_eps': None, 'dp_delta': None}
[2026-06-14 11:52:32,156] INFO   : {'epoch': 16.0, 'is_checkpoint': 0, 'steps': 2000, 'samples': 4078285, 'trn_loss': 18.0702, 'val_loss': 17.8545, 'total_time': 154.9, 'learn_rate': 0.008, 'dp_eps': None, 'dp_delta': None}
[2026-06-14 11:52:39,479] INFO   : {'epoch': 12.0, 'is_checkpoint': 1, 'steps': 996, 'samples': 4073962, 'trn_loss': 18.3704, 'val_loss': 18.1307, 'total_time': 148.1, 'learn_rate': 0.01131, 'dp_eps': None, 'dp_delta': None}
[2026-06-14 11:52:39,822] INFO   : {'epoch': 1.0, 'is_checkpoint': 1, 'steps': 622, 'samples': 2547712, 'trn_loss': 18.5765, 'val_loss': 17.9134, 'total_time': 103.1, 'learn_rate': 0.01131, 'dp_eps': None, 'dp_delta': None}
[2026-06-14 11:52:41,711] INFO   : {'epoch': 17.0, 'is_checkpoint': 0, 'steps': 2125, 'samples': 4333104, 'trn_loss': 18.0675, 'val_loss': 17.8447, 'total_time': 164.5, 'learn_rate': 0.008, 'dp_eps': None, 'dp_delta': None}
[2026-06-14 11:52:50,984] INFO   : {'epoch': 18.0, 'is_checkpoint': 1, 'steps': 2250, 'samples': 4587923, 'trn_loss': 18.0628, 'val_loss': 17.8184, 'total_time': 173.8, 'learn_rate': 0.008, 'dp_eps': None, 'dp_delta': None}
[2026-06-14 11:52:51,538] INFO   : {'epoch': 13.0, 'is_checkpoint': 1, 'steps': 1079, 'samples': 4413416, 'trn_loss': 18.3612, 'val_loss': 18.1113, 'total_time': 160.2, 'learn_rate': 0.01131, 'dp_eps': None, 'dp_delta': None}
[2026-06-14 11:53:00,838] INFO   : {'epoch': 19.0, 'is_checkpoint': 0, 'steps': 2375, 'samples': 4842742, 'trn_loss': 18.0607, 'val_loss': 17.8228, 'total_time': 183.6, 'learn_rate': 0.008, 'dp_eps': None, 'dp_delta': None}
[2026-06-14 11:53:03,884] INFO   : {'epoch': 14.0, 'is_checkpoint': 1, 'steps': 1162, 'samples': 4752870, 'trn_loss': 18.3544, 'val_loss': 18.0899, 'total_time': 172.5, 'learn_rate': 0.01131, 'dp_eps': None, 'dp_delta': None}
[2026-06-14 11:53:10,112] INFO   : {'epoch': 20.0, 'is_checkpoint': 0, 'steps': 2500, 'samples': 5097561, 'trn_loss': 18.0403, 'val_loss': 17.8268, 'total_time': 192.9, 'learn_rate': 0.008, 'dp_eps': None, 'dp_delta': None}
[2026-06-14 11:53:16,279] INFO   : {'epoch': 15.0, 'is_checkpoint': 1, 'steps': 1245, 'samples': 5092324, 'trn_loss': 18.338, 'val_loss': 18.0825, 'total_time': 184.9, 'learn_rate': 0.01131, 'dp_eps': None, 'dp_delta': None}
[2026-06-14 11:53:19,691] INFO   : {'epoch': 21.0, 'is_checkpoint': 1, 'steps': 2625, 'samples': 5352380, 'trn_loss': 18.0517, 'val_loss': 17.8107, 'total_time': 202.5, 'learn_rate': 0.008, 'dp_eps': None, 'dp_delta': None}
[2026-06-14 11:53:28,345] INFO   : {'epoch': 16.0, 'is_checkpoint': 1, 'steps': 1328, 'samples': 5431778, 'trn_loss': 18.3205, 'val_loss': 18.0815, 'total_time': 197.0, 'learn_rate': 0.01131, 'dp_eps': None, 'dp_delta': None}
[2026-06-14 11:53:29,254] INFO   : {'epoch': 22.0, 'is_checkpoint': 1, 'steps': 2750, 'samples': 5607199, 'trn_loss': 18.0149, 'val_loss': 17.7894, 'total_time': 212.0, 'learn_rate': 0.008, 'dp_eps': None, 'dp_delta': None}
[2026-06-14 11:53:38,847] INFO   : {'epoch': 23.0, 'is_checkpoint': 0, 'steps': 2875, 'samples': 5862018, 'trn_loss': 18.019, 'val_loss': 17.8113, 'total_time': 221.6, 'learn_rate': 0.008, 'dp_eps': None, 'dp_delta': None}
[2026-06-14 11:53:40,739] INFO   : {'epoch': 17.0, 'is_checkpoint': 0, 'steps': 1411, 'samples': 5771232, 'trn_loss': 18.3315, 'val_loss': 18.0896, 'total_time': 209.4, 'learn_rate': 0.01131, 'dp_eps': None, 'dp_delta': None}
[2026-06-14 11:53:48,386] INFO   : {'epoch': 24.0, 'is_checkpoint': 0, 'steps': 3000, 'samples': 6116837, 'trn_loss': 18.026, 'val_loss': 17.7957, 'total_time': 231.2, 'learn_rate': 0.008, 'dp_eps': None, 'dp_delta': None}
[2026-06-14 11:53:52,836] INFO   : {'epoch': 18.0, 'is_checkpoint': 0, 'steps': 1494, 'samples': 6110686, 'trn_loss': 18.2945, 'val_loss': 18.0827, 'total_time': 221.5, 'learn_rate': 0.01131, 'dp_eps': None, 'dp_delta': None}
[2026-06-14 11:53:53,086] INFO   : {'epoch': 1.0, 'is_checkpoint': 1, 'steps': 832, 'samples': 3407872, 'trn_loss': 18.7642, 'val_loss': 18.1458, 'total_time': 143.1, 'learn_rate': 0.01131, 'dp_eps': None, 'dp_delta': None}
[2026-06-14 11:53:57,939] INFO   : {'epoch': 25.0, 'is_checkpoint': 0, 'steps': 3125, 'samples': 6371656, 'trn_loss': 18.0186, 'val_loss': 17.8002, 'total_time': 240.7, 'learn_rate': 0.008, 'dp_eps': None, 'dp_delta': None}
[2026-06-14 11:54:04,943] INFO   : {'epoch': 19.0, 'is_checkpoint': 1, 'steps': 1577, 'samples': 6450140, 'trn_loss': 18.2669, 'val_loss': 18.0287, 'total_time': 233.6, 'learn_rate': 0.005655, 'dp_eps': None, 'dp_delta': None}
[2026-06-14 11:54:07,536] INFO   : {'epoch': 26.0, 'is_checkpoint': 1, 'steps': 3250, 'samples': 6626475, 'trn_loss': 17.9775, 'val_loss': 17.7516, 'total_time': 250.3, 'learn_rate': 0.004, 'dp_eps': None, 'dp_delta': None}
[2026-06-14 11:54:16,825] INFO   : {'epoch': 27.0, 'is_checkpoint': 1, 'steps': 3375, 'samples': 6881294, 'trn_loss': 17.9525, 'val_loss': 17.7485, 'total_time': 259.6, 'learn_rate': 0.004, 'dp_eps': None, 'dp_delta': None}
[2026-06-14 11:54:17,328] INFO   : {'epoch': 20.0, 'is_checkpoint': 1, 'steps': 1660, 'samples': 6789594, 'trn_loss': 18.2349, 'val_loss': 17.9991, 'total_time': 246.0, 'learn_rate': 0.005655, 'dp_eps': None, 'dp_delta': None}
[2026-06-14 11:54:20,502] INFO   : {'epoch': 2.0, 'is_checkpoint': 1, 'steps': 1244, 'samples': 5092810, 'trn_loss': 18.0686, 'val_loss': 17.7891, 'total_time': 203.8, 'learn_rate': 0.01131, 'dp_eps': None, 'dp_delta': None}
[2026-06-14 11:54:26,369] INFO   : {'epoch': 28.0, 'is_checkpoint': 0, 'steps': 3500, 'samples': 7136113, 'trn_loss': 17.96, 'val_loss': 17.7504, 'total_time': 269.1, 'learn_rate': 0.004, 'dp_eps': None, 'dp_delta': None}
[2026-06-14 11:54:29,418] INFO   : {'epoch': 21.0, 'is_checkpoint': 0, 'steps': 1743, 'samples': 7129048, 'trn_loss': 18.2476, 'val_loss': 18.0102, 'total_time': 258.1, 'learn_rate': 0.005655, 'dp_eps': None, 'dp_delta': None}
[2026-06-14 11:54:36,247] INFO   : {'epoch': 29.0, 'is_checkpoint': 1, 'steps': 3625, 'samples': 7390932, 'trn_loss': 17.9433, 'val_loss': 17.7424, 'total_time': 279.0, 'learn_rate': 0.004, 'dp_eps': None, 'dp_delta': None}
[2026-06-14 11:54:41,489] INFO   : {'epoch': 22.0, 'is_checkpoint': 0, 'steps': 1826, 'samples': 7468502, 'trn_loss': 18.2155, 'val_loss': 18.0072, 'total_time': 270.1, 'learn_rate': 0.005655, 'dp_eps': None, 'dp_delta': None}
[2026-06-14 11:54:45,568] INFO   : {'epoch': 30.0, 'is_checkpoint': 1, 'steps': 3750, 'samples': 7645751, 'trn_loss': 17.9426, 'val_loss': 17.731, 'total_time': 288.3, 'learn_rate': 0.004, 'dp_eps': None, 'dp_delta': None}
[2026-06-14 11:54:53,856] INFO   : {'epoch': 23.0, 'is_checkpoint': 0, 'steps': 1909, 'samples': 7807956, 'trn_loss': 18.2283, 'val_loss': 18.0117, 'total_time': 282.5, 'learn_rate': 0.005655, 'dp_eps': None, 'dp_delta': None}
[2026-06-14 11:54:55,168] INFO   : {'epoch': 31.0, 'is_checkpoint': 0, 'steps': 3875, 'samples': 7900570, 'trn_loss': 17.9519, 'val_loss': 17.7365, 'total_time': 297.9, 'learn_rate': 0.004, 'dp_eps': None, 'dp_delta': None}
[2026-06-14 11:55:04,654] INFO   : {'epoch': 32.0, 'is_checkpoint': 1, 'steps': 4000, 'samples': 8155389, 'trn_loss': 17.9421, 'val_loss': 17.7247, 'total_time': 307.4, 'learn_rate': 0.004, 'dp_eps': None, 'dp_delta': None}
[2026-06-14 11:55:06,231] INFO   : {'epoch': 24.0, 'is_checkpoint': 1, 'steps': 1992, 'samples': 8147410, 'trn_loss': 18.2121, 'val_loss': 17.9759, 'total_time': 294.9, 'learn_rate': 0.002828, 'dp_eps': None, 'dp_delta': None}
[2026-06-14 11:55:14,414] INFO   : {'epoch': 33.0, 'is_checkpoint': 0, 'steps': 4125, 'samples': 8410208, 'trn_loss': 17.93, 'val_loss': 17.7474, 'total_time': 317.2, 'learn_rate': 0.004, 'dp_eps': None, 'dp_delta': None}
[2026-06-14 11:55:18,891] INFO   : {'epoch': 25.0, 'is_checkpoint': 1, 'steps': 2075, 'samples': 8486864, 'trn_loss': 18.1919, 'val_loss': 17.9736, 'total_time': 307.5, 'learn_rate': 0.002828, 'dp_eps': None, 'dp_delta': None}
[2026-06-14 11:55:24,133] INFO   : {'epoch': 34.0, 'is_checkpoint': 0, 'steps': 4250, 'samples': 8665027, 'trn_loss': 17.941, 'val_loss': 17.73, 'total_time': 326.9, 'learn_rate': 0.004, 'dp_eps': None, 'dp_delta': None}
[2026-06-14 11:55:31,122] INFO   : {'epoch': 26.0, 'is_checkpoint': 0, 'steps': 2158, 'samples': 8826318, 'trn_loss': 18.1843, 'val_loss': 17.9845, 'total_time': 319.8, 'learn_rate': 0.002828, 'dp_eps': None, 'dp_delta': None}
[2026-06-14 11:55:33,810] INFO   : {'epoch': 35.0, 'is_checkpoint': 0, 'steps': 4375, 'samples': 8919846, 'trn_loss': 17.9395, 'val_loss': 17.7271, 'total_time': 336.6, 'learn_rate': 0.004, 'dp_eps': None, 'dp_delta': None}
[2026-06-14 11:55:43,357] INFO   : {'epoch': 27.0, 'is_checkpoint': 1, 'steps': 2241, 'samples': 9165772, 'trn_loss': 18.1833, 'val_loss': 17.968, 'total_time': 332.0, 'learn_rate': 0.002828, 'dp_eps': None, 'dp_delta': None}
[2026-06-14 11:55:43,410] INFO   : {'epoch': 36.0, 'is_checkpoint': 1, 'steps': 4500, 'samples': 9174665, 'trn_loss': 17.9101, 'val_loss': 17.7175, 'total_time': 346.2, 'learn_rate': 0.002, 'dp_eps': None, 'dp_delta': None}
[2026-06-14 11:55:52,665] INFO   : {'epoch': 37.0, 'is_checkpoint': 0, 'steps': 4625, 'samples': 9429484, 'trn_loss': 17.9165, 'val_loss': 17.7294, 'total_time': 355.4, 'learn_rate': 0.002, 'dp_eps': None, 'dp_delta': None}
[2026-06-14 11:55:55,892] INFO   : {'epoch': 28.0, 'is_checkpoint': 0, 'steps': 2324, 'samples': 9505226, 'trn_loss': 18.1749, 'val_loss': 17.9707, 'total_time': 344.5, 'learn_rate': 0.002828, 'dp_eps': None, 'dp_delta': None}
[2026-06-14 11:56:02,403] INFO   : {'epoch': 38.0, 'is_checkpoint': 1, 'steps': 4750, 'samples': 9684303, 'trn_loss': 17.9052, 'val_loss': 17.7073, 'total_time': 365.2, 'learn_rate': 0.002, 'dp_eps': None, 'dp_delta': None}
[2026-06-14 11:56:05,542] INFO   : {'epoch': 3.0, 'is_checkpoint': 1, 'steps': 1866, 'samples': 7637908, 'trn_loss': 17.9824, 'val_loss': 17.7659, 'total_time': 308.8, 'learn_rate': 0.01131, 'dp_eps': None, 'dp_delta': None}
[2026-06-14 11:56:08,191] INFO   : {'epoch': 29.0, 'is_checkpoint': 1, 'steps': 2407, 'samples': 9844680, 'trn_loss': 18.189, 'val_loss': 17.9652, 'total_time': 356.8, 'learn_rate': 0.002828, 'dp_eps': None, 'dp_delta': None}
[2026-06-14 11:56:11,939] INFO   : {'epoch': 39.0, 'is_checkpoint': 0, 'steps': 4875, 'samples': 9939122, 'trn_loss': 17.9044, 'val_loss': 17.7092, 'total_time': 374.7, 'learn_rate': 0.002, 'dp_eps': None, 'dp_delta': None}
[2026-06-14 11:56:16,741] INFO   : {'epoch': 2.0, 'is_checkpoint': 1, 'steps': 1664, 'samples': 6814399, 'trn_loss': 18.3043, 'val_loss': 18.026, 'total_time': 286.8, 'learn_rate': 0.01131, 'dp_eps': None, 'dp_delta': None}
[2026-06-14 11:56:20,601] INFO   : {'epoch': 30.0, 'is_checkpoint': 1, 'steps': 2490, 'samples': 10184134, 'trn_loss': 18.1904, 'val_loss': 17.9632, 'total_time': 369.3, 'learn_rate': 0.002828, 'dp_eps': None, 'dp_delta': None}
[2026-06-14 11:56:21,437] INFO   : {'epoch': 40.0, 'is_checkpoint': 0, 'steps': 5000, 'samples': 10193941, 'trn_loss': 17.9034, 'val_loss': 17.7205, 'total_time': 384.2, 'learn_rate': 0.002, 'dp_eps': None, 'dp_delta': None}
[2026-06-14 11:56:31,115] INFO   : {'epoch': 41.0, 'is_checkpoint': 0, 'steps': 5125, 'samples': 10448760, 'trn_loss': 17.8962, 'val_loss': 17.7109, 'total_time': 393.9, 'learn_rate': 0.002, 'dp_eps': None, 'dp_delta': None}
[2026-06-14 11:56:32,951] INFO   : {'epoch': 31.0, 'is_checkpoint': 0, 'steps': 2573, 'samples': 10523588, 'trn_loss': 18.1814, 'val_loss': 17.9694, 'total_time': 381.6, 'learn_rate': 0.002828, 'dp_eps': None, 'dp_delta': None}
[2026-06-14 11:56:40,657] INFO   : {'epoch': 42.0, 'is_checkpoint': 1, 'steps': 5250, 'samples': 10703579, 'trn_loss': 17.8913, 'val_loss': 17.7068, 'total_time': 403.4, 'learn_rate': 0.001, 'dp_eps': None, 'dp_delta': None}
[2026-06-14 11:56:45,036] INFO   : {'epoch': 32.0, 'is_checkpoint': 0, 'steps': 2656, 'samples': 10863042, 'trn_loss': 18.1782, 'val_loss': 17.9879, 'total_time': 393.7, 'learn_rate': 0.002828, 'dp_eps': None, 'dp_delta': None}
[2026-06-14 11:56:50,193] INFO   : {'epoch': 43.0, 'is_checkpoint': 1, 'steps': 5375, 'samples': 10958398, 'trn_loss': 17.8827, 'val_loss': 17.7007, 'total_time': 413.0, 'learn_rate': 0.001, 'dp_eps': None, 'dp_delta': None}
[2026-06-14 11:56:57,411] INFO   : {'epoch': 33.0, 'is_checkpoint': 0, 'steps': 2739, 'samples': 11202496, 'trn_loss': 18.1668, 'val_loss': 17.9756, 'total_time': 406.1, 'learn_rate': 0.002828, 'dp_eps': None, 'dp_delta': None}
[2026-06-14 11:56:59,719] INFO   : {'epoch': 44.0, 'is_checkpoint': 1, 'steps': 5500, 'samples': 11213217, 'trn_loss': 17.8712, 'val_loss': 17.6814, 'total_time': 422.5, 'learn_rate': 0.001, 'dp_eps': None, 'dp_delta': None}
[2026-06-14 11:57:09,249] INFO   : {'epoch': 45.0, 'is_checkpoint': 0, 'steps': 5625, 'samples': 11468036, 'trn_loss': 17.8879, 'val_loss': 17.7055, 'total_time': 432.0, 'learn_rate': 0.001, 'dp_eps': None, 'dp_delta': None}
[2026-06-14 11:57:09,865] INFO   : {'epoch': 34.0, 'is_checkpoint': 1, 'steps': 2822, 'samples': 11541950, 'trn_loss': 18.1605, 'val_loss': 17.95, 'total_time': 418.5, 'learn_rate': 0.001414, 'dp_eps': None, 'dp_delta': None}
[2026-06-14 11:57:18,761] INFO   : {'epoch': 46.0, 'is_checkpoint': 0, 'steps': 5750, 'samples': 11722855, 'trn_loss': 17.8609, 'val_loss': 17.6978, 'total_time': 441.5, 'learn_rate': 0.001, 'dp_eps': None, 'dp_delta': None}
[2026-06-14 11:57:22,003] INFO   : {'epoch': 35.0, 'is_checkpoint': 1, 'steps': 2905, 'samples': 11881404, 'trn_loss': 18.1727, 'val_loss': 17.9471, 'total_time': 430.7, 'learn_rate': 0.001414, 'dp_eps': None, 'dp_delta': None}
[2026-06-14 11:57:28,262] INFO   : {'epoch': 47.0, 'is_checkpoint': 0, 'steps': 5875, 'samples': 11977674, 'trn_loss': 17.8801, 'val_loss': 17.7058, 'total_time': 451.0, 'learn_rate': 0.001, 'dp_eps': None, 'dp_delta': None}
[2026-06-14 11:57:34,076] INFO   : {'epoch': 36.0, 'is_checkpoint': 0, 'steps': 2988, 'samples': 12220858, 'trn_loss': 18.1551, 'val_loss': 17.9688, 'total_time': 442.7, 'learn_rate': 0.001414, 'dp_eps': None, 'dp_delta': None}
[2026-06-14 11:57:37,778] INFO   : {'epoch': 48.0, 'is_checkpoint': 0, 'steps': 6000, 'samples': 12232493, 'trn_loss': 17.8786, 'val_loss': 17.7001, 'total_time': 460.6, 'learn_rate': 0.0008, 'dp_eps': None, 'dp_delta': None}
[2026-06-14 11:57:46,451] INFO   : {'epoch': 37.0, 'is_checkpoint': 1, 'steps': 3071, 'samples': 12560312, 'trn_loss': 18.1742, 'val_loss': 17.9452, 'total_time': 455.1, 'learn_rate': 0.001414, 'dp_eps': None, 'dp_delta': None}
[2026-06-14 11:57:47,253] INFO   : early stopping: val_loss stopped improving
[2026-06-14 11:57:47,253] INFO   : {'epoch': 49.0, 'is_checkpoint': 0, 'steps': 6125, 'samples': 12487312, 'trn_loss': 17.8628, 'val_loss': 17.6988, 'total_time': 470.0, 'learn_rate': 0.0008, 'dp_eps': None, 'dp_delta': None}
[2026-06-14 11:57:47,328] INFO   : TRAIN_TABULAR finished in 470.49s
[2026-06-14 11:57:47,584] INFO   : {'epoch': 4.0, 'is_checkpoint': 1, 'steps': 2488, 'samples': 10183006, 'trn_loss': 17.9471, 'val_loss': 17.7349, 'total_time': 410.9, 'learn_rate': 0.01131, 'dp_eps': None, 'dp_delta': None}
2026-06-14 11:57:48 [INFO] paysim — [fold=2] ✔ DONE  train_m2  (481.0s)
2026-06-14 11:57:48 [INFO] paysim — [fold=2] Waiting for M3 subprocess (pid=64568) …
[2026-06-14 11:57:58,628] INFO   : {'epoch': 38.0, 'is_checkpoint': 0, 'steps': 3154, 'samples': 12899766, 'trn_loss': 18.1569, 'val_loss': 17.9491, 'total_time': 467.3, 'learn_rate': 0.001414, 'dp_eps': None, 'dp_delta': None}
[2026-06-14 11:58:10,449] INFO   : {'epoch': 39.0, 'is_checkpoint': 0, 'steps': 3237, 'samples': 13239220, 'trn_loss': 18.1585, 'val_loss': 17.9605, 'total_time': 479.1, 'learn_rate': 0.001414, 'dp_eps': None, 'dp_delta': None}
[2026-06-14 11:58:22,246] INFO   : {'epoch': 40.0, 'is_checkpoint': 1, 'steps': 3320, 'samples': 13578674, 'trn_loss': 18.1479, 'val_loss': 17.935, 'total_time': 490.9, 'learn_rate': 0.001414, 'dp_eps': None, 'dp_delta': None}
[2026-06-14 11:58:34,307] INFO   : {'epoch': 41.0, 'is_checkpoint': 0, 'steps': 3403, 'samples': 13918128, 'trn_loss': 18.1503, 'val_loss': 17.9405, 'total_time': 503.0, 'learn_rate': 0.001414, 'dp_eps': None, 'dp_delta': None}
[2026-06-14 11:58:37,226] INFO   : {'epoch': 3.0, 'is_checkpoint': 1, 'steps': 2496, 'samples': 10220926, 'trn_loss': 18.2308, 'val_loss': 18.0059, 'total_time': 427.3, 'learn_rate': 0.01131, 'dp_eps': None, 'dp_delta': None}
[2026-06-14 11:58:46,077] INFO   : {'epoch': 42.0, 'is_checkpoint': 0, 'steps': 3486, 'samples': 14257582, 'trn_loss': 18.1547, 'val_loss': 17.947, 'total_time': 514.7, 'learn_rate': 0.001414, 'dp_eps': None, 'dp_delta': None}
[2026-06-14 11:58:58,162] INFO   : {'epoch': 43.0, 'is_checkpoint': 0, 'steps': 3569, 'samples': 14597036, 'trn_loss': 18.1542, 'val_loss': 17.939, 'total_time': 526.8, 'learn_rate': 0.001414, 'dp_eps': None, 'dp_delta': None}
[2026-06-14 11:59:09,938] INFO   : {'epoch': 44.0, 'is_checkpoint': 0, 'steps': 3652, 'samples': 14936490, 'trn_loss': 18.1577, 'val_loss': 17.9433, 'total_time': 538.6, 'learn_rate': 0.001131, 'dp_eps': None, 'dp_delta': None}
[2026-06-14 11:59:21,983] INFO   : early stopping: val_loss stopped improving
[2026-06-14 11:59:21,983] INFO   : {'epoch': 45.0, 'is_checkpoint': 0, 'steps': 3735, 'samples': 15275944, 'trn_loss': 18.1388, 'val_loss': 17.9501, 'total_time': 550.6, 'learn_rate': 0.001131, 'dp_eps': None, 'dp_delta': None}
[2026-06-14 11:59:22,076] INFO   : TRAIN_TABULAR finished in 551.10s
2026-06-14 11:59:23 [INFO] paysim — [fold=3] ✔ DONE  train_m2  (564.6s)
2026-06-14 11:59:23 [INFO] paysim — [fold=3] Waiting for M3 subprocess (pid=64767) …
[2026-06-14 11:59:27,223] INFO   : {'epoch': 5.0, 'is_checkpoint': 1, 'steps': 3110, 'samples': 12728104, 'trn_loss': 17.924, 'val_loss': 17.7207, 'total_time': 510.5, 'learn_rate': 0.01131, 'dp_eps': None, 'dp_delta': None}
[2026-06-14 12:00:49,620] INFO   : {'epoch': 4.0, 'is_checkpoint': 1, 'steps': 3328, 'samples': 13627453, 'trn_loss': 18.1939, 'val_loss': 17.9597, 'total_time': 559.7, 'learn_rate': 0.01131, 'dp_eps': None, 'dp_delta': None}
[2026-06-14 12:01:01,744] INFO   : {'epoch': 6.0, 'is_checkpoint': 1, 'steps': 3732, 'samples': 15273202, 'trn_loss': 17.8991, 'val_loss': 17.6956, 'total_time': 605.0, 'learn_rate': 0.01131, 'dp_eps': None, 'dp_delta': None}
[2026-06-14 12:02:36,317] INFO   : {'epoch': 7.0, 'is_checkpoint': 1, 'steps': 4354, 'samples': 17818300, 'trn_loss': 17.8893, 'val_loss': 17.6934, 'total_time': 699.6, 'learn_rate': 0.01131, 'dp_eps': None, 'dp_delta': None}
[2026-06-14 12:03:00,583] INFO   : {'epoch': 5.0, 'is_checkpoint': 1, 'steps': 4160, 'samples': 17033980, 'trn_loss': 18.1659, 'val_loss': 17.9383, 'total_time': 690.6, 'learn_rate': 0.01131, 'dp_eps': None, 'dp_delta': None}
[2026-06-14 12:04:10,941] INFO   : {'epoch': 8.0, 'is_checkpoint': 1, 'steps': 4976, 'samples': 20363398, 'trn_loss': 17.8754, 'val_loss': 17.676, 'total_time': 794.2, 'learn_rate': 0.01131, 'dp_eps': None, 'dp_delta': None}
[2026-06-14 12:05:11,726] INFO   : {'epoch': 6.0, 'is_checkpoint': 1, 'steps': 4992, 'samples': 20440507, 'trn_loss': 18.1502, 'val_loss': 17.9193, 'total_time': 821.8, 'learn_rate': 0.01131, 'dp_eps': None, 'dp_delta': None}
[2026-06-14 12:05:45,930] INFO   : {'epoch': 9.0, 'is_checkpoint': 1, 'steps': 5598, 'samples': 22908496, 'trn_loss': 17.8625, 'val_loss': 17.6643, 'total_time': 889.2, 'learn_rate': 0.01131, 'dp_eps': None, 'dp_delta': None}
[2026-06-14 12:07:20,390] INFO   : {'epoch': 10.0, 'is_checkpoint': 1, 'steps': 6220, 'samples': 25453594, 'trn_loss': 17.8554, 'val_loss': 17.6533, 'total_time': 983.7, 'learn_rate': 0.01131, 'dp_eps': None, 'dp_delta': None}
[2026-06-14 12:07:21,215] INFO   : {'epoch': 7.0, 'is_checkpoint': 1, 'steps': 5824, 'samples': 23847034, 'trn_loss': 18.1356, 'val_loss': 17.9162, 'total_time': 951.3, 'learn_rate': 0.01131, 'dp_eps': None, 'dp_delta': None}
[2026-06-14 12:08:55,834] INFO   : {'epoch': 11.0, 'is_checkpoint': 1, 'steps': 6842, 'samples': 27998692, 'trn_loss': 17.8436, 'val_loss': 17.6442, 'total_time': 1079.1, 'learn_rate': 0.01131, 'dp_eps': None, 'dp_delta': None}
