2026-06-12 19:43:58 [INFO] paysim — ============================================================
2026-06-12 19:43:58 [INFO] paysim — FOLD 0 — pipeline start
2026-06-12 19:43:58 [INFO] paysim — ============================================================
2026-06-12 19:43:58 [INFO] paysim — [fold=0] ▶ START load_data
2026-06-12 19:44:12 [INFO] paysim — train: 5,090,096 rows | fraud=6,570 (0.129%)
2026-06-12 19:44:12 [INFO] paysim — test: 1,272,524 rows | fraud=1,643 (0.129%)
2026-06-12 19:44:12 [INFO] paysim — [fold=0] ✔ DONE  load_data  (14.2s)
2026-06-12 19:44:17 [INFO] paysim — train_argn (holdout reserved, unused): 4,072,076 rows | fraud=5,256 (0.129%)
2026-06-12 19:44:17 [INFO] paysim — holdout (reserved, unused): 1,018,020 rows | fraud=1,314 (0.129%)
2026-06-12 19:44:19 [INFO] paysim — M1: 6,570 rows | fraud=6,570 (100.000%)
2026-06-12 19:44:19 [INFO] paysim — M2: 514,922 rows | fraud=6,570 (1.276%)
2026-06-12 19:44:19 [INFO] paysim — M3: 5,090,096 rows | fraud=6,570 (0.129%)
2026-06-12 19:44:19 [INFO] paysim — [fold=0] ▶ START train_all_argns
2026-06-12 19:44:24 [INFO] mostlyai.engine._common — running on Python (3.11.15)
2026-06-12 19:44:27 [INFO] paysim — [fold=0] Launching M3 on cuda:1 (subprocess)
2026-06-12 19:44:27 [INFO] paysim — [fold=0] ▶ START train_m1
[2026-06-12 19:44:27,704] INFO   : SPLIT started
[2026-06-12 19:44:27,705] INFO   : clean `/shared/paysim-sarmad/models/fold_0/m1/OriginalData/tgt-data`
[2026-06-12 19:44:27,705] INFO   : clean `/shared/paysim-sarmad/models/fold_0/m1/OriginalData/tgt-meta`
[2026-06-12 19:44:27,706] INFO   : model_type='TABULAR'
[2026-06-12 19:44:27,706] INFO   : tgt_encoding_types={'step': 'TABULAR_NUMERIC_AUTO', 'type': 'TABULAR_CATEGORICAL', 'amount': 'TABULAR_NUMERIC_AUTO', 'oldbalanceOrg': 'TABULAR_NUMERIC_AUTO', 'newbalanceOrig': 'TABULAR_NUMERIC_AUTO', 'oldbalanceDest': 'TABULAR_NUMERIC_AUTO', 'newbalanceDest': 'TABULAR_NUMERIC_AUTO', 'isFraud': 'TABULAR_NUMERIC_AUTO', 'isFlaggedFraud': 'TABULAR_NUMERIC_AUTO'}
[2026-06-12 19:44:27,734] INFO   : SPLIT finished in 0.03s
[2026-06-12 19:44:27,734] INFO   : ANALYZE started
[2026-06-12 19:44:27,735] INFO   : clean `/shared/paysim-sarmad/models/fold_0/m1/ModelStore/tgt-stats`
[2026-06-12 19:44:27,735] INFO   : analyzing 2 partitions in parallel
[2026-06-12 19:44:37,265] INFO   : analyzed target partition 000000-trn (5256, 9)
2026-06-12 19:44:37 [INFO] mostlyai.engine._common — running on Python (3.11.15)
[2026-06-12 19:44:38,299] INFO   : SPLIT started
[2026-06-12 19:44:38,299] INFO   : clean `/shared/paysim-sarmad/models/fold_0/m3/OriginalData/tgt-data`
[2026-06-12 19:44:38,312] INFO   : clean `/shared/paysim-sarmad/models/fold_0/m3/OriginalData/tgt-meta`
[2026-06-12 19:44:38,313] INFO   : model_type='TABULAR'
[2026-06-12 19:44:38,313] INFO   : tgt_encoding_types={'step': 'TABULAR_NUMERIC_AUTO', 'type': 'TABULAR_CATEGORICAL', 'amount': 'TABULAR_NUMERIC_AUTO', 'oldbalanceOrg': 'TABULAR_NUMERIC_AUTO', 'newbalanceOrig': 'TABULAR_NUMERIC_AUTO', 'oldbalanceDest': 'TABULAR_NUMERIC_AUTO', 'newbalanceDest': 'TABULAR_NUMERIC_AUTO', 'isFraud': 'TABULAR_NUMERIC_AUTO', 'isFlaggedFraud': 'TABULAR_NUMERIC_AUTO'}
[2026-06-12 19:44:44,301] INFO   : SPLIT finished in 6.00s
[2026-06-12 19:44:44,342] INFO   : ANALYZE started
[2026-06-12 19:44:44,342] INFO   : clean `/shared/paysim-sarmad/models/fold_0/m3/ModelStore/tgt-stats`
[2026-06-12 19:44:44,343] INFO   : analyzing 2 partitions in parallel
[2026-06-12 19:44:46,267] INFO   : analyzed target partition 000000-val (1314, 9)
[2026-06-12 19:44:46,268] INFO   : combine partition statistics
[2026-06-12 19:44:46,278] INFO   : value_protection = True
[2026-06-12 19:44:46,279] INFO   : analyzed column `step`: TABULAR_NUMERIC_DIGIT {'E2': 8, 'E1': 10, 'E0': 10}
[2026-06-12 19:44:46,279] INFO   : analyzed column `type`: TABULAR_CATEGORICAL {'cat': 3}
[2026-06-12 19:44:46,281] INFO   : analyzed column `amount`: TABULAR_NUMERIC_BINNED {'bin': 103}
[2026-06-12 19:44:46,283] INFO   : analyzed column `oldbalanceOrg`: TABULAR_NUMERIC_BINNED {'bin': 103}
[2026-06-12 19:44:46,284] INFO   : analyzed column `newbalanceOrig`: TABULAR_NUMERIC_BINNED {'bin': 38}
[2026-06-12 19:44:46,290] INFO   : analyzed column `oldbalanceDest`: TABULAR_NUMERIC_BINNED {'bin': 103}
[2026-06-12 19:44:46,294] INFO   : analyzed column `newbalanceDest`: TABULAR_NUMERIC_BINNED {'bin': 103}
[2026-06-12 19:44:46,294] INFO   : analyzed column `isFraud`: TABULAR_NUMERIC_DISCRETE {'cat': 2}
[2026-06-12 19:44:46,295] INFO   : analyzed column `isFlaggedFraud`: TABULAR_NUMERIC_DISCRETE {'cat': 3}
[2026-06-12 19:44:46,295] INFO   : analyzed 6,570 records: 5,256 training / 1,314 validation
[2026-06-12 19:44:46,295] INFO   : is_sequential: False
[2026-06-12 19:44:46,295] INFO   : write statistics to `/shared/paysim-sarmad/models/fold_0/m1/ModelStore/tgt-stats/stats.json`
[2026-06-12 19:44:46,298] INFO   : ANALYZE finished in 18.56s
[2026-06-12 19:44:46,298] INFO   : ENCODE_TABULAR started
[2026-06-12 19:44:46,299] INFO   : clean `/shared/paysim-sarmad/models/fold_0/m1/OriginalData/encoded-data`
[2026-06-12 19:44:46,299] INFO   : clean `/shared/paysim-sarmad/models/fold_0/m1/OriginalData/encoded-data`
[2026-06-12 19:44:46,299] INFO   : clean `/shared/paysim-sarmad/models/fold_0/m1/OriginalData/encoded-data`
[2026-06-12 19:44:46,383] INFO   : encoded partition part.000000-trn.parquet (5256, 11)
[2026-06-12 19:44:46,424] INFO   : encoded partition part.000000-val.parquet (1314, 11)
[2026-06-12 19:44:46,424] INFO   : ENCODE_TABULAR finished in 0.13s
[2026-06-12 19:44:46,425] INFO   : TRAIN_TABULAR started
[2026-06-12 19:44:46,434] INFO   : numpy=2.4.4, pandas=2.3.3
[2026-06-12 19:44:46,436] INFO   : torch=2.5.1+cu121, opacus=1.4.0
[2026-06-12 19:44:46,436] INFO   : device=device(type='cuda', index=0)
[2026-06-12 19:44:46,436] INFO   : is_sequential=False
[2026-06-12 19:44:46,437] INFO   : max_training_time=864000.0s
[2026-06-12 19:44:46,437] INFO   : max_epochs=50
[2026-06-12 19:44:46,437] INFO   : model_size=<ModelSize.M: 'M'>
[2026-06-12 19:44:46,437] INFO   : enable_flexible_generation=True
[2026-06-12 19:44:46,437] INFO   : with_dp=False
[2026-06-12 19:44:46,437] INFO   : model_state_strategy=<ModelStateStrategy.reset: 'RESET'>
[2026-06-12 19:44:46,437] INFO   : max_sequence_window=np.int64(1)
[2026-06-12 19:44:46,445] INFO   : create training model
[2026-06-12 19:44:46,983] INFO   : initializing predictor bias with empirical log probabilities
[2026-06-12 19:44:46,988] INFO   : model class: FlatModel
[2026-06-12 19:44:46,988] INFO   : model_state_strategy=<ModelStateStrategy.reset: 'RESET'>
[2026-06-12 19:44:46,988] INFO   : remove existing checkpoint files
[2026-06-12 19:44:46,989] INFO   : start training progress from epoch=0.0, steps=0
[2026-06-12 19:44:46,991] INFO   : no_of_model_params=np.int64(93504)
2026-06-12 19:44:47 [INFO] httpx — HTTP Request: HEAD https://s3.amazonaws.com/datasets.huggingface.co/datasets/datasets/parquet/parquet.py "HTTP/1.1 404 Not Found"
2026-06-12 19:44:47 [INFO] httpx — HTTP Request: HEAD https://s3.amazonaws.com/datasets.huggingface.co/datasets/datasets/parquet/parquet.py "HTTP/1.1 404 Not Found"
[2026-06-12 19:44:47,395] INFO   : trn_cnt=5256, val_cnt=1314
[2026-06-12 19:44:47,395] INFO   : len(tgt_sub_columns)=11, len(ctxflt_sub_columns)=0, len(ctxseq_sub_columns)=0
[2026-06-12 19:44:47,396] INFO   : tgt_cardinalities_deciles=[np.int64(2), np.int64(3), np.int64(3), np.int64(8), np.int64(10), np.int64(10), np.int64(38), np.int64(103), np.int64(103), np.int64(103), np.int64(103)]
[2026-06-12 19:44:47,396] INFO   : trn_batch_size=64, val_batch_size=64
[2026-06-12 19:44:47,396] INFO   : trn_steps=82, val_steps=20
[2026-06-12 19:44:47,396] INFO   : batch_size=64, gradient_accumulation_steps=1, initial_lr=np.float64(0.00141)
[2026-06-12 19:44:48,402] INFO   : {'epoch': 0.01, 'is_checkpoint': 0, 'steps': 1, 'samples': 64, 'trn_loss': 23.0072, 'val_loss': None, 'total_time': 1.0, 'learn_rate': 0.00141, 'dp_eps': None, 'dp_delta': None}
[2026-06-12 19:44:49,860] INFO   : {'epoch': 1.0, 'is_checkpoint': 1, 'steps': 82, 'samples': 5248, 'trn_loss': 21.7503, 'val_loss': 21.2118, 'total_time': 2.5, 'learn_rate': 0.00141, 'dp_eps': None, 'dp_delta': None}
[2026-06-12 19:44:51,349] INFO   : {'epoch': 2.0, 'is_checkpoint': 1, 'steps': 164, 'samples': 10440, 'trn_loss': 20.8508, 'val_loss': 20.4677, 'total_time': 4.0, 'learn_rate': 0.00141, 'dp_eps': None, 'dp_delta': None}
[2026-06-12 19:44:52,832] INFO   : {'epoch': 3.0, 'is_checkpoint': 1, 'steps': 246, 'samples': 15632, 'trn_loss': 20.0499, 'val_loss': 19.6217, 'total_time': 5.4, 'learn_rate': 0.00141, 'dp_eps': None, 'dp_delta': None}
[2026-06-12 19:44:54,313] INFO   : {'epoch': 4.0, 'is_checkpoint': 1, 'steps': 328, 'samples': 20824, 'trn_loss': 19.2596, 'val_loss': 18.8327, 'total_time': 6.9, 'learn_rate': 0.00141, 'dp_eps': None, 'dp_delta': None}
[2026-06-12 19:44:55,747] INFO   : {'epoch': 5.0, 'is_checkpoint': 1, 'steps': 410, 'samples': 26016, 'trn_loss': 18.6402, 'val_loss': 18.2792, 'total_time': 8.4, 'learn_rate': 0.00141, 'dp_eps': None, 'dp_delta': None}
[2026-06-12 19:44:57,191] INFO   : {'epoch': 6.0, 'is_checkpoint': 1, 'steps': 492, 'samples': 31208, 'trn_loss': 18.2145, 'val_loss': 18.0814, 'total_time': 9.8, 'learn_rate': 0.00141, 'dp_eps': None, 'dp_delta': None}
[2026-06-12 19:44:58,641] INFO   : {'epoch': 7.0, 'is_checkpoint': 1, 'steps': 574, 'samples': 36400, 'trn_loss': 17.9009, 'val_loss': 17.6859, 'total_time': 11.2, 'learn_rate': 0.00141, 'dp_eps': None, 'dp_delta': None}
[2026-06-12 19:45:00,056] INFO   : {'epoch': 8.0, 'is_checkpoint': 1, 'steps': 656, 'samples': 41592, 'trn_loss': 17.7652, 'val_loss': 17.6228, 'total_time': 12.7, 'learn_rate': 0.00141, 'dp_eps': None, 'dp_delta': None}
[2026-06-12 19:45:01,658] INFO   : {'epoch': 9.0, 'is_checkpoint': 1, 'steps': 738, 'samples': 46784, 'trn_loss': 17.5704, 'val_loss': 17.4501, 'total_time': 14.3, 'learn_rate': 0.00141, 'dp_eps': None, 'dp_delta': None}
[2026-06-12 19:45:03,295] INFO   : {'epoch': 10.0, 'is_checkpoint': 1, 'steps': 820, 'samples': 51976, 'trn_loss': 17.3289, 'val_loss': 17.3354, 'total_time': 15.9, 'learn_rate': 0.00141, 'dp_eps': None, 'dp_delta': None}
[2026-06-12 19:45:04,989] INFO   : {'epoch': 11.0, 'is_checkpoint': 1, 'steps': 902, 'samples': 57168, 'trn_loss': 17.3303, 'val_loss': 17.171, 'total_time': 17.6, 'learn_rate': 0.00141, 'dp_eps': None, 'dp_delta': None}
[2026-06-12 19:45:06,515] INFO   : {'epoch': 12.0, 'is_checkpoint': 1, 'steps': 984, 'samples': 62360, 'trn_loss': 17.0694, 'val_loss': 17.1279, 'total_time': 19.1, 'learn_rate': 0.00141, 'dp_eps': None, 'dp_delta': None}
[2026-06-12 19:45:08,010] INFO   : {'epoch': 13.0, 'is_checkpoint': 1, 'steps': 1066, 'samples': 67552, 'trn_loss': 17.0625, 'val_loss': 17.1051, 'total_time': 20.6, 'learn_rate': 0.00141, 'dp_eps': None, 'dp_delta': None}
[2026-06-12 19:45:09,514] INFO   : {'epoch': 14.0, 'is_checkpoint': 1, 'steps': 1148, 'samples': 72744, 'trn_loss': 16.9783, 'val_loss': 17.081, 'total_time': 22.1, 'learn_rate': 0.00141, 'dp_eps': None, 'dp_delta': None}
[2026-06-12 19:45:11,077] INFO   : {'epoch': 15.0, 'is_checkpoint': 1, 'steps': 1230, 'samples': 77936, 'trn_loss': 16.8951, 'val_loss': 17.0624, 'total_time': 23.7, 'learn_rate': 0.00141, 'dp_eps': None, 'dp_delta': None}
[2026-06-12 19:45:12,636] INFO   : {'epoch': 16.0, 'is_checkpoint': 1, 'steps': 1312, 'samples': 83128, 'trn_loss': 16.8194, 'val_loss': 17.0238, 'total_time': 25.2, 'learn_rate': 0.00141, 'dp_eps': None, 'dp_delta': None}
[2026-06-12 19:45:14,217] INFO   : {'epoch': 17.0, 'is_checkpoint': 1, 'steps': 1394, 'samples': 88320, 'trn_loss': 16.678, 'val_loss': 16.9661, 'total_time': 26.8, 'learn_rate': 0.00141, 'dp_eps': None, 'dp_delta': None}
[2026-06-12 19:45:15,779] INFO   : {'epoch': 18.0, 'is_checkpoint': 1, 'steps': 1476, 'samples': 93512, 'trn_loss': 16.7074, 'val_loss': 16.8808, 'total_time': 28.4, 'learn_rate': 0.00141, 'dp_eps': None, 'dp_delta': None}
[2026-06-12 19:45:17,294] INFO   : {'epoch': 19.0, 'is_checkpoint': 0, 'steps': 1558, 'samples': 98704, 'trn_loss': 16.6444, 'val_loss': 16.8953, 'total_time': 29.9, 'learn_rate': 0.00141, 'dp_eps': None, 'dp_delta': None}
[2026-06-12 19:45:18,799] INFO   : {'epoch': 20.0, 'is_checkpoint': 1, 'steps': 1640, 'samples': 103896, 'trn_loss': 16.5996, 'val_loss': 16.8641, 'total_time': 31.4, 'learn_rate': 0.00141, 'dp_eps': None, 'dp_delta': None}
[2026-06-12 19:45:20,505] INFO   : {'epoch': 21.0, 'is_checkpoint': 1, 'steps': 1722, 'samples': 109088, 'trn_loss': 16.5006, 'val_loss': 16.8236, 'total_time': 33.1, 'learn_rate': 0.00141, 'dp_eps': None, 'dp_delta': None}
[2026-06-12 19:45:22,198] INFO   : {'epoch': 22.0, 'is_checkpoint': 0, 'steps': 1804, 'samples': 114280, 'trn_loss': 16.4751, 'val_loss': 16.8252, 'total_time': 34.8, 'learn_rate': 0.00141, 'dp_eps': None, 'dp_delta': None}
[2026-06-12 19:45:23,645] INFO   : {'epoch': 23.0, 'is_checkpoint': 1, 'steps': 1886, 'samples': 119472, 'trn_loss': 16.3868, 'val_loss': 16.8041, 'total_time': 36.2, 'learn_rate': 0.00141, 'dp_eps': None, 'dp_delta': None}
[2026-06-12 19:45:25,033] INFO   : {'epoch': 24.0, 'is_checkpoint': 0, 'steps': 1968, 'samples': 124664, 'trn_loss': 16.4108, 'val_loss': 16.8679, 'total_time': 37.6, 'learn_rate': 0.00141, 'dp_eps': None, 'dp_delta': None}
[2026-06-12 19:45:26,493] INFO   : {'epoch': 25.0, 'is_checkpoint': 1, 'steps': 2050, 'samples': 129856, 'trn_loss': 16.2439, 'val_loss': 16.7571, 'total_time': 39.1, 'learn_rate': 0.00141, 'dp_eps': None, 'dp_delta': None}
[2026-06-12 19:45:27,944] INFO   : {'epoch': 26.0, 'is_checkpoint': 0, 'steps': 2132, 'samples': 135048, 'trn_loss': 16.3425, 'val_loss': 16.7919, 'total_time': 40.5, 'learn_rate': 0.00141, 'dp_eps': None, 'dp_delta': None}
[2026-06-12 19:45:29,626] INFO   : {'epoch': 27.0, 'is_checkpoint': 0, 'steps': 2214, 'samples': 140240, 'trn_loss': 16.2556, 'val_loss': 16.7578, 'total_time': 42.2, 'learn_rate': 0.00141, 'dp_eps': None, 'dp_delta': None}
[2026-06-12 19:45:31,049] INFO   : {'epoch': 28.0, 'is_checkpoint': 0, 'steps': 2296, 'samples': 145432, 'trn_loss': 16.1827, 'val_loss': 16.7916, 'total_time': 43.7, 'learn_rate': 0.00141, 'dp_eps': None, 'dp_delta': None}
[2026-06-12 19:45:32,524] INFO   : {'epoch': 29.0, 'is_checkpoint': 0, 'steps': 2378, 'samples': 150624, 'trn_loss': 16.1741, 'val_loss': 16.7722, 'total_time': 45.1, 'learn_rate': 0.000705, 'dp_eps': None, 'dp_delta': None}
[2026-06-12 19:45:33,919] INFO   : early stopping: val_loss stopped improving
[2026-06-12 19:45:33,919] INFO   : {'epoch': 30.0, 'is_checkpoint': 0, 'steps': 2460, 'samples': 155816, 'trn_loss': 16.0521, 'val_loss': 16.7588, 'total_time': 46.5, 'learn_rate': 0.000705, 'dp_eps': None, 'dp_delta': None}
[2026-06-12 19:45:33,926] INFO   : TRAIN_TABULAR finished in 47.50s
2026-06-12 19:45:35 [INFO] paysim — [fold=0] ✔ DONE  train_m1  (67.7s)
2026-06-12 19:45:35 [INFO] paysim — [fold=0] ▶ START train_m2
[2026-06-12 19:45:35,421] INFO   : SPLIT started
[2026-06-12 19:45:35,422] INFO   : clean `/shared/paysim-sarmad/models/fold_0/m2/OriginalData/tgt-data`
[2026-06-12 19:45:35,423] INFO   : clean `/shared/paysim-sarmad/models/fold_0/m2/OriginalData/tgt-meta`
[2026-06-12 19:45:35,423] INFO   : model_type='TABULAR'
[2026-06-12 19:45:35,424] INFO   : tgt_encoding_types={'step': 'TABULAR_NUMERIC_AUTO', 'type': 'TABULAR_CATEGORICAL', 'amount': 'TABULAR_NUMERIC_AUTO', 'oldbalanceOrg': 'TABULAR_NUMERIC_AUTO', 'newbalanceOrig': 'TABULAR_NUMERIC_AUTO', 'oldbalanceDest': 'TABULAR_NUMERIC_AUTO', 'newbalanceDest': 'TABULAR_NUMERIC_AUTO', 'isFraud': 'TABULAR_NUMERIC_AUTO', 'isFlaggedFraud': 'TABULAR_NUMERIC_AUTO'}
[2026-06-12 19:45:35,981] INFO   : SPLIT finished in 0.56s
[2026-06-12 19:45:35,986] INFO   : ANALYZE started
[2026-06-12 19:45:35,987] INFO   : clean `/shared/paysim-sarmad/models/fold_0/m2/ModelStore/tgt-stats`
[2026-06-12 19:45:35,987] INFO   : analyzing 2 partitions in parallel
[2026-06-12 19:45:49,382] INFO   : analyzed target partition 000000-trn (411938, 9)
[2026-06-12 19:45:52,716] INFO   : analyzed target partition 000000-val (102984, 9)
[2026-06-12 19:45:52,717] INFO   : combine partition statistics
[2026-06-12 19:45:52,727] INFO   : value_protection = True
[2026-06-12 19:45:52,727] INFO   : analyzed column `step`: TABULAR_NUMERIC_DIGIT {'E2': 8, 'E1': 10, 'E0': 10}
[2026-06-12 19:45:52,728] INFO   : analyzed column `type`: TABULAR_CATEGORICAL {'cat': 6}
[2026-06-12 19:45:52,729] INFO   : analyzed column `amount`: TABULAR_NUMERIC_BINNED {'bin': 103}
[2026-06-12 19:45:52,732] INFO   : analyzed column `oldbalanceOrg`: TABULAR_NUMERIC_BINNED {'bin': 103}
[2026-06-12 19:45:52,737] INFO   : analyzed column `newbalanceOrig`: TABULAR_NUMERIC_BINNED {'bin': 103}
[2026-06-12 19:45:52,741] INFO   : analyzed column `oldbalanceDest`: TABULAR_NUMERIC_BINNED {'bin': 103}
[2026-06-12 19:45:52,744] INFO   : analyzed column `newbalanceDest`: TABULAR_NUMERIC_BINNED {'bin': 103}
[2026-06-12 19:45:52,744] INFO   : analyzed column `isFraud`: TABULAR_NUMERIC_DISCRETE {'cat': 3}
[2026-06-12 19:45:52,745] INFO   : analyzed column `isFlaggedFraud`: TABULAR_NUMERIC_DISCRETE {'cat': 3}
[2026-06-12 19:45:52,745] INFO   : analyzed 514,922 records: 411,938 training / 102,984 validation
[2026-06-12 19:45:52,749] INFO   : is_sequential: False
[2026-06-12 19:45:52,749] INFO   : write statistics to `/shared/paysim-sarmad/models/fold_0/m2/ModelStore/tgt-stats/stats.json`
[2026-06-12 19:45:52,752] INFO   : ANALYZE finished in 16.76s
[2026-06-12 19:45:52,752] INFO   : ENCODE_TABULAR started
[2026-06-12 19:45:52,753] INFO   : clean `/shared/paysim-sarmad/models/fold_0/m2/OriginalData/encoded-data`
[2026-06-12 19:45:52,754] INFO   : clean `/shared/paysim-sarmad/models/fold_0/m2/OriginalData/encoded-data`
[2026-06-12 19:45:52,754] INFO   : clean `/shared/paysim-sarmad/models/fold_0/m2/OriginalData/encoded-data`
[2026-06-12 19:45:57,329] INFO   : encoded partition part.000000-trn.parquet (411938, 11)
[2026-06-12 19:45:58,303] INFO   : encoded partition part.000000-val.parquet (102984, 11)
[2026-06-12 19:45:58,303] INFO   : ENCODE_TABULAR finished in 5.55s
[2026-06-12 19:45:58,304] INFO   : TRAIN_TABULAR started
[2026-06-12 19:45:58,316] INFO   : numpy=2.4.4, pandas=2.3.3
[2026-06-12 19:45:58,317] INFO   : torch=2.5.1+cu121, opacus=1.4.0
[2026-06-12 19:45:58,318] INFO   : device=device(type='cuda', index=0)
[2026-06-12 19:45:58,318] INFO   : is_sequential=False
[2026-06-12 19:45:58,318] INFO   : max_training_time=864000.0s
[2026-06-12 19:45:58,318] INFO   : max_epochs=100
[2026-06-12 19:45:58,318] INFO   : model_size=<ModelSize.M: 'M'>
[2026-06-12 19:45:58,318] INFO   : enable_flexible_generation=True
[2026-06-12 19:45:58,318] INFO   : with_dp=False
[2026-06-12 19:45:58,318] INFO   : model_state_strategy=<ModelStateStrategy.reset: 'RESET'>
[2026-06-12 19:45:58,319] INFO   : max_sequence_window=np.int64(1)
[2026-06-12 19:45:58,376] INFO   : create training model
[2026-06-12 19:45:58,382] INFO   : initializing predictor bias with empirical log probabilities
[2026-06-12 19:45:58,385] INFO   : model class: FlatModel
[2026-06-12 19:45:58,386] INFO   : model_state_strategy=<ModelStateStrategy.reset: 'RESET'>
[2026-06-12 19:45:58,386] INFO   : remove existing checkpoint files
[2026-06-12 19:45:58,387] INFO   : start training progress from epoch=0.0, steps=0
[2026-06-12 19:45:58,388] INFO   : no_of_model_params=np.int64(106829)
2026-06-12 19:45:58 [INFO] httpx — HTTP Request: HEAD https://s3.amazonaws.com/datasets.huggingface.co/datasets/datasets/parquet/parquet.py "HTTP/1.1 404 Not Found"
2026-06-12 19:45:58 [INFO] httpx — HTTP Request: HEAD https://s3.amazonaws.com/datasets.huggingface.co/datasets/datasets/parquet/parquet.py "HTTP/1.1 404 Not Found"
[2026-06-12 19:45:58,770] INFO   : trn_cnt=411938, val_cnt=102984
[2026-06-12 19:45:58,770] INFO   : len(tgt_sub_columns)=11, len(ctxflt_sub_columns)=0, len(ctxseq_sub_columns)=0
[2026-06-12 19:45:58,770] INFO   : tgt_cardinalities_deciles=[np.int64(3), np.int64(3), np.int64(6), np.int64(8), np.int64(10), np.int64(10), np.int64(103), np.int64(103), np.int64(103), np.int64(103), np.int64(103)]
[2026-06-12 19:45:58,771] INFO   : trn_batch_size=4096, val_batch_size=4096
[2026-06-12 19:45:58,771] INFO   : trn_steps=100, val_steps=25
[2026-06-12 19:45:58,771] INFO   : batch_size=4096, gradient_accumulation_steps=1, initial_lr=np.float64(0.01131)
[2026-06-12 19:45:59,116] INFO   : {'epoch': 0.01, 'is_checkpoint': 0, 'steps': 1, 'samples': 4096, 'trn_loss': 25.7291, 'val_loss': None, 'total_time': 0.3, 'learn_rate': 0.01131, 'dp_eps': None, 'dp_delta': None}
[2026-06-12 19:46:25,140] INFO   : {'epoch': 1.0, 'is_checkpoint': 1, 'steps': 100, 'samples': 409600, 'trn_loss': 22.6782, 'val_loss': 21.0629, 'total_time': 26.4, 'learn_rate': 0.01131, 'dp_eps': None, 'dp_delta': None}
[2026-06-12 19:46:49,986] INFO   : {'epoch': 2.0, 'is_checkpoint': 1, 'steps': 200, 'samples': 817442, 'trn_loss': 21.0897, 'val_loss': 20.4099, 'total_time': 51.2, 'learn_rate': 0.01131, 'dp_eps': None, 'dp_delta': None}
[2026-06-12 19:47:01,250] INFO   : analyzed target partition 000000-trn (4072077, 9)
[2026-06-12 19:47:18,076] INFO   : {'epoch': 3.0, 'is_checkpoint': 1, 'steps': 300, 'samples': 1225284, 'trn_loss': 20.6666, 'val_loss': 20.1337, 'total_time': 79.3, 'learn_rate': 0.01131, 'dp_eps': None, 'dp_delta': None}
[2026-06-12 19:47:40,779] INFO   : analyzed target partition 000000-val (1018019, 9)
[2026-06-12 19:47:40,781] INFO   : combine partition statistics
[2026-06-12 19:47:40,791] INFO   : value_protection = True
[2026-06-12 19:47:40,791] INFO   : analyzed column `step`: TABULAR_NUMERIC_DIGIT {'E2': 8, 'E1': 10, 'E0': 10}
[2026-06-12 19:47:40,791] INFO   : analyzed column `type`: TABULAR_CATEGORICAL {'cat': 6}
[2026-06-12 19:47:40,793] INFO   : analyzed column `amount`: TABULAR_NUMERIC_BINNED {'bin': 103}
[2026-06-12 19:47:40,796] INFO   : analyzed column `oldbalanceOrg`: TABULAR_NUMERIC_BINNED {'bin': 103}
[2026-06-12 19:47:40,801] INFO   : analyzed column `newbalanceOrig`: TABULAR_NUMERIC_BINNED {'bin': 103}
[2026-06-12 19:47:40,804] INFO   : analyzed column `oldbalanceDest`: TABULAR_NUMERIC_BINNED {'bin': 103}
[2026-06-12 19:47:40,807] INFO   : analyzed column `newbalanceDest`: TABULAR_NUMERIC_BINNED {'bin': 103}
[2026-06-12 19:47:40,807] INFO   : analyzed column `isFraud`: TABULAR_NUMERIC_DISCRETE {'cat': 3}
[2026-06-12 19:47:40,808] INFO   : analyzed column `isFlaggedFraud`: TABULAR_NUMERIC_DISCRETE {'cat': 3}
[2026-06-12 19:47:40,808] INFO   : analyzed 5,090,096 records: 4,072,077 training / 1,018,019 validation
[2026-06-12 19:47:40,956] INFO   : is_sequential: False
[2026-06-12 19:47:40,956] INFO   : write statistics to `/shared/paysim-sarmad/models/fold_0/m3/ModelStore/tgt-stats/stats.json`
[2026-06-12 19:47:40,959] INFO   : ANALYZE finished in 176.62s
[2026-06-12 19:47:40,959] INFO   : ENCODE_TABULAR started
[2026-06-12 19:47:40,960] INFO   : clean `/shared/paysim-sarmad/models/fold_0/m3/OriginalData/encoded-data`
[2026-06-12 19:47:40,967] INFO   : clean `/shared/paysim-sarmad/models/fold_0/m3/OriginalData/encoded-data`
[2026-06-12 19:47:40,967] INFO   : clean `/shared/paysim-sarmad/models/fold_0/m3/OriginalData/encoded-data`
[2026-06-12 19:47:44,902] INFO   : {'epoch': 4.0, 'is_checkpoint': 1, 'steps': 400, 'samples': 1633126, 'trn_loss': 20.4138, 'val_loss': 20.014, 'total_time': 106.1, 'learn_rate': 0.01131, 'dp_eps': None, 'dp_delta': None}
[2026-06-12 19:48:09,920] INFO   : {'epoch': 5.0, 'is_checkpoint': 1, 'steps': 500, 'samples': 2040968, 'trn_loss': 20.3095, 'val_loss': 19.8938, 'total_time': 131.1, 'learn_rate': 0.01131, 'dp_eps': None, 'dp_delta': None}
[2026-06-12 19:48:20,472] INFO   : encoded partition part.000000-trn.parquet (4072077, 11)
[2026-06-12 19:48:31,213] INFO   : encoded partition part.000000-val.parquet (1018019, 11)
[2026-06-12 19:48:31,223] INFO   : ENCODE_TABULAR finished in 50.26s
[2026-06-12 19:48:31,224] INFO   : TRAIN_TABULAR started
[2026-06-12 19:48:31,234] INFO   : numpy=2.4.4, pandas=2.3.3
[2026-06-12 19:48:31,236] INFO   : torch=2.5.1+cu121, opacus=1.4.0
[2026-06-12 19:48:31,236] INFO   : device=device(type='cuda', index=1)
[2026-06-12 19:48:31,236] INFO   : is_sequential=False
[2026-06-12 19:48:31,236] INFO   : max_training_time=864000.0s
[2026-06-12 19:48:31,236] INFO   : max_epochs=100
[2026-06-12 19:48:31,237] INFO   : model_size=<ModelSize.M: 'M'>
[2026-06-12 19:48:31,237] INFO   : enable_flexible_generation=True
[2026-06-12 19:48:31,237] INFO   : with_dp=False
[2026-06-12 19:48:31,237] INFO   : model_state_strategy=<ModelStateStrategy.reset: 'RESET'>
[2026-06-12 19:48:31,237] INFO   : max_sequence_window=np.int64(1)
[2026-06-12 19:48:31,598] INFO   : create training model
[2026-06-12 19:48:31,992] INFO   : initializing predictor bias with empirical log probabilities
[2026-06-12 19:48:31,996] INFO   : model class: FlatModel
[2026-06-12 19:48:31,996] INFO   : model_state_strategy=<ModelStateStrategy.reset: 'RESET'>
[2026-06-12 19:48:31,996] INFO   : remove existing checkpoint files
[2026-06-12 19:48:31,997] INFO   : start training progress from epoch=0.0, steps=0
[2026-06-12 19:48:31,998] INFO   : no_of_model_params=np.int64(106829)
2026-06-12 19:48:32 [INFO] httpx — HTTP Request: HEAD https://s3.amazonaws.com/datasets.huggingface.co/datasets/datasets/parquet/parquet.py "HTTP/1.1 404 Not Found"
2026-06-12 19:48:32 [INFO] httpx — HTTP Request: HEAD https://s3.amazonaws.com/datasets.huggingface.co/datasets/datasets/parquet/parquet.py "HTTP/1.1 404 Not Found"
[2026-06-12 19:48:32,821] INFO   : trn_cnt=4072077, val_cnt=1018019
[2026-06-12 19:48:32,822] INFO   : len(tgt_sub_columns)=11, len(ctxflt_sub_columns)=0, len(ctxseq_sub_columns)=0
[2026-06-12 19:48:32,822] INFO   : tgt_cardinalities_deciles=[np.int64(3), np.int64(3), np.int64(6), np.int64(8), np.int64(10), np.int64(10), np.int64(103), np.int64(103), np.int64(103), np.int64(103), np.int64(103)]
[2026-06-12 19:48:32,822] INFO   : trn_batch_size=4096, val_batch_size=4096
[2026-06-12 19:48:32,822] INFO   : trn_steps=994, val_steps=248
[2026-06-12 19:48:32,822] INFO   : batch_size=4096, gradient_accumulation_steps=1, initial_lr=np.float64(0.01131)
[2026-06-12 19:48:34,542] INFO   : {'epoch': 0.0, 'is_checkpoint': 0, 'steps': 1, 'samples': 4096, 'trn_loss': 25.8006, 'val_loss': None, 'total_time': 1.7, 'learn_rate': 0.01131, 'dp_eps': None, 'dp_delta': None}
[2026-06-12 19:48:36,076] INFO   : {'epoch': 6.0, 'is_checkpoint': 1, 'steps': 600, 'samples': 2448810, 'trn_loss': 20.1735, 'val_loss': 19.7212, 'total_time': 157.3, 'learn_rate': 0.01131, 'dp_eps': None, 'dp_delta': None}
[2026-06-12 19:48:59,975] INFO   : {'epoch': 7.0, 'is_checkpoint': 1, 'steps': 700, 'samples': 2856652, 'trn_loss': 20.1052, 'val_loss': 19.6605, 'total_time': 181.2, 'learn_rate': 0.01131, 'dp_eps': None, 'dp_delta': None}
[2026-06-12 19:49:23,921] INFO   : {'epoch': 8.0, 'is_checkpoint': 1, 'steps': 800, 'samples': 3264494, 'trn_loss': 20.04, 'val_loss': 19.6253, 'total_time': 205.1, 'learn_rate': 0.01131, 'dp_eps': None, 'dp_delta': None}
[2026-06-12 19:49:48,557] INFO   : {'epoch': 9.0, 'is_checkpoint': 1, 'steps': 900, 'samples': 3672336, 'trn_loss': 20.0191, 'val_loss': 19.5932, 'total_time': 229.8, 'learn_rate': 0.01131, 'dp_eps': None, 'dp_delta': None}
[2026-06-12 19:50:12,554] INFO   : {'epoch': 10.0, 'is_checkpoint': 1, 'steps': 1000, 'samples': 4080178, 'trn_loss': 19.9718, 'val_loss': 19.541, 'total_time': 253.8, 'learn_rate': 0.01131, 'dp_eps': None, 'dp_delta': None}
[2026-06-12 19:50:36,455] INFO   : {'epoch': 11.0, 'is_checkpoint': 1, 'steps': 1100, 'samples': 4488020, 'trn_loss': 19.9164, 'val_loss': 19.4855, 'total_time': 277.7, 'learn_rate': 0.01131, 'dp_eps': None, 'dp_delta': None}
[2026-06-12 19:51:00,604] INFO   : {'epoch': 12.0, 'is_checkpoint': 0, 'steps': 1200, 'samples': 4895862, 'trn_loss': 19.877, 'val_loss': 19.535, 'total_time': 301.8, 'learn_rate': 0.01131, 'dp_eps': None, 'dp_delta': None}
[2026-06-12 19:51:25,479] INFO   : {'epoch': 13.0, 'is_checkpoint': 1, 'steps': 1300, 'samples': 5303704, 'trn_loss': 19.8819, 'val_loss': 19.4814, 'total_time': 326.7, 'learn_rate': 0.01131, 'dp_eps': None, 'dp_delta': None}
[2026-06-12 19:51:49,826] INFO   : {'epoch': 14.0, 'is_checkpoint': 1, 'steps': 1400, 'samples': 5711546, 'trn_loss': 19.8732, 'val_loss': 19.4552, 'total_time': 351.1, 'learn_rate': 0.01131, 'dp_eps': None, 'dp_delta': None}
[2026-06-12 19:52:14,561] INFO   : {'epoch': 15.0, 'is_checkpoint': 1, 'steps': 1500, 'samples': 6119388, 'trn_loss': 19.8398, 'val_loss': 19.4039, 'total_time': 375.8, 'learn_rate': 0.01131, 'dp_eps': None, 'dp_delta': None}
[2026-06-12 19:52:38,575] INFO   : {'epoch': 16.0, 'is_checkpoint': 0, 'steps': 1600, 'samples': 6527230, 'trn_loss': 19.8221, 'val_loss': 19.4264, 'total_time': 399.8, 'learn_rate': 0.01131, 'dp_eps': None, 'dp_delta': None}
[2026-06-12 19:53:03,609] INFO   : {'epoch': 17.0, 'is_checkpoint': 0, 'steps': 1700, 'samples': 6935072, 'trn_loss': 19.8154, 'val_loss': 19.4221, 'total_time': 424.8, 'learn_rate': 0.01131, 'dp_eps': None, 'dp_delta': None}
[2026-06-12 19:53:15,615] INFO   : {'epoch': 1.0, 'is_checkpoint': 1, 'steps': 994, 'samples': 4071424, 'trn_loss': 20.4564, 'val_loss': 19.4891, 'total_time': 282.8, 'learn_rate': 0.01131, '[2026-06-12 19:53:47,780] INFO   : {'epoch': 8.0, 'is_checkpoint': 1, 'steps': 6360, 'samples': 26031275, 'trn_loss': 19.4644, 'val_loss': 19.0313, 'total_time': 1659.8, 'learn_rate': 0.01131, 'dp_eps': None, 'dp_delta': None}
[2026-06-12 19:57:22,979] INFO   : {'epoch': 9.0, 'is_checkpoint': 0, 'steps': 7155, 'samples': 29284840, 'trn_loss': 19.4491, 'val_loss': 19.042, 'total_time': 1875.0, 'learn_rate': 0.01131, 'dp_eps': None, 'dp_delta': None}
[2026-06-12 20:00:52,228] INFO   : {'epoch': 10.0, 'is_checkpoint': 0, 'steps': 7950, 'samples': 32538405, 'trn_loss': 19.4345, 'val_loss': 19.0476, 'total_time': 2084.3, 'learn_rate': 0.01131, 'dp_eps': None, 'dp_delta': None}
[2026-06-12 20:04:21,359] INFO   : {'epoch': 11.0, 'is_checkpoint': 1, 'steps': 8745, 'samples': 35791970, 'trn_loss': 19.4287, 'val_loss': 19.0278, 'total_time': 2293.4, 'learn_rate': 0.01131, 'dp_eps': None, 'dp_delta': None}
[2026-06-12 20:07:50,786] INFO   : {'epoch': 12.0, 'is_checkpoint': 1, 'steps': 9540, 'samples': 39045535, 'trn_loss': 19.412, 'val_loss': 19.026, 'total_time': 2502.8, 'learn_rate': 0.01131, 'dp_eps': None, 'dp_delta': None}
[2026-06-12 20:11:19,239] INFO   : {'epoch': 13.0, 'is_checkpoint': 1, 'steps': 10335, 'samples': 42299100, 'trn_loss': 19.4086, 'val_loss': 19.0084, 'total_time': 2711.3, 'learn_rate': 0.01131, 'dp_eps': None, 'dp_delta': None}
[2026-06-12 20:14:47,864] INFO   : {'epoch': 14.0, 'is_checkpoint': 0, 'steps': 11130, 'samples': 45552665, 'trn_loss': 19.4088, 'val_loss': 19.0333, 'total_time': 2919.9, 'learn_rate': 0.01131, 'dp_eps': None, 'dp_delta': None}
[2026-06-12 20:18:13,424] INFO   : {'epoch': 15.0, 'is_checkpoint': 0, 'steps': 11925, 'samples': 48806230, 'trn_loss': 19.4011, 'val_loss': 19.0169, 'total_time': 3125.5, 'learn_rate': 0.01131, 'dp_eps': None, 'dp_delta': None}
[2026-06-12 20:21:51,484] INFO   : {'epoch': 16.0, 'is_checkpoint': 1, 'steps': 12720, 'samples': 52059795, 'trn_loss': 19.3993, 'val_loss': 19.0013, 'total_time': 3343.5, 'learn_rate': 0.01131, 'dp_eps': None, 'dp_delta': None}
[2026-06-12 20:25:21,219] INFO   : {'epoch': 17.0, 'is_checkpoint': 1, 'steps': 13515, 'samples': 55313360, 'trn_loss': 19.3997, 'val_loss': 18.9829, 'total_time': 3553.3, 'learn_rate': 0.01131, 'dp_eps': None, 'dp_delta': None}
[2026-06-12 20:28:46,743] INFO   : {'epoch': 18.0, 'is_checkpoint': 0, 'steps': 14310, 'samples': 58566925, 'trn_loss': 19.3993, 'val_loss': 19.0342, 'total_time': 3758.8, 'learn_rate': 0.01131, 'dp_eps': None, 'dp_delta': None}
[2026-06-12 20:32:09,160] INFO   : {'epoch': 19.0, 'is_checkpoint': 0, 'steps': 15105, 'samples': 61820490, 'trn_loss': 19.3849, 'val_loss': 19.0054, 'total_time': 3961.2, 'learn_rate': 0.01131, 'dp_eps': None, 'dp_delta': None}
[2026-06-12 20:35:32,046] INFO   : {'epoch': 20.0, 'is_checkpoint': 1, 'steps': 15900, 'samples': 65074055, 'trn_loss': 19.3778, 'val_loss': 18.9723, 'total_time': 4164.1, 'learn_rate': 0.01131, 'dp_eps': None, 'dp_delta': None}
[2026-06-12 20:38:56,416] INFO   : {'epoch': 21.0, 'is_checkpoint': 0, 'steps': 16695, 'samples': 68327620, 'trn_loss': 19.3768, 'val_loss': 18.995, 'total_time': 4368.5, 'learn_rate': 0.01131, 'dp_eps': None, 'dp_delta': None}
[2026-06-12 20:42:26,926] INFO   : {'epoch': 22.0, 'is_checkpoint': 0, 'steps': 17490, 'samples': 71581185, 'trn_loss': 19.3804, 'val_loss': 18.9808, 'total_time': 4579.0, 'learn_rate': 0.01131, 'dp_eps': None, 'dp_delta': None}
[2026-06-12 20:45:51,708] INFO   : {'epoch': 23.0, 'is_checkpoint': 0, 'steps': 18285, 'samples': 74834750, 'trn_loss': 19.3736, 'val_loss': 18.9739, 'total_time': 4783.7, 'learn_rate': 0.01131, 'dp_eps': None, 'dp_delta': None}
[2026-06-12 20:49:10,831] INFO   : {'epoch': 24.0, 'is_checkpoint': 1, 'steps': 19080, 'samples': 78088315, 'trn_loss': 19.2868, 'val_loss': 18.9009, 'total_time': 4982.9, 'learn_rate': 0.005655, 'dp_eps': None, 'dp_delta': None}
[2026-06-12 20:52:40,891] INFO   : {'epoch': 25.0, 'is_checkpoint': 0, 'steps': 19875, 'samples': 81341880, 'trn_loss': 19.2878, 'val_loss': 18.9341, 'total_time': 5192.9, 'learn_rate': 0.005655, 'dp_eps': None, 'dp_delta': None}
[2026-06-12 20:56:05,955] INFO   : {'epoch': 26.0, 'is_checkpoint': 0, 'steps': 20670, 'samples': 84595445, 'trn_loss': 19.2774, 'val_loss': 18.9064, 'total_time': 5398.0, 'learn_rate': 0.005655, 'dp_eps': None, 'dp_delta': None}
[2026-06-12 20:59:30,019] INFO   : {'epoch': 27.0, 'is_checkpoint': 0, 'steps': 21465, 'samples': 87849010, 'trn_loss': 19.2694, 'val_loss': 18.9028, 'total_time': 5602.1, 'learn_rate': 0.005655, 'dp_eps': None, 'dp_delta': None}
[2026-06-12 21:02:53,047] INFO   : {'epoch': 28.0, 'is_checkpoint': 1, 'steps': 22260, 'samples': 91102575, 'trn_loss': 19.2323, 'val_loss': 18.8613, 'total_time': 5805.1, 'learn_rate': 0.002828, 'dp_eps': None, 'dp_delta': None}
[2026-06-12 21:06:14,223] INFO   : {'epoch': 29.0, 'is_checkpoint': 0, 'steps': 23055, 'samples': 94356140, 'trn_loss': 19.2149, 'val_loss': 18.8878, 'total_time': 6006.3, 'learn_rate': 0.002828, 'dp_eps': None, 'dp_delta': None}
[2026-06-12 21:09:35,759] INFO   : {'epoch': 30.0, 'is_checkpoint': 0, 'steps': 23850, 'samples': 97609705, 'trn_loss': 19.2248, 'val_loss': 18.8747, 'total_time': 6207.8, 'learn_rate': 0.002828, 'dp_eps': None, 'dp_delta': None}
[2026-06-12 21:13:01,889] INFO   : {'epoch': 31.0, 'is_checkpoint': 0, 'steps': 24645, 'samples': 100863270, 'trn_loss': 19.2292, 'val_loss': 18.8634, 'total_time': 6413.9, 'learn_rate': 0.002828, 'dp_eps': None, 'dp_delta': None}
[2026-06-12 21:16:25,240] INFO   : {'epoch': 32.0, 'is_checkpoint': 0, 'steps': 25440, 'samples': 104116835, 'trn_loss': 19.1999, 'val_loss': 18.8666, 'total_time': 6617.3, 'learn_rate': 0.001414, 'dp_eps': None, 'dp_delta': None}
[2026-06-12 21:19:49,751] INFO   : {'epoch': 33.0, 'is_checkpoint': 1, 'steps': 26235, 'samples': 107370400, 'trn_loss': 19.1966, 'val_loss': 18.8568, 'total_time': 6821.8, 'learn_rate': 0.001414, 'dp_eps': None, 'dp_delta': None}
[2026-06-12 21:23:10,694] INFO   : {'epoch': 34.0, 'is_checkpoint': 1, 'steps': 27030, 'samples': 110623965, 'trn_loss': 19.1941, 'val_loss': 18.8494, 'total_time': 7022.7, 'learn_rate': 0.001414, 'dp_eps': None, 'dp_delta': None}
[2026-06-12 21:26:37,893] INFO   : {'epoch': 35.0, 'is_checkpoint': 1, 'steps': 27825, 'samples': 113877530, 'trn_loss': 19.193, 'val_loss': 18.8486, 'total_time': 7229.9, 'learn_rate': 0.001414, 'dp_eps': None, 'dp_delta': None}
[2026-06-12 21:29:59,884] INFO   : {'epoch': 36.0, 'is_checkpoint': 0, 'steps': 28620, 'samples': 117131095, 'trn_loss': 19.1856, 'val_loss': 18.8488, 'total_time': 7431.9, 'learn_rate': 0.001414, 'dp_eps': None, 'dp_delta': None}
[2026-06-12 21:33:26,643] INFO   : {'epoch': 37.0, 'is_checkpoint': 1, 'steps': 29415, 'samples': 120384660, 'trn_loss': 19.1922, 'val_loss': 18.8442, 'total_time': 7638.7, 'learn_rate': 0.001414, 'dp_eps': None, 'dp_delta': None}
[2026-06-12 21:36:58,958] INFO   : {'epoch': 38.0, 'is_checkpoint': 0, 'steps': 30210, 'samples': 123638225, 'trn_loss': 19.1968, 'val_loss': 18.8488, 'total_time': 7851.0, 'learn_rate': 0.001414, 'dp_eps': None, 'dp_delta': None}
[2026-06-12 21:40:24,484] INFO   : {'epoch': 39.0, 'is_checkpoint': 0, 'steps': 31005, 'samples': 126891790, 'trn_loss': 19.1915, 'val_loss': 18.8653, 'total_time': 8056.5, 'learn_rate': 0.001414, 'dp_eps': None, 'dp_delta': None}
[2026-06-12 21:43:44,653] INFO   : {'epoch': 40.0, 'is_checkpoint': 1, 'steps': 31800, 'samples': 130145355, 'trn_loss': 19.1846, 'val_loss': 18.8371, 'total_time': 8256.7, 'learn_rate': 0.001414, 'dp_eps': None, 'dp_delta': None}
[2026-06-12 21:47:09,358] INFO   : {'epoch': 41.0, 'is_checkpoint': 0, 'steps': 32595, 'samples': 133398920, 'trn_loss': 19.1854, 'val_loss': 18.8491, 'total_time': 8461.4, 'learn_rate': 0.001414, 'dp_eps': None, 'dp_delta': None}
[2026-06-12 21:50:31,872] INFO   : {'epoch': 42.0, 'is_checkpoint': 0, 'steps': 33390, 'samples': 136652485, 'trn_loss': 19.1909, 'val_loss': 18.8482, 'total_time': 8663.9, 'learn_rate': 0.001414, 'dp_eps': None, 'dp_delta': None}
[2026-06-12 21:53:53,216] INFO   : {'epoch': 43.0, 'is_checkpoint': 0, 'steps': 34185, 'samples': 139906050, 'trn_loss': 19.1882, 'val_loss': 18.852, 'total_time': 8865.3, 'learn_rate': 0.001414, 'dp_eps': None, 'dp_delta': None}
[2026-06-12 21:57:25,799] INFO   : {'epoch': 44.0, 'is_checkpoint': 0, 'steps': 34980, 'samples': 143159615, 'trn_loss': 19.1851, 'val_loss': 18.8518, 'total_time': 9077.8, 'learn_rate': 0.001131, 'dp_eps': None, 'dp_delta': None}
[2026-06-12 22:00:48,474] INFO   : {'epoch': 45.0, 'is_checkpoint': 1, 'steps': 35775, 'samples': 146413180, 'trn_loss': 19.1803, 'val_loss': 18.8264, 'total_time': 9280.5, 'learn_rate': 0.001131, 'dp_eps': None, 'dp_delta': None}
[2026-06-12 22:04:18,594] INFO   : {'epoch': 46.0, 'is_checkpoint': 0, 'steps': 36570, 'samples': 149666745, 'trn_loss': 19.1887, 'val_loss': 18.8274, 'total_time': 9490.6, 'learn_rate': 0.001131, 'dp_eps': None, 'dp_delta': None}
[2026-06-12 22:07:51,648] INFO   : {'epoch': 47.0, 'is_checkpoint': 0, 'steps': 37365, 'samples': 152920310, 'trn_loss': 19.1775, 'val_loss': 18.8338, 'total_time': 9703.7, 'learn_rate': 0.001131, 'dp_eps': None, 'dp_delta': None}
[2026-06-12 22:11:13,357] INFO   : {'epoch': 48.0, 'is_checkpoint': 0, 'steps': 38160, 'samples': 156173875, 'trn_loss': 19.1826, 'val_loss': 18.8419, 'total_time': 9905.4, 'learn_rate': 0.001131, 'dp_eps': None, 'dp_delta': None}
[2026-06-12 22:14:35,595] INFO   : {'epoch': 49.0, 'is_checkpoint': 0, 'steps': 38955, 'samples': 159427440, 'trn_loss': 19.1763, 'val_loss': 18.8323, 'total_time': 10107.6, 'learn_rate': 0.001131, 'dp_eps': None, 'dp_delta': None}
[2026-06-12 22:18:00,439] INFO   : early stopping: val_loss stopped improving
[2026-06-12 22:18:00,441] INFO   : {'epoch': 50.0, 'is_checkpoint': 0, 'steps': 39750, 'samples': 162681005, 'trn_loss': 19.1781, 'val_loss': 18.8339, 'total_time': 10312.5, 'learn_rate': 0.001131, 'dp_eps': None, 'dp_delta': None}
[2026-06-12 22:18:01,712] INFO   : TRAIN_TABULAR finished in 10315.47s
52, 'val_loss': 18.8917, 'total_time': 6600.6, 'learn_rate': 0.005655, 'dp_eps': None, 'dp_delta': None}
[2026-06-12 21:42:52,247] INFO   : {'epoch': 26.0, 'is_checkpoint': 1, 'steps': 25844, 'samples': 105770949, 'trn_loss': 19.2782, 'val_loss': 18.8715, 'total_time': 6859.4, 'learn_rate': 0.005655, 'dp_eps': None, 'dp_delta': None}
[2026-06-12 21:47:07,839] INFO   : {'epoch': 27.0, 'is_checkpoint': 0, 'steps': 26838, 'samples': 109838930, 'trn_loss': 19.2716, 'val_loss': 18.8737, 'total_time': 7115.0, 'learn_rate': 0.005655, 'dp_eps': None, 'dp_delta': None}
[2026-06-12 21:51:27,417] INFO   : {'epoch': 28.0, 'is_checkpoint': 0, 'steps': 27832, 'samples': 113906911, 'trn_loss': 19.2809, 'val_loss': 18.8847, 'total_time': 7374.6, 'learn_rate': 0.005655, 'dp_eps': None, 'dp_delta': None}
[2026-06-12 21:55:50,668] INFO   : {'epoch': 29.0, 'is_checkpoint': 0, 'steps': 28826, 'samples': 117974892, 'trn_loss': 19.2679, 'val_loss': 18.8898, 'total_time': 7637.8, 'learn_rate': 0.005655, 'dp_eps': None, 'dp_delta': None}
[2026-06-12 22:00:12,010] INFO   : {'epoch': 30.0, 'is_checkpoint': 1, 'steps': 29820, 'samples': 122042873, 'trn_loss': 19.2213, 'val_loss': 18.841, 'total_time': 7899.2, 'learn_rate': 0.002828, 'dp_eps': None, 'dp_delta': None}
[2026-06-12 22:04:27,999] INFO   : {'epoch': 31.0, 'is_checkpoint': 1, 'steps': 30814, 'samples': 126110854, 'trn_loss': 19.2223, 'val_loss': 18.8303, 'total_time': 8155.2, 'learn_rate': 0.002828, 'dp_eps': None, 'dp_delta': None}
[2026-06-12 22:08:45,029] INFO   : {'epoch': 32.0, 'is_checkpoint': 0, 'steps': 31808, 'samples': 130178835, 'trn_loss': 19.2231, 'val_loss': 18.8437, 'total_time': 8412.2, 'learn_rate': 0.002828, 'dp_eps': None, 'dp_delta': None}
[2026-06-12 22:13:03,730] INFO   : {'epoch': 33.0, 'is_checkpoint': 0, 'steps': 32802, 'samples': 134246816, 'trn_loss': 19.2163, 'val_loss': 18.8409, 'total_time': 8670.9, 'learn_rate': 0.002828, 'dp_eps': None, 'dp_delta': None}
[2026-06-12 22:17:23,859] INFO   : {'epoch': 34.0, 'is_checkpoint': 0, 'steps': 33796, 'samples': 138314797, 'trn_loss': 19.2148, 'val_loss': 18.8515, 'total_time': 8931.0, 'learn_rate': 0.002828, 'dp_eps': None, 'dp_delta': None}
[2026-06-12 22:21:31,902] INFO   : {'epoch': 35.0, 'is_checkpoint': 1, 'steps': 34790, 'samples': 142382778, 'trn_loss': 19.1955, 'val_loss': 18.8042, 'total_time': 9179.1, 'learn_rate': 0.001414, 'dp_eps': None, 'dp_delta': None}
[2026-06-12 22:25:37,216] INFO   : {'epoch': 36.0, 'is_checkpoint': 0, 'steps': 35784, 'samples': 146450759, 'trn_loss': 19.1889, 'val_loss': 18.8084, 'total_time': 9424.4, 'learn_rate': 0.001414, 'dp_eps': None, 'dp_delta': None}
[2026-06-12 22:29:44,730] INFO   : {'epoch': 37.0, 'is_checkpoint': 0, 'steps': 36778, 'samples': 150518740, 'trn_loss': 19.1837, 'val_loss': 18.8112, 'total_time': 9671.9, 'learn_rate': 0.001414, 'dp_eps': None, 'dp_delta': None}
[2026-06-12 22:33:54,272] INFO   : {'epoch': 38.0, 'is_checkpoint': 0, 'steps': 37772, 'samples': 154586721, 'trn_loss': 19.1851, 'val_loss': 18.8093, 'total_time': 9921.4, 'learn_rate': 0.001414, 'dp_eps': None, 'dp_delta': None}
[2026-06-12 22:37:57,935] INFO   : {'epoch': 39.0, 'is_checkpoint': 0, 'steps': 38766, 'samples': 158654702, 'trn_loss': 19.1815, 'val_loss': 18.8115, 'total_time': 10165.1, 'learn_rate': 0.001131, 'dp_eps': None, 'dp_delta': None}
[2026-06-12 22:42:12,210] INFO   : early stopping: val_loss stopped improving
[2026-06-12 22:42:12,212] INFO   : {'epoch': 40.0, 'is_checkpoint': 0, 'steps': 39760, 'samples': 162722683, 'trn_loss': 19.1798, 'val_loss': 18.8259, 'total_time': 10419.4, 'learn_rate': 0.001131, 'dp_eps': None, 'dp_delta': None}
[2026-06-12 22:42:13,835] INFO   : TRAIN_TABULAR finished in 10422.61s
2026-06-12 22:42:16 [INFO] paysim — [fold=0] M3 training done
2026-06-12 22:42:16 [INFO] paysim — [fold=0] ✔ DONE  train_all_argns  (10677.5s)
2026-06-12 22:42:16 [INFO] paysim — [fold=0] ▶ START generate_all_pools
2026-06-12 22:42:16 [INFO] paysim — [fold=0] ▶ START generate_m1
2026-06-12 22:42:17 [INFO] paysim — [fold=0] M1 pool saved: 20,000 fraud rows → /shared/paysim-sarmad/synthetic/fold_0/pool_m1.csv
2026-06-12 22:42:17 [INFO] paysim — [fold=0] ✔ DONE  generate_m1  (0.6s)
2026-06-12 22:42:17 [INFO] paysim — [fold=0] ▶ START generate_m2
2026-06-12 22:42:18 [INFO] paysim — [fold=0] M2 pool: 294/20000 fraud rows (round 1)
2026-06-12 22:42:18 [INFO] paysim — [fold=0] M2 pool: 610/20000 fraud rows (round 2)
2026-06-12 22:42:19 [INFO] paysim — [fold=0] M2 pool: 895/20000 fraud rows (round 3)
2026-06-12 22:42:20 [INFO] paysim — [fold=0] M2 pool: 1169/20000 fraud rows (round 4)
2026-06-12 22:42:21 [INFO] paysim — [fold=0] M2 pool: 1449/20000 fraud rows (round 5)
2026-06-12 22:42:22 [INFO] paysim — [fold=0] M2 pool: 1745/20000 fraud rows (round 6)
2026-06-12 22:42:22 [INFO] paysim — [fold=0] M2 pool: 2031/20000 fraud rows (round 7)
2026-06-12 22:42:23 [INFO] paysim — [fold=0] M2 pool: 2308/20000 fraud rows (round 8)
2026-06-12 22:42:24 [INFO] paysim — [fold=0] M2 pool: 2589/20000 fraud rows (round 9)
2026-06-12 22:42:25 [INFO] paysim — [fold=0] M2 pool: 2864/20000 fraud rows (round 10)
2026-06-12 22:42:26 [INFO] paysim — [fold=0] M2 pool: 3145/20000 fraud rows (round 11)
2026-06-12 22:42:26 [INFO] paysim — [fold=0] M2 pool: 3422/20000 fraud rows (round 12)
2026-06-12 22:42:27 [INFO] paysim — [fold=0] M2 pool: 3773/20000 fraud rows (round 13)
2026-06-12 22:42:28 [INFO] paysim — [fold=0] M2 pool: 4077/20000 fraud rows (round 14)
2026-06-12 22:42:29 [INFO] paysim — [fold=0] M2 pool: 4365/20000 fraud rows (round 15)
2026-06-12 22:42:30 [INFO] paysim — [fold=0] M2 pool: 4664/20000 fraud rows (round 16)
2026-06-12 22:42:30 [INFO] paysim — [fold=0] M2 pool: 4985/20000 fraud rows (round 17)
2026-06-12 22:42:31 [INFO] paysim — [fold=0] M2 pool: 5267/20000 fraud rows (round 18)
2026-06-12 22:42:32 [INFO] paysim — [fold=0] M2 pool: 5581/20000 fraud rows (round 19)
2026-06-12 22:42:33 [INFO] paysim — [fold=0] M2 pool: 5861/20000 fraud rows (round 20)
2026-06-12 22:42:34 [INFO] paysim — [fold=0] M2 pool: 6150/20000 fraud rows (round 21)
2026-06-12 22:42:34 [INFO] paysim — [fold=0] M2 pool: 6424/20000 fraud rows (round 22)
2026-06-12 22:42:35 [INFO] paysim — [fold=0] M2 pool: 6672/20000 fraud rows (round 23)
2026-06-12 22:42:36 [INFO] paysim — [fold=0] M2 pool: 6934/20000 fraud rows (round 24)
2026-06-12 22:42:37 [INFO] paysim — [fold=0] M2 pool: 7203/20000 fraud rows (round 25)
2026-06-12 22:42:38 [INFO] paysim — [fold=0] M2 pool: 7506/20000 fraud rows (round 26)
2026-06-12 22:42:38 [INFO] paysim — [fold=0] M2 pool: 7784/20000 fraud rows (round 27)
2026-06-12 22:42:39 [INFO] paysim — [fold=0] M2 pool: 8062/20000 fraud rows (round 28)
2026-06-12 22:42:40 [INFO] paysim — [fold=0] M2 pool: 8374/20000 fraud rows (round 29)
2026-06-12 22:42:41 [INFO] paysim — [fold=0] M2 pool: 8698/20000 fraud rows (round 30)
2026-06-12 22:42:42 [INFO] paysim — [fold=0] M2 pool: 8967/20000 fraud rows (round 31)
2026-06-12 22:42:42 [INFO] paysim — [fold=0] M2 pool: 9263/20000 fraud rows (round 32)
2026-06-12 22:42:43 [INFO] paysim — [fold=0] M2 pool: 9549/20000 fraud rows (round 33)
2026-06-12 22:42:44 [INFO] paysim — [fold=0] M2 pool: 9825/20000 fraud rows (round 34)
2026-06-12 22:42:45 [INFO] paysim — [fold=0] M2 pool: 10123/20000 fraud rows (round 35)
2026-06-12 22:42:46 [INFO] paysim — [fold=0] M2 pool: 10427/20000 fraud rows (round 36)
2026-06-12 22:42:46 [INFO] paysim — [fold=0] M2 pool: 10750/20000 fraud rows (round 37)
2026-06-12 22:42:47 [INFO] paysim — [fold=0] M2 pool: 11048/20000 fraud rows (round 38)
2026-06-12 22:42:48 [INFO] paysim — [fold=0] M2 pool: 11354/20000 fraud rows (round 39)
2026-06-12 22:42:49 [INFO] paysim — [fold=0] M2 pool: 11654/20000 fraud rows (round 40)
2026-06-12 22:42:50 [INFO] paysim — [fold=0] M2 pool: 11961/20000 fraud rows (round 41)
2026-06-12 22:42:51 [INFO] paysim — [fold=0] M2 pool: 12307/20000 fraud rows (round 42)
2026-06-12 22:42:51 [INFO] paysim — [fold=0] M2 pool: 12628/20000 fraud rows (round 43)
2026-06-12 22:42:52 [INFO] paysim — [fold=0] M2 pool: 12906/20000 fraud rows (round 44)
2026-06-12 22:42:53 [INFO] paysim — [fold=0] M2 pool: 13219/20000 fraud rows (round 45)
2026-06-12 22:42:54 [INFO] paysim — [fold=0] M2 pool: 13489/20000 fraud rows (round 46)
2026-06-12 22:42:55 [INFO] paysim — [fold=0] M2 pool: 13805/20000 fraud rows (round 47)
2026-06-12 22:42:55 [INFO] paysim — [fold=0] M2 pool: 14095/20000 fraud rows (round 48)
2026-06-12 22:42:56 [INFO] paysim — [fold=0] M2 pool: 14407/20000 fraud rows (round 49)
2026-06-12 22:42:57 [INFO] paysim — [fold=0] M2 pool: 14697/20000 fraud rows (round 50)
2026-06-12 22:42:58 [INFO] paysim — [fold=0] M2 pool: 15006/20000 fraud rows (round 51)
2026-06-12 22:42:59 [INFO] paysim — [fold=0] M2 pool: 15249/20000 fraud rows (round 52)
2026-06-12 22:42:59 [INFO] paysim — [fold=0] M2 pool: 15512/20000 fraud rows (round 53)
2026-06-12 22:43:00 [INFO] paysim — [fold=0] M2 pool: 15814/20000 fraud rows (round 54)
2026-06-12 22:43:01 [INFO] paysim — [fold=0] M2 pool: 16124/20000 fraud rows (round 55)
2026-06-12 22:43:02 [INFO] paysim — [fold=0] M2 pool: 16431/20000 fraud rows (round 56)
2026-06-12 22:43:03 [INFO] paysim — [fold=0] M2 pool: 16715/20000 fraud rows (round 57)
2026-06-12 22:43:03 [INFO] paysim — [fold=0] M2 pool: 17018/20000 fraud rows (round 58)
2026-06-12 22:43:04 [INFO] paysim — [fold=0] M2 pool: 17324/20000 fraud rows (round 59)
2026-06-12 22:43:05 [INFO] paysim — [fold=0] M2 pool: 17615/20000 fraud rows (round 60)
2026-06-12 22:43:06 [INFO] paysim — [fold=0] M2 pool: 17903/20000 fraud rows (round 61)
2026-06-12 22:43:07 [INFO] paysim — [fold=0] M2 pool: 18183/20000 fraud rows (round 62)
2026-06-12 22:43:07 [INFO] paysim — [fold=0] M2 pool: 18470/20000 fraud rows (round 63)
2026-06-12 22:43:08 [INFO] paysim — [fold=0] M2 pool: 18774/20000 fraud rows (round 64)
2026-06-12 22:43:09 [INFO] paysim — [fold=0] M2 pool: 19052/20000 fraud rows (round 65)
2026-06-12 22:43:10 [INFO] paysim — [fold=0] M2 pool: 19333/20000 fraud rows (round 66)
2026-06-12 22:43:11 [INFO] paysim — [fold=0] M2 pool: 19603/20000 fraud rows (round 67)
2026-06-12 22:43:11 [INFO] paysim — [fold=0] M2 pool: 19906/20000 fraud rows (round 68)
2026-06-12 22:43:12 [INFO] paysim — [fold=0] M2 pool: 20216/20000 fraud rows (round 69)
2026-06-12 22:43:12 [INFO] paysim — [fold=0] M2 pool saved: 20,000 fraud rows → /shared/paysim-sarmad/synthetic/fold_0/pool_m2.csv
2026-06-12 22:43:12 [INFO] paysim — [fold=0] ✔ DONE  generate_m2  (55.5s)
2026-06-12 22:43:12 [INFO] paysim — [fold=0] ▶ START generate_m3
2026-06-12 22:43:15 [INFO] paysim — [fold=0] M3 pool saved: 198 fraud rows → /shared/paysim-sarmad/synthetic/fold_0/pool_m3.csv
2026-06-12 22:43:15 [INFO] paysim — [fold=0] ✔ DONE  generate_m3  (2.4s)
2026-06-12 22:43:15 [INFO] paysim — [fold=0] ✔ DONE  generate_all_pools  (58.6s)
2026-06-12 22:43:15 [INFO] paysim — [fold=0] TOTAL elapsed: 10756.8s  (2.99h)
2026-06-12 22:43:15 [INFO] paysim — [fold=0] stop_after_generation=True — skipping baseline_eval + optuna_studies
2026-06-12 22:43:15 [INFO] paysim — [fold=0] Combined fraud pool exported: 40198 rows → /shared/paysim-sarmad/synthetic/for_classifier/split_0.csv
2026-06-12 22:43:15 [INFO] paysim — [fold=0] Results saved → /shared/paysim-sarmad/results/fold_0_results.json
2026/06/12 22:43:16 INFO mlflow.tracking.fluent: Experiment with name 'paysim-fold-1' does not exist. Creating a new experiment.
2026-06-12 22:43:16 [INFO] paysim — ============================================================
2026-06-12 22:43:16 [INFO] paysim — FOLD 1 — pipeline start
2026-06-12 22:43:16 [INFO] paysim — ============================================================
2026-06-12 22:43:16 [INFO] paysim — [fold=1] ▶ START load_data
2026-06-12 22:43:29 [INFO] paysim — train: 5,090,096 rows | fraud=6,570 (0.129%)
2026-06-12 22:43:29 [INFO] paysim — test: 1,272,524 rows | fraud=1,643 (0.129%)
2026-06-12 22:43:29 [INFO] paysim — [fold=1] ✔ DONE  load_data  (13.5s)
2026-06-12 22:43:34 [INFO] paysim — train_argn (holdout reserved, unused): 4,072,076 rows | fraud=5,256 (0.129%)
2026-06-12 22:43:34 [INFO] paysim — holdout (reserved, unused): 1,018,020 rows | fraud=1,314 (0.129%)
2026-06-12 22:43:36 [INFO] paysim — M1: 6,570 rows | fraud=6,570 (100.000%)
2026-06-12 22:43:36 [INFO] paysim — M2: 514,922 rows | fraud=6,570 (1.276%)
2026-06-12 22:43:36 [INFO] paysim — M3: 5,090,096 rows | fraud=6,570 (0.129%)
2026-06-12 22:43:36 [INFO] paysim — [fold=1] ▶ START train_all_argns
2026-06-12 22:43:38 [INFO] paysim — [fold=1] Launching M3 on cuda:1 (subprocess)
2026-06-12 22:43:38 [INFO] paysim — [fold=1] ▶ START train_m1
[2026-06-12 22:43:38,626] INFO   : SPLIT started
[2026-06-12 22:43:38,627] INFO   : create `/shared/paysim-sarmad/models/fold_1/m1/OriginalData/tgt-data`
[2026-06-12 22:43:38,627] INFO   : create `/shared/paysim-sarmad/models/fold_1/m1/OriginalData/tgt-meta`
[2026-06-12 22:43:38,628] INFO   : model_type='TABULAR'
[2026-06-12 22:43:38,628] INFO   : tgt_encoding_types={'step': 'TABULAR_NUMERIC_AUTO', 'type': 'TABULAR_CATEGORICAL', 'amount': 'TABULAR_NUMERIC_AUTO', 'oldbalanceOrg': 'TABULAR_NUMERIC_AUTO', 'newbalanceOrig': 'TABULAR_NUMERIC_AUTO', 'oldbalanceDest': 'TABULAR_NUMERIC_AUTO', 'newbalanceDest': 'TABULAR_NUMERIC_AUTO', 'isFraud': 'TABULAR_NUMERIC_AUTO', 'isFlaggedFraud': 'TABULAR_NUMERIC_AUTO'}
[2026-06-12 22:43:38,646] INFO   : SPLIT finished in 0.02s
[2026-06-12 22:43:38,647] INFO   : ANALYZE started
[2026-06-12 22:43:38,647] INFO   : create `/shared/paysim-sarmad/models/fold_1/m1/ModelStore/tgt-stats`
[2026-06-12 22:43:38,647] INFO   : analyzing 2 partitions in parallel
2026-06-12 22:43:46 [INFO] mostlyai.engine._common — running on Python (3.11.15)
[2026-06-12 22:43:47,502] INFO   : SPLIT started
[2026-06-12 22:43:47,503] INFO   : create `/shared/paysim-sarmad/models/fold_1/m3/OriginalData/tgt-data`
[2026-06-12 22:43:47,503] INFO   : create `/shared/paysim-sarmad/models/fold_1/m3/OriginalData/tgt-meta`
[2026-06-12 22:43:47,505] INFO   : model_type='TABULAR'
[2026-06-12 22:43:47,505] INFO   : tgt_encoding_types={'step': 'TABULAR_NUMERIC_AUTO', 'type': 'TABULAR_CATEGORICAL', 'amount': 'TABULAR_NUMERIC_AUTO', 'oldbalanceOrg': 'TABULAR_NUMERIC_AUTO', 'newbalanceOrig': 'TABULAR_NUMERIC_AUTO', 'oldbalanceDest': 'TABULAR_NUMERIC_AUTO', 'newbalanceDest': 'TABULAR_NUMERIC_AUTO', 'isFraud': 'TABULAR_NUMERIC_AUTO', 'isFlaggedFraud': 'TABULAR_NUMERIC_AUTO'}
[2026-06-12 22:43:48,315] INFO   : analyzed target partition 000000-trn (5256, 9)
[2026-06-12 22:43:52,994] INFO   : SPLIT finished in 5.49s
[2026-06-12 22:43:53,052] INFO   : ANALYZE started
[2026-06-12 22:43:53,053] INFO   : create `/shared/paysim-sarmad/models/fold_1/m3/ModelStore/tgt-stats`
[2026-06-12 22:43:53,053] INFO   : analyzing 2 partitions in parallel
[2026-06-12 22:43:57,813] INFO   : analyzed target partition 000000-val (1314, 9)
[2026-06-12 22:43:57,814] INFO   : combine partition statistics
[2026-06-12 22:43:57,828] INFO   : value_protection = True
[2026-06-12 22:43:57,828] INFO   : analyzed column `step`: TABULAR_NUMERIC_DIGIT {'E2': 8, 'E1': 10, 'E0': 10}
[2026-06-12 22:43:57,829] INFO   : analyzed column `type`: TABULAR_CATEGORICAL {'cat': 3}
[2026-06-12 22:43:57,831] INFO   : analyzed column `amount`: TABULAR_NUMERIC_BINNED {'bin': 103}
[2026-06-12 22:43:57,834] INFO   : analyzed column `oldbalanceOrg`: TABULAR_NUMERIC_BINNED {'bin': 103}
[2026-06-12 22:43:57,835] INFO   : analyzed column `newbalanceOrig`: TABULAR_NUMERIC_BINNED {'bin': 40}
[2026-06-12 22:43:57,846] INFO   : analyzed column `oldbalanceDest`: TABULAR_NUMERIC_BINNED {'bin': 103}
[2026-06-12 22:43:57,850] INFO   : analyzed column `newbalanceDest`: TABULAR_NUMERIC_BINNED {'bin': 103}
[2026-06-12 22:43:57,850] INFO   : analyzed column `isFraud`: TABULAR_NUMERIC_DISCRETE {'cat': 2}
[2026-06-12 22:43:57,851] INFO   : analyzed column `isFlaggedFraud`: TABULAR_NUMERIC_DISCRETE {'cat': 3}
[2026-06-12 22:43:57,851] INFO   : analyzed 6,570 records: 5,256 training / 1,314 validation
[2026-06-12 22:43:57,851] INFO   : is_sequential: False
[2026-06-12 22:43:57,851] INFO   : write statistics to `/shared/paysim-sarmad/models/fold_1/m1/ModelStore/tgt-stats/stats.json`
[2026-06-12 22:43:57,853] INFO   : ANALYZE finished in 19.21s
[2026-06-12 22:43:57,854] INFO   : ENCODE_TABULAR started
[2026-06-12 22:43:57,855] INFO   : create `/shared/paysim-sarmad/models/fold_1/m1/OriginalData/encoded-data`
[2026-06-12 22:43:57,855] INFO   : clean `/shared/paysim-sarmad/models/fold_1/m1/OriginalData/encoded-data`
[2026-06-12 22:43:57,855] INFO   : clean `/shared/paysim-sarmad/models/fold_1/m1/OriginalData/encoded-data`
[2026-06-12 22:43:57,929] INFO   : encoded partition part.000000-trn.parquet (5256, 11)
[2026-06-12 22:43:57,982] INFO   : encoded partition part.000000-val.parquet (1314, 11)
[2026-06-12 22:43:57,982] INFO   : ENCODE_TABULAR finished in 0.13s
[2026-06-12 22:43:57,983] INFO   : TRAIN_TABULAR started
[2026-06-12 22:43:57,990] INFO   : numpy=2.4.4, pandas=2.3.3
[2026-06-12 22:43:57,991] INFO   : torch=2.5.1+cu121, opacus=1.4.0
[2026-06-12 22:43:57,991] INFO   : device=device(type='cuda', index=0)
[2026-06-12 22:43:57,992] INFO   : is_sequential=False
[2026-06-12 22:43:57,992] INFO   : max_training_time=864000.0s
[2026-06-12 22:43:57,992] INFO   : max_epochs=50
[2026-06-12 22:43:57,992] INFO   : model_size=<ModelSize.M: 'M'>
[2026-06-12 22:43:57,992] INFO   : enable_flexible_generation=True
[2026-06-12 22:43:57,992] INFO   : with_dp=False
[2026-06-12 22:43:57,992] INFO   : model_state_strategy=<ModelStateStrategy.reset: 'RESET'>
[2026-06-12 22:43:57,993] INFO   : max_sequence_window=np.int64(1)
[2026-06-12 22:43:58,000] INFO   : create training model
[2026-06-12 22:43:58,004] INFO   : initializing predictor bias with empirical log probabilities
[2026-06-12 22:43:58,008] INFO   : model class: FlatModel
[2026-06-12 22:43:58,008] INFO   : model weights not found; change strategy from ModelStateStrategy.reset to RESET
[2026-06-12 22:43:58,008] INFO   : model_state_strategy=<ModelStateStrategy.reset: 'RESET'>
[2026-06-12 22:43:58,008] INFO   : remove existing checkpoint files
[2026-06-12 22:43:58,008] INFO   : start training progress from epoch=0.0, steps=0
[2026-06-12 22:43:58,010] INFO   : no_of_model_params=np.int64(93654)
2026-06-12 22:43:58 [INFO] httpx — HTTP Request: HEAD https://s3.amazonaws.com/datasets.huggingface.co/datasets/datasets/parquet/parquet.py "HTTP/1.1 404 Not Found"
2026-06-12 22:43:58 [INFO] httpx — HTTP Request: HEAD https://s3.amazonaws.com/datasets.huggingface.co/datasets/datasets/parquet/parquet.py "HTTP/1.1 404 Not Found"
[2026-06-12 22:43:58,348] INFO   : trn_cnt=5256, val_cnt=1314
[2026-06-12 22:43:58,348] INFO   : len(tgt_sub_columns)=11, len(ctxflt_sub_columns)=0, len(ctxseq_sub_columns)=0
[2026-06-12 22:43:58,348] INFO   : tgt_cardinalities_deciles=[np.int64(2), np.int64(3), np.int64(3), np.int64(8), np.int64(10), np.int64(10), np.int64(40), np.int64(103), np.int64(103), np.int64(103), np.int64(103)]
[2026-06-12 22:43:58,348] INFO   : trn_batch_size=64, val_batch_size=64
[2026-06-12 22:43:58,349] INFO   : trn_steps=82, val_steps=20
[2026-06-12 22:43:58,349] INFO   : batch_size=64, gradient_accumulation_steps=1, initial_lr=np.float64(0.00141)
[2026-06-12 22:43:58,388] INFO   : {'epoch': 0.01, 'is_checkpoint': 0, 'steps': 1, 'samples': 64, 'trn_loss': 22.1346, 'val_loss': None, 'total_time': 0.0, 'learn_rate': 0.00141, 'dp_eps': None, 'dp_delta': None}
[2026-06-12 22:43:59,893] INFO   : {'epoch': 1.0, 'is_checkpoint': 1, 'steps': 82, 'samples': 5248, 'trn_loss': 21.7221, 'val_loss': 21.4758, 'total_time': 1.5, 'learn_rate': 0.00141, 'dp_eps': None, 'dp_delta': None}
[2026-06-12 22:44:01,404] INFO   : {'epoch': 2.0, 'is_checkpoint': 1, 'steps': 164, 'samples': 10440, 'trn_loss': 20.9527, 'val_loss': 20.7302, 'total_time': 3.1, 'learn_rate': 0.00141, 'dp_eps': None, 'dp_delta': None}
[2026-06-12 22:44:02,871] INFO   : {'epoch': 3.0, 'is_checkpoint': 1, 'steps': 246, 'samples': 15632, 'trn_loss': 20.0834, 'val_loss': 19.8387, 'total_time': 4.5, 'learn_rate': 0.00141, 'dp_eps': None, 'dp_delta': None}
[2026-06-12 22:44:04,275] INFO   : {'epoch': 4.0, 'is_checkpoint': 1, 'steps': 328, 'samples': 20824, 'trn_loss': 19.228, 'val_loss': 19.0525, 'total_time': 5.9, 'learn_rate': 0.00141, 'dp_eps': None, 'dp_delta': None}
[2026-06-12 22:44:05,654] INFO   : {'epoch': 5.0, 'is_checkpoint': 1, 'steps': 410, 'samples': 26016, 'trn_loss': 18.677, 'val_loss': 18.6296, 'total_time': 7.3, 'learn_rate': 0.00141, 'dp_eps': None, 'dp_delta': None}
[2026-06-12 22:44:07,126] INFO   : {'epoch': 6.0, 'is_checkpoint': 1, 'steps': 492, 'samples': 31208, 'trn_loss': 18.2983, 'val_loss': 18.2919, 'total_time': 8.8, 'learn_rate': 0.00141, 'dp_eps': None, 'dp_delta': None}
[2026-06-12 22:44:08,541] INFO   : {'epoch': 7.0, 'is_checkpoint': 1, 'steps': 574, 'samples': 36400, 'trn_loss': 17.9451, 'val_loss': 18.0521, 'total_time': 10.2, 'learn_rate': 0.00141, 'dp_eps': None, 'dp_delta': None}
[2026-06-12 22:44:09,953] INFO   : {'epoch': 8.0, 'is_checkpoint': 1, 'steps': 656, 'samples': 41592, 'trn_loss': 17.7521, 'val_loss': 17.807, 'total_time': 11.6, 'learn_rate': 0.00141, 'dp_eps': None, 'dp_delta': None}
[2026-06-12 22:44:11,494] INFO   : {'epoch': 9.0, 'is_checkpoint': 1, 'steps': 738, 'samples': 46784, 'trn_loss': 17.5459, 'val_loss': 17.7875, 'total_time': 13.1, 'learn_rate': 0.00141, 'dp_eps': None, 'dp_delta': None}
[2026-06-12 22:44:13,395] INFO   : {'epoch': 10.0, 'is_checkpoint': 1, 'steps': 820, 'samples': 51976, 'trn_loss': 17.3536, 'val_loss': 17.5476, 'total_time': 15.0, 'learn_rate': 0.00141, 'dp_eps': None, 'dp_delta': None}
[2026-06-12 22:44:15,239] INFO   : {'epoch': 11.0, 'is_checkpoint': 1, 'steps': 902, 'samples': 57168, 'trn_loss': 17.3049, 'val_loss': 17.5078, 'total_time': 16.9, 'learn_rate': 0.00141, 'dp_eps': None, 'dp_delta': None}
[2026-06-12 22:44:16,777] INFO   : {'epoch': 12.0, 'is_checkpoint': 1, 'steps': 984, 'samples': 62360, 'trn_loss': 17.1035, 'val_loss': 17.4112, 'total_time': 18.4, 'learn_rate': 0.00141, 'dp_eps': None, 'dp_delta': None}
[2026-06-12 22:44:18,335] INFO   : {'epoch': 13.0, 'is_checkpoint': 1, 'steps': 1066, 'samples': 67552, 'trn_loss': 17.0953, 'val_loss': 17.3716, 'total_time': 20.0, 'learn_rate': 0.00141, 'dp_eps': None, 'dp_delta': None}
[2026-06-12 22:44:20,380] INFO   : {'epoch': 14.0, 'is_checkpoint': 1, 'steps': 1148, 'samples': 72744, 'trn_loss': 16.949, 'val_loss': 17.2345, 'total_time': 22.0, 'learn_rate': 0.00141, 'dp_eps': None, 'dp_delta': None}
[2026-06-12 22:44:22,252] INFO   : {'epoch': 15.0, 'is_checkpoint': 1, 'steps': 1230, 'samples': 77936, 'trn_loss': 16.8419, 'val_loss': 17.1473, 'total_time': 23.9, 'learn_rate': 0.00141, 'dp_eps': None, 'dp_delta': None}
[2026-06-12 22:44:23,883] INFO   : {'epoch': 16.0, 'is_checkpoint': 1, 'steps': 1312, 'samples': 83128, 'trn_loss': 16.7851, 'val_loss': 17.1457, 'total_time': 25.5, 'learn_rate': 0.00141, 'dp_eps': None, 'dp_delta': None}
[2026-06-12 22:44:25,297] INFO   : {'epoch': 17.0, 'is_checkpoint': 0, 'steps': 1394, 'samples': 88320, 'trn_loss': 16.7793, 'val_loss': 17.2363, 'total_time': 26.9, 'learn_rate': 0.00141, 'dp_eps': None, 'dp_delta': None}
[2026-06-12 22:44:26,924] INFO   : {'epoch': 18.0, 'is_checkpoint': 1, 'steps': 1476, 'samples': 93512, 'trn_loss': 16.6334, 'val_loss': 17.1343, 'total_time': 28.6, 'learn_rate': 0.00141, 'dp_eps': None, 'dp_delta': None}
[2026-06-12 22:44:28,867] INFO   : {'epoch': 19.0, 'is_checkpoint': 1, 'steps': 1558, 'samples': 98704, 'trn_loss': 16.6256, 'val_loss': 17.0857, 'total_time': 30.5, 'learn_rate': 0.00141, 'dp_eps': None, 'dp_delta': None}
[2026-06-12 22:44:30,691] INFO   : {'epoch': 20.0, 'is_checkpoint': 1, 'steps': 1640, 'samples': 103896, 'trn_loss': 16.5648, 'val_loss': 17.0326, 'total_time': 32.3, 'learn_rate': 0.00141, 'dp_eps': None, 'dp_delta': None}
[2026-06-12 22:44:32,490] INFO   : {'epoch': 21.0, 'is_checkpoint': 0, 'steps': 1722, 'samples': 109088, 'trn_loss': 16.4594, 'val_loss': 17.0413, 'total_time': 34.1, 'learn_rate': 0.00141, 'dp_eps': None, 'dp_delta': None}
[2026-06-12 22:44:33,867] INFO   : {'epoch': 22.0, 'is_checkpoint': 0, 'steps': 1804, 'samples': 114280, 'trn_loss': 16.4327, 'val_loss': 17.0476, 'total_time': 35.5, 'learn_rate': 0.00141, 'dp_eps': None, 'dp_delta': None}
[2026-06-12 22:44:35,255] INFO   : {'epoch': 23.0, 'is_checkpoint': 1, 'steps': 1886, 'samples': 119472, 'trn_loss': 16.3343, 'val_loss': 16.9709, 'total_time': 36.9, 'learn_rate': 0.00141, 'dp_eps': None, 'dp_delta': None}
[2026-06-12 22:44:36,675] INFO   : {'epoch': 24.0, 'is_checkpoint': 1, 'steps': 1968, 'samples': 124664, 'trn_loss': 16.3637, 'val_loss': 16.9422, 'total_time': 38.3, 'learn_rate': 0.00141, 'dp_eps': None, 'dp_delta': None}
[2026-06-12 22:44:38,070] INFO   : {'epoch': 25.0, 'is_checkpoint': 0, 'steps': 2050, 'samples': 129856, 'trn_loss': 16.2672, 'val_loss': 17.0806, 'total_time': 39.7, 'learn_rate': 0.00141, 'dp_eps': None, 'dp_delta': None}
[2026-06-12 22:44:39,563] INFO   : {'epoch': 26.0, 'is_checkpoint': 0, 'steps': 2132, 'samples': 135048, 'trn_loss': 16.3138, 'val_loss': 17.0145, 'total_time': 41.2, 'learn_rate': 0.00141, 'dp_eps': None, 'dp_delta': None}
[2026-06-12 22:44:40,937] INFO   : {'epoch': 27.0, 'is_checkpoint': 1, 'steps': 2214, 'samples': 140240, 'trn_loss': 16.2775, 'val_loss': 16.9074, 'total_time': 42.6, 'learn_rate': 0.00141, 'dp_eps': None, 'dp_delta': None}
[2026-06-12 22:44:42,322] INFO   : {'epoch': 28.0, 'is_checkpoint': 0, 'steps': 2296, 'samples': 145432, 'trn_loss': 16.1643, 'val_loss': 16.9922, 'total_time': 44.0, 'learn_rate': 0.00141, 'dp_eps': None, 'dp_delta': None}
[2026-06-12 22:44:43,706] INFO   : {'epoch': 29.0, 'is_checkpoint': 0, 'steps': 2378, 'samples': 150624, 'trn_loss': 16.2317, 'val_loss': 16.9936, 'total_time': 45.4, 'learn_rate': 0.00141, 'dp_eps': None, 'dp_delta': None}
[2026-06-12 22:44:45,101] INFO   : {'epoch': 30.0, 'is_checkpoint': 1, 'steps': 2460, 'samples': 155816, 'trn_loss': 16.0557, 'val_loss': 16.9061, 'total_time': 46.8, 'learn_rate': 0.00141, 'dp_eps': None, 'dp_delta': None}
[2026-06-12 22:44:46,490] INFO   : {'epoch': 31.0, 'is_checkpoint': 0, 'steps': 2542, 'samples': 161008, 'trn_loss': 16.0843, 'val_loss': 16.97, 'total_time': 48.1, 'learn_rate': 0.000705, 'dp_eps': None, 'dp_delta': None}
[2026-06-12 22:44:47,875] INFO   : {'epoch': 32.0, 'is_checkpoint': 0, 'steps': 2624, 'samples': 166200, 'trn_loss': 16.0301, 'val_loss': 16.9604, 'total_time': 49.5, 'learn_rate': 0.000705, 'dp_eps': None, 'dp_delta': None}
[2026-06-12 22:44:49,284] INFO   : {'epoch': 33.0, 'is_checkpoint': 1, 'steps': 2706, 'samples': 171392, 'trn_loss': 15.9287, 'val_loss': 16.8785, 'total_time': 50.9, 'learn_rate': 0.000705, 'dp_eps': None, 'dp_delta': None}
[2026-06-12 22:44:50,676] INFO   : {'epoch': 34.0, 'is_checkpoint': 0, 'steps': 2788, 'samples': 176584, 'trn_loss': 15.9987, 'val_loss': 16.8937, 'total_time': 52.3, 'learn_rate': 0.000705, 'dp_eps': None, 'dp_delta': None}
[2026-06-12 22:44:52,352] INFO   : {'epoch': 35.0, 'is_checkpoint': 0, 'steps': 2870, 'samples': 181776, 'trn_loss': 15.8791, 'val_loss': 16.953, 'total_time': 54.0, 'learn_rate': 0.000705, 'dp_eps': None, 'dp_delta': None}
[2026-06-12 22:44:53,750] INFO   : {'epoch': 36.0, 'is_checkpoint': 1, 'steps': 2952, 'samples': 186968, 'trn_loss': 15.9623, 'val_loss': 16.877, 'total_time': 55.4, 'learn_rate': 0.000705, 'dp_eps': None, 'dp_delta': None}
[2026-06-12 22:44:55,189] INFO   : {'epoch': 37.0, 'is_checkpoint': 0, 'steps': 3034, 'samples': 192160, 'trn_loss': 15.9862, 'val_loss': 16.8798, 'total_time': 56.8, 'learn_rate': 0.000353, 'dp_eps': None, 'dp_delta': None}
[2026-06-12 22:44:56,582] INFO   : {'epoch': 38.0, 'is_checkpoint': 0, 'steps': 3116, 'samples': 197352, 'trn_loss': 15.909, 'val_loss': 16.9084, 'total_time': 58.2, 'learn_rate': 0.000353, 'dp_eps': None, 'dp_delta': None}
[2026-06-12 22:44:57,965] INFO   : {'epoch': 39.0, 'is_checkpoint': 0, 'steps': 3198, 'samples': 202544, 'trn_loss': 15.8037, 'val_loss': 16.9076, 'total_time': 59.6, 'learn_rate': 0.000353, 'dp_eps': None, 'dp_delta': None}
[2026-06-12 22:44:59,377] INFO   : {'epoch': 40.0, 'is_checkpoint': 1, 'steps': 3280, 'samples': 207736, 'trn_loss': 15.8645, 'val_loss': 16.8623, 'total_time': 61.0, 'learn_rate': 0.000176, 'dp_eps': None, 'dp_delta': None}
[2026-06-12 22:45:00,773] INFO   : {'epoch': 41.0, 'is_checkpoint': 1, 'steps': 3362, 'samples': 212928, 'trn_loss': 15.8926, 'val_loss': 16.8493, 'total_time': 62.4, 'learn_rate': 0.000176, 'dp_eps': None, 'dp_delta': None}
[2026-06-12 22:45:02,161] INFO   : {'epoch': 42.0, 'is_checkpoint': 0, 'steps': 3444, 'samples': 218120, 'trn_loss': 15.8549, 'val_loss': 16.9133, 'total_time': 63.8, 'learn_rate': 0.000176, 'dp_eps': None, 'dp_delta': None}
[2026-06-12 22:45:03,561] INFO   : {'epoch': 43.0, 'is_checkpoint': 1, 'steps': 3526, 'samples': 223312, 'trn_loss': 15.8587, 'val_loss': 16.8482, 'total_time': 65.2, 'learn_rate': 0.000176, 'dp_eps': None, 'dp_delta': None}
[2026-06-12 22:45:05,096] INFO   : {'epoch': 44.0, 'is_checkpoint': 0, 'steps': 3608, 'samples': 228504, 'trn_loss': 15.8131, 'val_loss': 16.8723, 'total_time': 66.7, 'learn_rate': 0.000176, 'dp_eps': None, 'dp_delta': None}
[2026-06-12 22:45:06,566] INFO   : {'epoch': 45.0, 'is_checkpoint': 0, 'steps': 3690, 'samples': 233696, 'trn_loss': 15.8194, 'val_loss': 16.9317, 'total_time': 68.2, 'learn_rate': 0.000141, 'dp_eps': None, 'dp_delta': None}
[2026-06-12 22:45:07,928] INFO   : {'epoch': 46.0, 'is_checkpoint': 0, 'steps': 3772, 'samples': 238888, 'trn_loss': 15.6846, 'val_loss': 16.8658, 'total_time': 69.6, 'learn_rate': 0.000141, 'dp_eps': None, 'dp_delta': None}
[2026-06-12 22:45:09,318] INFO   : {'epoch': 47.0, 'is_checkpoint': 1, 'steps': 3854, 'samples': 244080, 'trn_loss': 15.8747, 'val_loss': 16.8479, 'total_time': 71.0, 'learn_rate': 0.000141, 'dp_eps': None, 'dp_delta': None}
[2026-06-12 22:45:10,692] INFO   : {'epoch': 48.0, 'is_checkpoint': 1, 'steps': 3936, 'samples': 249272, 'trn_loss': 15.7629, 'val_loss': 16.7948, 'total_time': 72.3, 'learn_rate': 0.000141, 'dp_eps': None, 'dp_delta': None}
[2026-06-12 22:45:12,140] INFO   : {'epoch': 49.0, 'is_checkpoint': 0, 'steps': 4018, 'samples': 254464, 'trn_loss': 15.8968, 'val_loss': 16.8935, 'total_time': 73.8, 'learn_rate': 0.000141, 'dp_eps': None, 'dp_delta': None}
[2026-06-12 22:45:13,530] INFO   : {'epoch': 50.0, 'is_checkpoint': 0, 'steps': 4100, 'samples': 259656, 'trn_loss': 15.769, 'val_loss': 16.8956, 'total_time': 75.2, 'learn_rate': 0.000141, 'dp_eps': None, 'dp_delta': None}
[2026-06-12 22:45:13,553] INFO   : TRAIN_TABULAR finished in 75.57s
2026-06-12 22:45:15 [INFO] paysim — [fold=1] ✔ DONE  train_m1  (96.4s)
2026-06-12 22:45:15 [INFO] paysim — [fold=1] ▶ START train_m2
[2026-06-12 22:45:15,081] INFO   : SPLIT started
[2026-06-12 22:45:15,082] INFO   : create `/shared/paysim-sarmad/models/fold_1/m2/OriginalData/tgt-data`
[2026-06-12 22:45:15,082] INFO   : create `/shared/paysim-sarmad/models/fold_1/m2/OriginalData/tgt-meta`
[2026-06-12 22:45:15,083] INFO   : model_type='TABULAR'
[2026-06-12 22:45:15,083] INFO   : tgt_encoding_types={'step': 'TABULAR_NUMERIC_AUTO', 'type': 'TABULAR_CATEGORICAL', 'amount': 'TABULAR_NUMERIC_AUTO', 'oldbalanceOrg': 'TABULAR_NUMERIC_AUTO', 'newbalanceOrig': 'TABULAR_NUMERIC_AUTO', 'oldbalanceDest': 'TABULAR_NUMERIC_AUTO', 'newbalanceDest': 'TABULAR_NUMERIC_AUTO', 'isFraud': 'TABULAR_NUMERIC_AUTO', 'isFlaggedFraud': 'TABULAR_NUMERIC_AUTO'}
[2026-06-12 22:45:15,580] INFO   : SPLIT finished in 0.50s
[2026-06-12 22:45:15,581] INFO   : ANALYZE started
[2026-06-12 22:45:15,581] INFO   : create `/shared/paysim-sarmad/models/fold_1/m2/ModelStore/tgt-stats`
[2026-06-12 22:45:15,582] INFO   : analyzing 2 partitions in parallel
[2026-06-12 22:45:29,954] INFO   : analyzed target partition 000000-trn (411938, 9)
[2026-06-12 22:45:33,279] INFO   : analyzed target partition 000000-val (102984, 9)
[2026-06-12 22:45:33,279] INFO   : combine partition statistics
[2026-06-12 22:45:33,289] INFO   : value_protection = True
[2026-06-12 22:45:33,290] INFO   : analyzed column `step`: TABULAR_NUMERIC_DIGIT {'E2': 8, 'E1': 10, 'E0': 10}
[2026-06-12 22:45:33,290] INFO   : analyzed column `type`: TABULAR_CATEGORICAL {'cat': 6}
[2026-06-12 22:45:33,292] INFO   : analyzed column `amount`: TABULAR_NUMERIC_BINNED {'bin': 103}
[2026-06-12 22:45:33,295] INFO   : analyzed column `oldbalanceOrg`: TABULAR_NUMERIC_BINNED {'bin': 103}
[2026-06-12 22:45:33,299] INFO   : analyzed column `newbalanceOrig`: TABULAR_NUMERIC_BINNED {'bin': 103}
[2026-06-12 22:45:33,303] INFO   : analyzed column `oldbalanceDest`: TABULAR_NUMERIC_BINNED {'bin': 103}
[2026-06-12 22:45:33,306] INFO   : analyzed column `newbalanceDest`: TABULAR_NUMERIC_BINNED {'bin': 103}
[2026-06-12 22:45:33,307] INFO   : analyzed column `isFraud`: TABULAR_NUMERIC_DISCRETE {'cat': 3}
[2026-06-12 22:45:33,307] INFO   : analyzed column `isFlaggedFraud`: TABULAR_NUMERIC_DISCRETE {'cat': 3}
[2026-06-12 22:45:33,307] INFO   : analyzed 514,922 records: 411,938 training / 102,984 validation
[2026-06-12 22:45:33,311] INFO   : is_sequential: False
[2026-06-12 22:45:33,311] INFO   : write statistics to `/shared/paysim-sarmad/models/fold_1/m2/ModelStore/tgt-stats/stats.json`
[2026-06-12 22:45:33,314] INFO   : ANALYZE finished in 17.73s
[2026-06-12 22:45:33,315] INFO   : ENCODE_TABULAR started
[2026-06-12 22:45:33,315] INFO   : create `/shared/paysim-sarmad/models/fold_1/m2/OriginalData/encoded-data`
[2026-06-12 22:45:33,316] INFO   : clean `/shared/paysim-sarmad/models/fold_1/m2/OriginalData/encoded-data`
[2026-06-12 22:45:33,316] INFO   : clean `/shared/paysim-sarmad/models/fold_1/m2/OriginalData/encoded-data`
[2026-06-12 22:45:37,893] INFO   : encoded partition part.000000-trn.parquet (411938, 11)
[2026-06-12 22:45:38,865] INFO   : encoded partition part.000000-val.parquet (102984, 11)
[2026-06-12 22:45:38,865] INFO   : ENCODE_TABULAR finished in 5.55s
[2026-06-12 22:45:38,866] INFO   : TRAIN_TABULAR started
[2026-06-12 22:45:38,877] INFO   : numpy=2.4.4, pandas=2.3.3
[2026-06-12 22:45:38,879] INFO   : torch=2.5.1+cu121, opacus=1.4.0
[2026-06-12 22:45:38,879] INFO   : device=device(type='cuda', index=0)
[2026-06-12 22:45:38,879] INFO   : is_sequential=False
[2026-06-12 22:45:38,880] INFO   : max_training_time=864000.0s
[2026-06-12 22:45:38,880] INFO   : max_epochs=100
[2026-06-12 22:45:38,880] INFO   : model_size=<ModelSize.M: 'M'>
[2026-06-12 22:45:38,880] INFO   : enable_flexible_generation=True
[2026-06-12 22:45:38,880] INFO   : with_dp=False
[2026-06-12 22:45:38,880] INFO   : model_state_strategy=<ModelStateStrategy.reset: 'RESET'>
[2026-06-12 22:45:38,880] INFO   : max_sequence_window=np.int64(1)
[2026-06-12 22:45:38,939] INFO   : create training model
[2026-06-12 22:45:38,945] INFO   : initializing predictor bias with empirical log probabilities
[2026-06-12 22:45:38,949] INFO   : model class: FlatModel
[2026-06-12 22:45:38,949] INFO   : model weights not found; change strategy from ModelStateStrategy.reset to RESET
[2026-06-12 22:45:38,949] INFO   : model_state_strategy=<ModelStateStrategy.reset: 'RESET'>
[2026-06-12 22:45:38,949] INFO   : remove existing checkpoint files
[2026-06-12 22:45:38,950] INFO   : start training progress from epoch=0.0, steps=0
[2026-06-12 22:45:38,951] INFO   : no_of_model_params=np.int64(106829)
2026-06-12 22:45:39 [INFO] httpx — HTTP Request: HEAD https://s3.amazonaws.com/datasets.huggingface.co/datasets/datasets/parquet/parquet.py "HTTP/1.1 404 Not Found"
2026-06-12 22:45:39 [INFO] httpx — HTTP Request: HEAD https://s3.amazonaws.com/datasets.huggingface.co/datasets/datasets/parquet/parquet.py "HTTP/1.1 404 Not Found"
[2026-06-12 22:45:39,330] INFO   : trn_cnt=411938, val_cnt=102984
[2026-06-12 22:45:39,331] INFO   : len(tgt_sub_columns)=11, len(ctxflt_sub_columns)=0, len(ctxseq_sub_columns)=0
[2026-06-12 22:45:39,331] INFO   : tgt_cardinalities_deciles=[np.int64(3), np.int64(3), np.int64(6), np.int64(8), np.int64(10), np.int64(10), np.int64(103), np.int64(103), np.int64(103), np.int64(103), np.int64(103)]
[2026-06-12 22:45:39,332] INFO   : trn_batch_size=4096, val_batch_size=4096
[2026-06-12 22:45:39,332] INFO   : trn_steps=100, val_steps=25
[2026-06-12 22:45:39,332] INFO   : batch_size=4096, gradient_accumulation_steps=1, initial_lr=np.float64(0.01131)
[2026-06-12 22:45:39,554] INFO   : {'epoch': 0.01, 'is_checkpoint': 0, 'steps': 1, 'samples': 4096, 'trn_loss': 25.7217, 'val_loss': None, 'total_time': 0.2, 'learn_rate': 0.01131, 'dp_eps': None, 'dp_delta': None}
[2026-06-12 22:45:55,923] INFO   : analyzed target partition 000000-trn (4072077, 9)
[2026-06-12 22:46:03,151] INFO   : {'epoch': 1.0, 'is_checkpoint': 1, 'steps': 100, 'samples': 409600, 'trn_loss': 22.5656, 'val_loss': 20.9168, 'total_time': 23.8, 'learn_rate': 0.01131, 'dp_eps': None, 'dp_delta': None}
[2026-06-12 22:46:33,396] INFO   : analyzed target partition 000000-val (1018019, 9)
[2026-06-12 22:46:33,398] INFO   : combine partition statistics
[2026-06-12 22:46:33,408] INFO   : value_protection = True
[2026-06-12 22:46:33,408] INFO   : analyzed column `step`: TABULAR_NUMERIC_DIGIT {'E2': 8, 'E1': 10, 'E0': 10}
[2026-06-12 22:46:33,408] INFO   : analyzed column `type`: TABULAR_CATEGORICAL {'cat': 6}
[2026-06-12 22:46:33,410] INFO   : analyzed column `amount`: TABULAR_NUMERIC_BINNED {'bin': 103}
[2026-06-12 22:46:33,413] INFO   : analyzed column `oldbalanceOrg`: TABULAR_NUMERIC_BINNED {'bin': 103}
[2026-06-12 22:46:33,417] INFO   : analyzed column `newbalanceOrig`: TABULAR_NUMERIC_BINNED {'bin': 103}
[2026-06-12 22:46:33,420] INFO   : analyzed column `oldbalanceDest`: TABULAR_NUMERIC_BINNED {'bin': 103}
[2026-06-12 22:46:33,423] INFO   : analyzed column `newbalanceDest`: TABULAR_NUMERIC_BINNED {'bin': 103}
[2026-06-12 22:46:33,424] INFO   : analyzed column `isFraud`: TABULAR_NUMERIC_DISCRETE {'cat': 3}
[2026-06-12 22:46:33,424] INFO   : analyzed column `isFlaggedFraud`: TABULAR_NUMERIC_DISCRETE {'cat': 3}
[2026-06-12 22:46:33,424] INFO   : analyzed 5,090,096 records: 4,072,077 training / 1,018,019 validation
[2026-06-12 22:46:33,569] INFO   : is_sequential: False
[2026-06-12 22:46:33,569] INFO   : write statistics to `/shared/paysim-sarmad/models/fold_1/m3/ModelStore/tgt-stats/stats.json`
[2026-06-12 22:46:33,572] INFO   : ANALYZE finished in 160.52s
[2026-06-12 22:46:33,573] INFO   : ENCODE_TABULAR started
[2026-06-12 22:46:33,573] INFO   : create `/shared/paysim-sarmad/models/fold_1/m3/OriginalData/encoded-data`
[2026-06-12 22:46:33,573] INFO   : clean `/shared/paysim-sarmad/models/fold_1/m3/OriginalData/encoded-data`
[2026-06-12 22:46:33,573] INFO   : clean `/shared/paysim-sarmad/models/fold_1/m3/OriginalData/encoded-data`
[2026-06-12 22:46:33,718] INFO   : {'epoch': 2.0, 'is_checkpoint': 1, 'steps': 200, 'samples': 817442, 'trn_loss': 20.9872, 'val_loss': 20.2774, 'total_time': 54.4, 'learn_rate': 0.01131, 'dp_eps': None, 'dp_delta': None}
[2026-06-12 22:46:58,132] INFO   : {'epoch': 3.0, 'is_checkpoint': 1, 'steps': 300, 'samples': 1225284, 'trn_loss': 20.5887, 'val_loss': 20.0685, 'total_time': 78.8, 'learn_rate': 0.01131, 'dp_eps': None, 'dp_delta': None}
[2026-06-12 22:47:14,284] INFO   : encoded partition part.000000-trn.parquet (4072077, 11)
[2026-06-12 22:47:21,160] INFO   : {'epoch': 4.0, 'is_checkpoint': 1, 'steps': 400, 'samples': 1633126, 'trn_loss': 20.3707, 'val_loss': 19.881, 'total_time': 101.8, 'learn_rate': 0.01131, 'dp_eps': None, 'dp_delta': None}
[2026-06-12 22:47:24,253] INFO   : encoded partition part.000000-val.parquet (1018019, 11)
[2026-06-12 22:47:24,262] INFO   : ENCODE_TABULAR finished in 50.69s
[2026-06-12 22:47:24,263] INFO   : TRAIN_TABULAR started
[2026-06-12 22:47:24,271] INFO   : numpy=2.4.4, pandas=2.3.3
[2026-06-12 22:47:24,272] INFO   : torch=2.5.1+cu121, opacus=1.4.0
[2026-06-12 22:47:24,272] INFO   : device=device(type='cuda', index=1)
[2026-06-12 22:47:24,273] INFO   : is_sequential=False
[2026-06-12 22:47:24,273] INFO   : max_training_time=864000.0s
[2026-06-12 22:47:24,273] INFO   : max_epochs=100
[2026-06-12 22:47:24,273] INFO   : model_size=<ModelSize.M: 'M'>
[2026-06-12 22:47:24,273] INFO   : enable_flexible_generation=True
[2026-06-12 22:47:24,273] INFO   : with_dp=False
[2026-06-12 22:47:24,273] INFO   : model_state_strategy=<ModelStateStrategy.reset: 'RESET'>
[2026-06-12 22:47:24,273] INFO   : max_sequence_window=np.int64(1)
[2026-06-12 22:47:24,596] INFO   : create training model
[2026-06-12 22:47:24,948] INFO   : initializing predictor bias with empirical log probabilities
[2026-06-12 22:47:24,952] INFO   : model class: FlatModel
[2026-06-12 22:47:24,952] INFO   : model weights not found; change strategy from ModelStateStrategy.reset to RESET
[2026-06-12 22:47:24,952] INFO   : model_state_strategy=<ModelStateStrategy.reset: 'RESET'>
[2026-06-12 22:47:24,952] INFO   : remove existing checkpoint files
[2026-06-12 22:47:24,952] INFO   : start training progress from epoch=0.0, steps=0
[2026-06-12 22:47:24,953] INFO   : no_of_model_params=np.int64(106829)
2026-06-12 22:47:25 [INFO] httpx — HTTP Request: HEAD https://s3.amazonaws.com/datasets.huggingface.co/datasets/datasets/parquet/parquet.py "HTTP/1.1 404 Not Found"
2026-06-12 22:47:25 [INFO] httpx — HTTP Request: HEAD https://s3.amazonaws.com/datasets.huggingface.co/datasets/datasets/parquet/parquet.py "HTTP/1.1 404 Not Found"
[2026-06-12 22:47:25,754] INFO   : trn_cnt=4072077, val_cnt=1018019
[2026-06-12 22:47:25,754] INFO   : len(tgt_sub_columns)=11, len(ctxflt_sub_columns)=0, len(ctxseq_sub_columns)=0
[2026-06-12 22:47:25,754] INFO   : tgt_cardinalities_deciles=[np.int64(3), np.int64(3), np.int64(6), np.int64(8), np.int64(10), np.int64(10), np.int64(103), np.int64(103), np.int64(103), np.int64(103), np.int64(103)]
[2026-06-12 22:47:25,755] INFO   : trn_batch_size=4096, val_batch_size=4096
[2026-06-12 22:47:25,755] INFO   : trn_steps=994, val_steps=248
[2026-06-12 22:47:25,755] INFO   : batch_size=4096, gradient_accumulation_steps=1, initial_lr=np.float64(0.01131)
[2026-06-12 22:47:27,422] INFO   : {'epoch': 0.0, 'is_checkpoint': 0, 'steps': 1, 'samples': 4096, 'trn_loss': 25.8994, 'val_loss': None, 'total_time': 1.7, 'learn_rate': 0.01131, 'dp_eps': None, 'dp_delta': None}
[2026-06-12 22:47:44,688] INFO   : {'epoch': 5.0, 'is_checkpoint': 1, 'steps': 500, 'samples': 2040968, 'trn_loss': 20.2266, 'val_loss': 19.7616, 'total_time': 125.4, 'learn_rate': 0.01131, 'dp_eps': None, 'dp_delta': None}
[2026-06-12 22:48:07,793] INFO   : {'epoch': 6.0, 'is_checkpoint': 1, 'steps': 600, 'samples': 2448810, 'trn_loss': 20.1284, 'val_loss': 19.7083, 'total_time': 148.5, 'learn_rate': 0.01131, 'dp_eps': None, 'dp_delta': None}
[2026-06-12 22:48:30,655] INFO   : {'epoch': 7.0, 'is_checkpoint': 1, 'steps': 700, 'samples': 2856652, 'trn_loss': 20.0864, 'val_loss': 19.641, 'total_time': 171.3, 'learn_rate': 0.01131, 'dp_eps': None, 'dp_delta': None}
[2026-06-12 22:48:54,115] INFO   : {'epoch': 8.0, 'is_checkpoint': 1, 'steps': 800, 'samples': 3264494, 'trn_loss': 19.9979, 'val_loss': 19.6227, 'total_time': 194.8, 'learn_rate': 0.01131, 'dp_eps': None, 'dp_delta': None}
[2026-06-12 22:49:17,424] INFO   : {'epoch': 9.0, 'is_checkpoint': 1, 'steps': 900, 'samples': 3672336, 'trn_loss': 19.993, 'val_loss': 19.5864, 'total_time': 218.1, 'learn_rate': 0.01131, 'dp_eps': None, 'dp_delta': None}
[2026-06-12 22:49:40,244] INFO   : {'epoch': 10.0, 'is_checkpoint': 1, 'steps': 1000, 'samples': 4080178, 'trn_loss': 19.9809, 'val_loss': 19.5233, 'total_time': 240.9, 'learn_rate': 0.01131, 'dp_eps': None, 'dp_delta': None}
[2026-06-12 22:50:03,718] INFO   : {'epoch': 11.0, 'is_checkpoint': 1, 'steps': 1100, 'samples': 4488020, 'trn_loss': 19.9332, 'val_loss': 19.4851, 'total_time': 264.4, 'learn_rate': 0.01131, 'dp_eps': None, 'dp_delta': None}
[2026-06-12 22:50:27,239] INFO   : {'epoch': 12.0, 'is_checkpoint': 1, 'steps': 1200, 'samples': 4895862, 'trn_loss': 19.8942, 'val_loss': 19.4414, 'total_time': 287.9, 'learn_rate': 0.01131, 'dp_eps': None, 'dp_delta': None}
[2026-06-12 22:50:51,201] INFO   : {'epoch': 13.0, 'is_checkpoint': 1, 'steps': 1300, 'samples': 5303704, 'trn_loss': 19.8912, 'val_loss': 19.4344, 'total_time': 311.9, 'learn_rate': 0.01131, 'dp_eps': None, 'dp_delta': None}
[2026-06-12 22:51:15,247] INFO   : {'epoch': 14.0, 'is_checkpoint': 1, 'steps': 1400, 'samples': 5711546, 'trn_loss': 19.8156, 'val_loss': 19.4232, 'total_time': 335.9, 'learn_rate': 0.01131, 'dp_eps': None, 'dp_delta': None}
[2026-06-12 22:51:37,977] INFO   : {'epoch': 15.0, 'is_checkpoint': 0, 'steps': 1500, 'samples': 6119388, 'trn_loss': 19.8469, 'val_loss': 19.4496, 'total_time': 358.6, 'learn_rate': 0.01131, 'dp_eps': None, 'dp_delta': None}
[2026-06-12 22:51:43,011] INFO   : {'epoch': 1.0, 'is_checkpoint': 1, 'steps': 994, 'samples': 4071424, 'trn_loss': 20.4566, 'val_loss': 19.4625, 'total_time': 257.3, 'learn_rate': 0.01131, 'dp_eps': None, 'dp_delta': None}
[2026-06-12 22:52:01,224] INFO   : {'epoch': 16.0, 'is_checkpoint': 0, 'steps': 1600, 'samples': 6527230, 'trn_loss': 19.8086, 'val_loss': 19.4562, 'total_time': 381.9, 'learn_rate': 0.01131, 'dp_eps': None, 'dp_delta': None}
[2026-06-12 22:52:25,132] INFO   : {'epoch': 17.0, 'is_checkpoint': 1, 'steps': 1700, 'samples': 6935072, 'trn_loss': 19.8322, 'val_loss': 19.3756, 'total_time': 405.8, 'learn_rate': 0.01131, 'dp_eps': None, 'dp_delta': None}
[2026-06-12 22:52:48,024] INFO   : {'epoch': 18.0, 'is_checkpoint': 0, 'steps': 1800, 'samples': 7342914, 'trn_loss': 19.7908, 'val_loss': 19.394, 'total_time': 428.7, 'learn_rate': 0.01131, 'dp_eps': None, 'dp_delta': None}
[2026-06-12 22:53:12,732] INFO   : {'epoch': 19.0, 'is_checkpoint': 0, 'steps': 1900, 'samples': 7750756, 'trn_loss': 19.7511, 'val_loss': 19.3779, 'total_time': 453.4, 'learn_rate': 0.01131, 'dp_eps': None, 'dp_delta': None}
[2026-06-12 22:53:35,626] INFO   : {'epoch': 20.0, 'is_checkpoint': 0, 'steps': 2000, 'samples': 8158598, 'trn_loss': 19.7733, 'val_loss': 19.3953, 'total_time': 476.3, 'learn_rate': 0.01131, 'dp_eps': None, 'dp_delta': None}
[2026-06-12 22:53:58,880] INFO   : {'epoch': 21.0, 'is_checkpoint': 1, 'steps': 2100, 'samples': 8566440, 'trn_loss': 19.6949, 'val_loss': 19.283, 'total_time': 499.5, 'learn_rate': 0.005655, 'dp_eps': None, 'dp_delta': None}
[2026-06-12 22:54:22,507] INFO   : {'epoch': 22.0, 'is_checkpoint': 1, 'steps': 2200, 'samples': 8974282, 'trn_loss': 19.6347, 'val_loss': 19.2616, 'total_time': 523.2, 'learn_rate': 0.005655, 'dp_eps': None, 'dp_delta': None}
[2026-06-12 22:54:45,383] INFO   : {'epoch': 23.0, 'is_checkpoint': 0, 'steps': 2300, 'samples': 9382124, 'trn_loss': 19.6343, 'val_loss': 19.2747, 'total_time': 546.0, 'learn_rate': 0.005655, 'dp_eps': None, 'dp_delta': None}
[2026-06-12 22:55:08,584] INFO   : {'epoch': 24.0, 'is_checkpoint': 0, 'steps': 2400, 'samples': 9789966, 'trn_loss': 19.6612, 'val_loss': 19.3314, 'total_time': 569.3, 'learn_rate': 0.005655, 'dp_eps': None, 'dp_delta': None}
[2026-06-12 22:55:31,720] INFO   : {'epoch': 25.0, 'is_checkpoint': 1, 'steps': 2500, 'samples': 10197808, 'trn_loss': 19.6367, 'val_loss': 19.2419, 'total_time': 592.4, 'learn_rate': 0.005655, 'dp_eps': None, 'dp_delta': None}
[2026-06-12 22:55:54,735] INFO   : {'epoch': 26.0, 'is_checkpoint': 1, 'steps': 2600, 'samples': 10605650, 'trn_loss': 19.6594, 'val_loss': 19.2175, 'total_time': 615.4, 'learn_rate': 0.005655, 'dp_eps': None, 'dp_delta': None}
[2026-06-12 22:56:02,447] INFO   : {'epoch': 2.0, 'is_checkpoint': 1, 'steps': 1988, 'samples': 8139405, 'trn_loss': 19.7572, 'val_loss': 19.3295, 'total_time': 516.7, 'learn_rate': 0.01131, 'dp_eps': None, 'dp_delta': None}
[2026-06-12 22:56:17,423] INFO   : {'epoch': 27.0, 'is_checkpoint': 0, 'steps': 2700, 'samples': 11013492, 'trn_loss': 19.6294, 'val_loss': 19.2381, 'total_time': 638.1, 'learn_rate': 0.005655, 'dp_eps': None, 'dp_delta': None}
[2026-06-12 22:56:41,092] INFO   : {'epoch': 28.0, 'is_checkpoint': 0, 'steps': 2800, 'samples': 11421334, 'trn_loss': 19.6175, 'val_loss': 19.2326, 'total_time': 661.8, 'learn_rate': 0.005655, 'dp_eps': None, 'dp_delta': None}
[2026-06-12 22:57:05,346] INFO   : {'epoch': 29.0, 'is_checkpoint': 0, 'steps': 2900, 'samples': 11829176, 'trn_loss': 19.6267, 'val_loss': 19.236, 'total_time': 686.0, 'learn_rate': 0.005655, 'dp_eps': None, 'dp_delta': None}
[2026-06-12 22:57:29,378] INFO   : {'epoch': 30.0, 'is_checkpoint': 1, 'steps': 3000, 'samples': 12237018, 'trn_loss': 19.5828, 'val_loss': 19.1775, 'total_time': 710.0, 'learn_rate': 0.002828, 'dp_eps': None, 'dp_delta': None}
[2026-06-12 22:57:53,028] INFO   : {'epoch': 31.0, 'is_checkpoint': 1, 'steps': 3100, 'samples': 12644860, 'trn_loss': 19.5532, 'val_loss': 19.1634, 'total_time': 733.7, 'learn_rate': 0.002828, 'dp_eps': None, 'dp_delta': None}
[2026-06-12 22:58:16,033] INFO   : {'epoch': 32.0, 'is_checkpoint': 1, 'steps': 3200, 'samples': 13052702, 'trn_loss': 19.546, 'val_loss': 19.1593, 'total_time': 756.7, 'learn_rate': 0.002828, 'dp_eps': None, 'dp_delta': None}
[2026-06-12 22:58:39,312] INFO   : {'epoch': 33.0, 'is_checkpoint': 1, 'steps': 3300, 'samples': 13460544, 'trn_loss': 19.5541, 'val_loss': 19.128, 'total_time': 780.0, 'learn_rate': 0.002828, 'dp_eps': None, 'dp_delta': None}
[2026-06-12 22:59:02,567] INFO   : {'epoch': 34.0, 'is_checkpoint': 0, 'steps': 3400, 'samples': 13868386, 'trn_loss': 19.5758, 'val_loss': 19.1769, 'total_time': 803.2, 'learn_rate': 0.002828, 'dp_eps': None, 'dp_delta': None}
[2026-06-12 22:59:25,800] INFO   : {'epoch': 35.0, 'is_checkpoint': 1, 'steps': 3500, 'samples': 14276228, 'trn_loss': 19.519, 'val_loss': 19.1222, 'total_time': 826.5, 'learn_rate': 0.002828, 'dp_eps': None, 'dp_delta': None}
[2026-06-12 22:59:56,706] INFO   : {'epoch': 36.0, 'is_checkpoint': 0, 'steps': 3600, 'samples': 14684070, 'trn_loss': 19.563, 'val_loss': 19.1921, 'total_time': 857.4, 'learn_rate': 0.002828, 'dp_eps': None, 'dp_delta': None}
[2026-06-12 23:00:16,838] INFO   : {'epoch': 3.0, 'is_checkpoint': 1, 'steps': 2982, 'samples': 12207386, 'trn_loss': 19.6449, 'val_loss': 19.2075, 'total_time': 771.1, 'learn_rate': 0.01131, 'dp_eps': None, 'dp_delta': None}
[2026-06-12 23:00:20,930] INFO   : {'epoch': 37.0, 'is_checkpoint': 0, 'steps': 3700, 'samples': 15091912, 'trn_loss': 19.556, 'val_loss': 19.1832, 'total_time': 881.6, 'learn_rate': 0.002828, 'dp_eps': None, 'dp_delta': None}
[2026-06-12 23:00:43,966] INFO   : {'epoch': 38.0, 'is_checkpoint': 0, 'steps': 3800, 'samples': 15499754, 'trn_loss': 19.5523, 'val_loss': 19.1515, 'total_time': 904.6, 'learn_rate': 0.002828, 'dp_eps': None, 'dp_delta': None}
[2026-06-12 23:01:07,430] INFO   : {'epoch': 39.0, 'is_checkpoint': 0, 'steps': 3900, 'samples': 15907596, 'trn_loss': 19.5061, 'val_loss': 19.2121, 'total_time': 928.1, 'learn_rate': 0.001414, 'dp_eps': None, 'dp_delta': None}
[2026-06-12 23:01:30,256] INFO   : early stopping: val_loss stopped improving
[2026-06-12 23:01:30,256] INFO   : {'epoch': 40.0, 'is_checkpoint': 0, 'steps': 4000, 'samples': 16315438, 'trn_loss': 19.524, 'val_loss': 19.1241, 'total_time': 950.9, 'learn_rate': 0.001414, 'dp_eps': None, 'dp_delta': None}
[2026-06-12 23:01:30,415] INFO   : TRAIN_TABULAR finished in 951.55s
2026-06-12 23:01:31 [INFO] paysim — [fold=1] ✔ DONE  train_m2  (976.7s)
2026-06-12 23:01:31 [INFO] paysim — [fold=1] Waiting for M3 subprocess (pid=168329) …
[2026-06-12 23:04:21,442] INFO   : {'epoch': 4.0, 'is_checkpoint': 1, 'steps': 3976, 'samples': 16275367, 'trn_loss': 19.5988, 'val_loss': 19.171, 'total_time': 1015.7, 'learn_rate': 0.01131, 'dp_eps': None, 'dp_delta': None}
[2026-06-12 23:08:28,117] INFO   : {'epoch': 5.0, 'is_checkpoint': 1, 'steps': 4970, 'samples': 20343348, 'trn_loss': 19.5556, 'val_loss': 19.1369, 'total_time': 1262.4, 'learn_rate': 0.01131, 'dp_eps': None, 'dp_delta': None}
[2026-06-12 23:12:34,776] INFO   : {'epoch': 6.0, 'is_checkpoint': 1, 'steps': 5964, 'samples': 24411329, 'trn_loss': 19.5294, 'val_loss': 19.1314, 'total_time': 1509.0, 'learn_rate': 0.01131, 'dp_eps': None, 'dp_delta': None}
[2026-06-12 23:16:35,887] INFO   : {'epoch': 7.0, 'is_checkpoint': 1, 'steps': 6958, 'samples': 28479310, 'trn_loss': 19.5017, 'val_loss': 19.1097, 'total_time': 1750.1, 'learn_rate': 0.01131, 'dp_eps': None, 'dp_delta': None}
[2026-06-12 23:20:37,810] INFO   : {'epoch': 8.0, 'is_checkpoint': 1, 'steps': 7952, 'samples': 32547291, 'trn_loss': 19.489, 'val_loss': 19.0767, 'total_time': 1992.1, 'learn_rate': 0.01131, 'dp_eps': None, 'dp_delta': None}
[2026-06-12 23:24:38,412] INFO   : {'epoch': 9.0, 'is_checkpoint': 0, 'steps': 8946, 'samples': 36615272, 'trn_loss': 19.4704, 'val_loss': 19.0793, 'total_time': 2232.7, 'learn_rate': 0.01131, 'dp_eps': None, 'dp_delta': None}
[2026-06-12 23:28:38,340] INFO   : {'epoch': 10.0, 'is_checkpoint': 1, 'steps': 9940, 'samples': 40683253, 'trn_loss': 19.4582, 'val_loss': 19.0561, 'total_time': 2472.6, 'learn_rate': 0.01131, 'dp_eps': None, 'dp_delta': None}
[2026-06-12 23:32:41,076] INFO   : {'epoch': 11.0, 'is_checkpoint': 1, 'steps': 10934, 'samples': 44751234, 'trn_loss': 19.4467, 'val_loss': 19.051, 'total_time': 2715.3, 'learn_rate': 0.01131, 'dp_eps': None, 'dp_delta': None}
[2026-06-12 23:36:43,705] INFO   : {'epoch': 12.0, 'is_checkpoint': 0, 'steps': 11928, 'samples': 48819215, 'trn_loss': 19.4375, 'val_loss': 19.0514, 'total_time': 2957.9, 'learn_rate': 0.01131, 'dp_eps': None, 'dp_delta': None}
[2026-06-12 23:40:43,313] INFO   : {'epoch': 13.0, 'is_checkpoint': 1, 'steps': 12922, 'samples': 52887196, 'trn_loss': 19.4329, 'val_loss': 19.0423, 'total_time': 3197.6, 'learn_rate': 0.01131, 'dp_eps': None, 'dp_delta': None}
[2026-06-12 23:44:42,744] INFO   : {'epoch': 14.0, 'is_checkpoint': 0, 'steps': 13916, 'samples': 56955177, 'trn_loss': 19.4287, 'val_loss': 19.0423, 'total_time': 3437.0, 'learn_rate': 0.01131, 'dp_eps': None, 'dp_delta': None}
[2026-06-12 23:48:45,626] INFO   : {'epoch': 15.0, 'is_checkpoint': 1, 'steps': 14910, 'samples': 61023158, 'trn_loss': 19.4249, 'val_loss': 19.0088, 'total_time': 3679.9, 'learn_rate': 0.01131, 'dp_eps': None, 'dp_delta': None}
[2026-06-12 23:52:48,681] INFO   : {'epoch': 16.0, 'is_checkpoint': 0, 'steps': 15904, 'samples': 65091139, 'trn_loss': 19.4022, 'val_loss': 19.0193, 'total_time': 3922.9, 'learn_rate': 0.01131, 'dp_eps': None, 'dp_delta': None}
[2026-06-12 23:56:50,441] INFO   : {'epoch': 17.0, 'is_checkpoint': 0, 'steps': 16898, 'samples': 69159120, 'trn_loss': 19.4142, 'val_loss': 19.017, 'total_time': 4164.7, 'learn_rate': 0.01131, 'dp_eps': None, 'dp_delta': None}
[2026-06-13 00:00:48,809] INFO   : {'epoch': 18.0, 'is_checkpoint': 0, 'steps': 17892, 'samples': 73227101, 'trn_loss': 19.405, 'val_loss': 19.0202, 'total_time': 4403.1, 'learn_rate': 0.01131, 'dp_eps': None, 'dp_delta': None}
[2026-06-13 00:04:45,797] INFO   : {'epoch': 19.0, 'is_checkpoint': 1, 'steps': 18886, 'samples': 77295082, 'trn_loss': 19.3086, 'val_loss': 18.9422, 'total_time': 4640.0, 'learn_rate': 0.005655, 'dp_eps': None, 'dp_delta': None}
[2026-06-13 00:08:42,658] INFO   : {'epoch': 20.0, 'is_checkpoint': 0, 'steps': 19880, 'samples': 81363063, 'trn_loss': 19.3076, 'val_loss': 18.9611, 'total_time': 4876.9, 'learn_rate': 0.005655, 'dp_eps': None, 'dp_delta': None}
[2026-06-13 00:12:39,498] INFO   : {'epoch': 21.0, 'is_checkpoint': 0, 'steps': 20874, 'samples': 85431044, 'trn_loss': 19.3168, 'val_loss': 18.9476, 'total_time': 5113.7, 'learn_rate': 0.005655, 'dp_eps': None, 'dp_delta': None}
[2026-06-13 00:16:53,276] INFO   : {'epoch': 22.0, 'is_checkpoint': 0, 'steps': 21868, 'samples': 89499025, 'trn_loss': 19.3116, 'val_loss': 18.9526, 'total_time': 5367.5, 'learn_rate': 0.005655, 'dp_eps': None, 'dp_delta': None}
[2026-06-13 00:20:49,498] INFO   : {'epoch': 23.0, 'is_checkpoint': 1, 'steps': 22862, 'samples': 93567006, 'trn_loss': 19.2666, 'val_loss': 18.9009, 'total_time': 5603.7, 'learn_rate': 0.002828, 'dp_eps': None, 'dp_delta': None}
[2026-06-13 00:24:45,417] INFO   : {'epoch': 24.0, 'is_checkpoint': 0, 'steps': 23856, 'samples': 97634987, 'trn_loss': 19.2547, 'val_loss': 18.9035, 'total_time': 5839.7, 'learn_rate': 0.002828, 'dp_eps': None, 'dp_delta': None}
[2026-06-13 00:28:52,443] INFO   : {'epoch': 25.0, 'is_checkpoint': 1, 'steps': 24850, 'samples': 101702968, 'trn_loss': 19.26, 'val_loss': 18.8921, 'total_time': 6086.7, 'learn_rate': 0.002828, 'dp_eps': None, 'dp_delta': None}
[2026-06-13 00:32:52,255] INFO   : {'epoch': 26.0, 'is_checkpoint': 0, 'steps': 25844, 'samples': 105770949, 'trn_loss': 19.2546, 'val_loss': 18.9066, 'total_time': 6326.5, 'learn_rate': 0.002828, 'dp_eps': None, 'dp_delta': None}
[2026-06-13 00:36:52,741] INFO   : {'epoch': 27.0, 'is_checkpoint': 0, 'steps': 26838, 'samples': 109838930, 'trn_loss': 19.2538, 'val_loss': 18.8999, 'total_time': 6567.0, 'learn_rate': 0.002828, 'dp_eps': None, 'dp_delta': None}
[2026-06-13 00:39:50,912] INFO   : {'epoch': 28.0, 'is_checkpoint': 0, 'steps': 27832, 'samples': 113906911, 'trn_loss': 19.2528, 'val_loss': 18.894, 'total_time': 6745.2, 'learn_rate': 0.002828, 'dp_eps': None, 'dp_delta': None}
[2026-06-13 00:42:51,760] INFO   : {'epoch': 29.0, 'is_checkpoint': 1, 'steps': 28826, 'samples': 117974892, 'trn_loss': 19.2391, 'val_loss': 18.8872, 'total_time': 6926.0, 'learn_rate': 0.001414, 'dp_eps': None, 'dp_delta': None}
[2026-06-13 00:46:03,272] INFO   : {'epoch': 30.0, 'is_checkpoint': 1, 'steps': 29820, 'samples': 122042873, 'trn_loss': 19.2203, 'val_loss': 18.8782, 'total_time': 7117.5, 'learn_rate': 0.001414, 'dp_eps': None, 'dp_delta': None}
[2026-06-13 00:49:13,273] INFO   : {'epoch': 31.0, 'is_checkpoint': 1, 'steps': 30814, 'samples': 126110854, 'trn_loss': 19.216, 'val_loss': 18.8747, 'total_time': 7307.5, 'learn_rate': 0.001414, 'dp_eps': None, 'dp_delta': None}
[2026-06-13 00:52:15,477] INFO   : {'epoch': 32.0, 'is_checkpoint': 0, 'steps': 31808, 'samples': 130178835, 'trn_loss': 19.2196, 'val_loss': 18.8973, 'total_time': 7489.7, 'learn_rate': 0.001414, 'dp_eps': None, 'dp_delta': None}
[2026-06-13 00:55:17,997] INFO   : {'epoch': 33.0, 'is_checkpoint': 1, 'steps': 32802, 'samples': 134246816, 'trn_loss': 19.2254, 'val_loss': 18.8719, 'total_time': 7672.2, 'learn_rate': 0.001414, 'dp_eps': None, 'dp_delta': None}
[2026-06-13 00:58:23,176] INFO   : {'epoch': 34.0, 'is_checkpoint': 0, 'steps': 33796, 'samples': 138314797, 'trn_loss': 19.2183, 'val_loss': 18.8786, 'total_time': 7857.4, 'learn_rate': 0.001414, 'dp_eps': None, 'dp_delta': None}
[2026-06-13 01:01:30,117] INFO   : {'epoch': 35.0, 'is_checkpoint': 0, 'steps': 34790, 'samples': 142382778, 'trn_loss': 19.2142, 'val_loss': 18.8828, 'total_time': 8044.4, 'learn_rate': 0.001414, 'dp_eps': None, 'dp_delta': None}
[2026-06-13 01:04:44,562] INFO   : {'epoch': 36.0, 'is_checkpoint': 1, 'steps': 35784, 'samples': 146450759, 'trn_loss': 19.2165, 'val_loss': 18.8663, 'total_time': 8238.8, 'learn_rate': 0.001414, 'dp_eps': None, 'dp_delta': None}
[2026-06-13 01:07:50,944] INFO   : {'epoch': 37.0, 'is_checkpoint': 0, 'steps': 36778, 'samples': 150518740, 'trn_loss': 19.22, 'val_loss': 18.8867, 'total_time': 8425.2, 'learn_rate': 0.001414, 'dp_eps': None, 'dp_delta': None}
[2026-06-13 01:10:53,385] INFO   : {'epoch': 38.0, 'is_checkpoint': 1, 'steps': 37772, 'samples': 154586721, 'trn_loss': 19.2103, 'val_loss': 18.8584, 'total_time': 8607.6, 'learn_rate': 0.001414, 'dp_eps': None, 'dp_delta': None}
[2026-06-13 01:13:49,183] INFO   : {'epoch': 39.0, 'is_checkpoint': 0, 'steps': 38766, 'samples': 158654702, 'trn_loss': 19.209, 'val_loss': 18.8916, 'total_time': 8783.4, 'learn_rate': 0.001414, 'dp_eps': None, 'dp_delta': None}
[2026-06-13 01:16:53,687] INFO   : {'epoch': 40.0, 'is_checkpoint': 0, 'steps': 39760, 'samples': 162722683, 'trn_loss': 19.2152, 'val_loss': 18.9073, 'total_time': 8967.9, 'learn_rate': 0.001414, 'dp_eps': None, 'dp_delta': None}
[2026-06-13 01:20:07,368] INFO   : {'epoch': 41.0, 'is_checkpoint': 0, 'steps': 40754, 'samples': 166790664, 'trn_loss': 19.2172, 'val_loss': 18.869, 'total_time': 9161.6, 'learn_rate': 0.001414, 'dp_eps': None, 'dp_delta': None}
[2026-06-13 01:23:22,274] INFO   : {'epoch': 42.0, 'is_checkpoint': 0, 'steps': 41748, 'samples': 170858645, 'trn_loss': 19.2042, 'val_loss': 18.8745, 'total_time': 9356.5, 'learn_rate': 0.001131, 'dp_eps': None, 'dp_delta': None}
[2026-06-13 01:26:36,234] INFO   : early stopping: val_loss stopped improving
[2026-06-13 01:26:36,236] INFO   : {'epoch': 43.0, 'is_checkpoint': 0, 'steps': 42742, 'samples': 174926626, 'trn_loss': 19.2004, 'val_loss': 18.869, 'total_time': 9550.5, 'learn_rate': 0.001131, 'dp_eps': None, 'dp_delta': None}
[2026-06-13 01:26:37,468] INFO   : TRAIN_TABULAR finished in 9553.20s
2026-06-13 01:26:39 [INFO] paysim — [fold=1] M3 training done
2026-06-13 01:26:39 [INFO] paysim — [fold=1] ✔ DONE  train_all_argns  (9783.9s)
2026-06-13 01:26:39 [INFO] paysim — [fold=1] ▶ START generate_all_pools
2026-06-13 01:26:39 [INFO] paysim — [fold=1] ▶ START generate_m1
2026-06-13 01:26:40 [INFO] paysim — [fold=1] M1 pool saved: 20,000 fraud rows → /shared/paysim-sarmad/synthetic/fold_1/pool_m1.csv
2026-06-13 01:26:40 [INFO] paysim — [fold=1] ✔ DONE  generate_m1  (0.5s)
2026-06-13 01:26:40 [INFO] paysim — [fold=1] ▶ START generate_m2
2026-06-13 01:26:41 [INFO] paysim — [fold=1] M2 pool: 238/20000 fraud rows (round 1)
2026-06-13 01:26:41 [INFO] paysim — [fold=1] M2 pool: 495/20000 fraud rows (round 2)
2026-06-13 01:26:42 [INFO] paysim — [fold=1] M2 pool: 760/20000 fraud rows (round 3)
2026-06-13 01:26:42 [INFO] paysim — [fold=1] M2 pool: 1021/20000 fraud rows (round 4)
2026-06-13 01:26:43 [INFO] paysim — [fold=1] M2 pool: 1272/20000 fraud rows (round 5)
2026-06-13 01:26:44 [INFO] paysim — [fold=1] M2 pool: 1536/20000 fraud rows (round 6)
2026-06-13 01:26:44 [INFO] paysim — [fold=1] M2 pool: 1788/20000 fraud rows (round 7)
2026-06-13 01:26:45 [INFO] paysim — [fold=1] M2 pool: 2051/20000 fraud rows (round 8)
2026-06-13 01:26:46 [INFO] paysim — [fold=1] M2 pool: 2286/20000 fraud rows (round 9)
2026-06-13 01:26:46 [INFO] paysim — [fold=1] M2 pool: 2522/20000 fraud rows (round 10)
2026-06-13 01:26:47 [INFO] paysim — [fold=1] M2 pool: 2816/20000 fraud rows (round 11)
2026-06-13 01:26:48 [INFO] paysim — [fold=1] M2 pool: 3056/20000 fraud rows (round 12)
2026-06-13 01:26:48 [INFO] paysim — [fold=1] M2 pool: 3308/20000 fraud rows (round 13)
2026-06-13 01:26:49 [INFO] paysim — [fold=1] M2 pool: 3585/20000 fraud rows (round 14)
2026-06-13 01:26:50 [INFO] paysim — [fold=1] M2 pool: 3855/20000 fraud rows (round 15)
2026-06-13 01:26:50 [INFO] paysim — [fold=1] M2 pool: 4084/20000 fraud rows (round 16)
2026-06-13 01:26:51 [INFO] paysim — [fold=1] M2 pool: 4347/20000 fraud rows (round 17)
2026-06-13 01:26:51 [INFO] paysim — [fold=1] M2 pool: 4606/20000 fraud rows (round 18)
2026-06-13 01:26:52 [INFO] paysim — [fold=1] M2 pool: 4856/20000 fraud rows (round 19)
2026-06-13 01:26:53 [INFO] paysim — [fold=1] M2 pool: 5103/20000 fraud rows (round 20)
2026-06-13 01:26:53 [INFO] paysim — [fold=1] M2 pool: 5348/20000 fraud rows (round 21)
2026-06-13 01:26:54 [INFO] paysim — [fold=1] M2 pool: 5599/20000 fraud rows (round 22)
2026-06-13 01:26:55 [INFO] paysim — [fold=1] M2 pool: 5856/20000 fraud rows (round 23)
2026-06-13 01:26:55 [INFO] paysim — [fold=1] M2 pool: 6122/20000 fraud rows (round 24)
2026-06-13 01:26:56 [INFO] paysim — [fold=1] M2 pool: 6394/20000 fraud rows (round 25)
2026-06-13 01:26:56 [INFO] paysim — [fold=1] M2 pool: 6651/20000 fraud rows (round 26)
2026-06-13 01:26:57 [INFO] paysim — [fold=1] M2 pool: 6914/20000 fraud rows (round 27)
2026-06-13 01:26:58 [INFO] paysim — [fold=1] M2 pool: 7164/20000 fraud rows (round 28)
2026-06-13 01:26:58 [INFO] paysim — [fold=1] M2 pool: 7421/20000 fraud rows (round 29)
2026-06-13 01:26:59 [INFO] paysim — [fold=1] M2 pool: 7674/20000 fraud rows (round 30)
2026-06-13 01:27:00 [INFO] paysim — [fold=1] M2 pool: 7941/20000 fraud rows (round 31)
2026-06-13 01:27:00 [INFO] paysim — [fold=1] M2 pool: 8187/20000 fraud rows (round 32)
2026-06-13 01:27:01 [INFO] paysim — [fold=1] M2 pool: 8421/20000 fraud rows (round 33)
2026-06-13 01:27:02 [INFO] paysim — [fold=1] M2 pool: 8720/20000 fraud rows (round 34)
2026-06-13 01:27:02 [INFO] paysim — [fold=1] M2 pool: 9000/20000 fraud rows (round 35)
2026-06-13 01:27:03 [INFO] paysim — [fold=1] M2 pool: 9262/20000 fraud rows (round 36)
2026-06-13 01:27:04 [INFO] paysim — [fold=1] M2 pool: 9518/20000 fraud rows (round 37)
2026-06-13 01:27:04 [INFO] paysim — [fold=1] M2 pool: 9770/20000 fraud rows (round 38)
2026-06-13 01:27:05 [INFO] paysim — [fold=1] M2 pool: 10035/20000 fraud rows (round 39)
2026-06-13 01:27:06 [INFO] paysim — [fold=1] M2 pool: 10302/20000 fraud rows (round 40)
2026-06-13 01:27:06 [INFO] paysim — [fold=1] M2 pool: 10536/20000 fraud rows (round 41)
2026-06-13 01:27:07 [INFO] paysim — [fold=1] M2 pool: 10807/20000 fraud rows (round 42)
2026-06-13 01:27:08 [INFO] paysim — [fold=1] M2 pool: 11060/20000 fraud rows (round 43)
2026-06-13 01:27:08 [INFO] paysim — [fold=1] M2 pool: 11319/20000 fraud rows (round 44)
2026-06-13 01:27:09 [INFO] paysim — [fold=1] M2 pool: 11542/20000 fraud rows (round 45)
2026-06-13 01:27:09 [INFO] paysim — [fold=1] M2 pool: 11809/20000 fraud rows (round 46)
2026-06-13 01:27:10 [INFO] paysim — [fold=1] M2 pool: 12082/20000 fraud rows (round 47)
2026-06-13 01:27:11 [INFO] paysim — [fold=1] M2 pool: 12341/20000 fraud rows (round 48)
2026-06-13 01:27:12 [INFO] paysim — [fold=1] M2 pool: 12591/20000 fraud rows (round 49)
2026-06-13 01:27:12 [INFO] paysim — [fold=1] M2 pool: 12857/20000 fraud rows (round 50)
2026-06-13 01:27:13 [INFO] paysim — [fold=1] M2 pool: 13113/20000 fraud rows (round 51)
2026-06-13 01:27:13 [INFO] paysim — [fold=1] M2 pool: 13373/20000 fraud rows (round 52)
2026-06-13 01:27:14 [INFO] paysim — [fold=1] M2 pool: 13661/20000 fraud rows (round 53)
2026-06-13 01:27:15 [INFO] paysim — [fold=1] M2 pool: 13917/20000 fraud rows (round 54)
2026-06-13 01:27:15 [INFO] paysim — [fold=1] M2 pool: 14201/20000 fraud rows (round 55)
2026-06-13 01:27:16 [INFO] paysim — [fold=1] M2 pool: 14451/20000 fraud rows (round 56)
2026-06-13 01:27:17 [INFO] paysim — [fold=1] M2 pool: 14714/20000 fraud rows (round 57)
2026-06-13 01:27:17 [INFO] paysim — [fold=1] M2 pool: 14984/20000 fraud rows (round 58)
2026-06-13 01:27:18 [INFO] paysim — [fold=1] M2 pool: 15236/20000 fraud rows (round 59)
2026-06-13 01:27:18 [INFO] paysim — [fold=1] M2 pool: 15463/20000 fraud rows (round 60)
2026-06-13 01:27:19 [INFO] paysim — [fold=1] M2 pool: 15738/20000 fraud rows (round 61)
2026-06-13 01:27:20 [INFO] paysim — [fold=1] M2 pool: 15997/20000 fraud rows (round 62)
2026-06-13 01:27:20 [INFO] paysim — [fold=1] M2 pool: 16276/20000 fraud rows (round 63)
2026-06-13 01:27:21 [INFO] paysim — [fold=1] M2 pool: 16535/20000 fraud rows (round 64)
2026-06-13 01:27:22 [INFO] paysim — [fold=1] M2 pool: 16792/20000 fraud rows (round 65)
2026-06-13 01:27:22 [INFO] paysim — [fold=1] M2 pool: 17058/20000 fraud rows (round 66)
2026-06-13 01:27:23 [INFO] paysim — [fold=1] M2 pool: 17340/20000 fraud rows (round 67)
2026-06-13 01:27:24 [INFO] paysim — [fold=1] M2 pool: 17595/20000 fraud rows (round 68)
2026-06-13 01:27:24 [INFO] paysim — [fold=1] M2 pool: 17851/20000 fraud rows (round 69)
2026-06-13 01:27:25 [INFO] paysim — [fold=1] M2 pool: 18086/20000 fraud rows (round 70)
2026-06-13 01:27:26 [INFO] paysim — [fold=1] M2 pool: 18345/20000 fraud rows (round 71)
2026-06-13 01:27:26 [INFO] paysim — [fold=1] M2 pool: 18622/20000 fraud rows (round 72)
2026-06-13 01:27:27 [INFO] paysim — [fold=1] M2 pool: 18907/20000 fraud rows (round 73)
2026-06-13 01:27:27 [INFO] paysim — [fold=1] M2 pool: 19158/20000 fraud rows (round 74)
2026-06-13 01:27:28 [INFO] paysim — [fold=1] M2 pool: 19400/20000 fraud rows (round 75)
2026-06-13 01:27:29 [INFO] paysim — [fold=1] M2 pool: 19619/20000 fraud rows (round 76)
2026-06-13 01:27:29 [INFO] paysim — [fold=1] M2 pool: 19869/20000 fraud rows (round 77)
2026-06-13 01:27:30 [INFO] paysim — [fold=1] M2 pool: 20129/20000 fraud rows (round 78)
2026-06-13 01:27:30 [INFO] paysim — [fold=1] M2 pool saved: 20,000 fraud rows → /shared/paysim-sarmad/synthetic/fold_1/pool_m2.csv
2026-06-13 01:27:30 [INFO] paysim — [fold=1] ✔ DONE  generate_m2  (50.0s)
2026-06-13 01:27:30 [INFO] paysim — [fold=1] ▶ START generate_m3
2026-06-13 01:27:32 [INFO] paysim — [fold=1] M3 pool saved: 157 fraud rows → /shared/paysim-sarmad/synthetic/fold_1/pool_m3.csv
2026-06-13 01:27:32 [INFO] paysim — [fold=1] ✔ DONE  generate_m3  (1.6s)
2026-06-13 01:27:32 [INFO] paysim — [fold=1] ✔ DONE  generate_all_pools  (52.3s)
2026-06-13 01:27:32 [INFO] paysim — [fold=1] TOTAL elapsed: 9856.1s  (2.74h)
2026-06-13 01:27:32 [INFO] paysim — [fold=1] stop_after_generation=True — skipping baseline_eval + optuna_studies
2026-06-13 01:27:32 [INFO] paysim — [fold=1] Combined fraud pool exported: 40157 rows → /shared/paysim-sarmad/synthetic/for_classifier/split_1.csv
2026-06-13 01:27:32 [INFO] paysim — [fold=1] Results saved → /shared/paysim-sarmad/results/fold_1_results.json
2026/06/13 01:27:32 INFO mlflow.tracking.fluent: Experiment with name 'paysim-fold-2' does not exist. Creating a new experiment.
2026-06-13 01:27:32 [INFO] paysim — ============================================================
2026-06-13 01:27:32 [INFO] paysim — FOLD 2 — pipeline start
2026-06-13 01:27:32 [INFO] paysim — ============================================================
2026-06-13 01:27:32 [INFO] paysim — [fold=2] ▶ START load_data
2026-06-13 01:27:44 [INFO] paysim — train: 5,090,096 rows | fraud=6,570 (0.129%)
2026-06-13 01:27:44 [INFO] paysim — test: 1,272,524 rows | fraud=1,643 (0.129%)
2026-06-13 01:27:44 [INFO] paysim — [fold=2] ✔ DONE  load_data  (11.1s)
2026-06-13 01:27:47 [INFO] paysim — train_argn (holdout reserved, unused): 4,072,076 rows | fraud=5,256 (0.129%)
2026-06-13 01:27:47 [INFO] paysim — holdout (reserved, unused): 1,018,020 rows | fraud=1,314 (0.129%)
2026-06-13 01:27:49 [INFO] paysim — M1: 6,570 rows | fraud=6,570 (100.000%)
2026-06-13 01:27:49 [INFO] paysim — M2: 514,923 rows | fraud=6,570 (1.276%)
2026-06-13 01:27:49 [INFO] paysim — M3: 5,090,096 rows | fraud=6,570 (0.129%)
2026-06-13 01:27:49 [INFO] paysim — [fold=2] ▶ START train_all_argns
2026-06-13 01:27:51 [INFO] paysim — [fold=2] Launching M3 on cuda:1 (subprocess)
2026-06-13 01:27:51 [INFO] paysim — [fold=2] ▶ START train_m1
[2026-06-13 01:27:51,516] INFO   : SPLIT started
[2026-06-13 01:27:51,517] INFO   : create `/shared/paysim-sarmad/models/fold_2/m1/OriginalData/tgt-data`
[2026-06-13 01:27:51,517] INFO   : create `/shared/paysim-sarmad/models/fold_2/m1/OriginalData/tgt-meta`
[2026-06-13 01:27:51,517] INFO   : model_type='TABULAR'
[2026-06-13 01:27:51,517] INFO   : tgt_encoding_types={'step': 'TABULAR_NUMERIC_AUTO', 'type': 'TABULAR_CATEGORICAL', 'amount': 'TABULAR_NUMERIC_AUTO', 'oldbalanceOrg': 'TABULAR_NUMERIC_AUTO', 'newbalanceOrig': 'TABULAR_NUMERIC_AUTO', 'oldbalanceDest': 'TABULAR_NUMERIC_AUTO', 'newbalanceDest': 'TABULAR_NUMERIC_AUTO', 'isFraud': 'TABULAR_NUMERIC_AUTO', 'isFlaggedFraud': 'TABULAR_NUMERIC_AUTO'}
[2026-06-13 01:27:51,530] INFO   : SPLIT finished in 0.01s
[2026-06-13 01:27:51,530] INFO   : ANALYZE started
[2026-06-13 01:27:51,530] INFO   : create `/shared/paysim-sarmad/models/fold_2/m1/ModelStore/tgt-stats`
[2026-06-13 01:27:51,530] INFO   : analyzing 2 partitions in parallel
[2026-06-13 01:27:58,013] INFO   : analyzed target partition 000000-trn (5256, 9)
2026-06-13 01:27:58 [INFO] mostlyai.engine._common — running on Python (3.11.15)
[2026-06-13 01:27:59,327] INFO   : SPLIT started
[2026-06-13 01:27:59,327] INFO   : create `/shared/paysim-sarmad/models/fold_2/m3/OriginalData/tgt-data`
[2026-06-13 01:27:59,327] INFO   : create `/shared/paysim-sarmad/models/fold_2/m3/OriginalData/tgt-meta`
[2026-06-13 01:27:59,328] INFO   : model_type='TABULAR'
[2026-06-13 01:27:59,328] INFO   : tgt_encoding_types={'step': 'TABULAR_NUMERIC_AUTO', 'type': 'TABULAR_CATEGORICAL', 'amount': 'TABULAR_NUMERIC_AUTO', 'oldbalanceOrg': 'TABULAR_NUMERIC_AUTO', 'newbalanceOrig': 'TABULAR_NUMERIC_AUTO', 'oldbalanceDest': 'TABULAR_NUMERIC_AUTO', 'newbalanceDest': 'TABULAR_NUMERIC_AUTO', 'isFraud': 'TABULAR_NUMERIC_AUTO', 'isFlaggedFraud': 'TABULAR_NUMERIC_AUTO'}
[2026-06-13 01:28:03,799] INFO   : SPLIT finished in 4.47s
[2026-06-13 01:28:03,841] INFO   : ANALYZE started
[2026-06-13 01:28:03,841] INFO   : create `/shared/paysim-sarmad/models/fold_2/m3/ModelStore/tgt-stats`
[2026-06-13 01:28:03,841] INFO   : analyzing 2 partitions in parallel
[2026-06-13 01:28:04,021] INFO   : analyzed target partition 000000-val (1314, 9)
[2026-06-13 01:28:04,021] INFO   : combine partition statistics
[2026-06-13 01:28:04,029] INFO   : value_protection = True
[2026-06-13 01:28:04,029] INFO   : analyzed column `step`: TABULAR_NUMERIC_DIGIT {'E2': 8, 'E1': 10, 'E0': 10}
[2026-06-13 01:28:04,029] INFO   : analyzed column `type`: TABULAR_CATEGORICAL {'cat': 3}
[2026-06-13 01:28:04,031] INFO   : analyzed column `amount`: TABULAR_NUMERIC_BINNED {'bin': 103}
[2026-06-13 01:28:04,032] INFO   : analyzed column `oldbalanceOrg`: TABULAR_NUMERIC_BINNED {'bin': 103}
[2026-06-13 01:28:04,032] INFO   : analyzed column `newbalanceOrig`: TABULAR_NUMERIC_BINNED {'bin': 42}
[2026-06-13 01:28:04,036] INFO   : analyzed column `oldbalanceDest`: TABULAR_NUMERIC_BINNED {'bin': 103}
[2026-06-13 01:28:04,039] INFO   : analyzed column `newbalanceDest`: TABULAR_NUMERIC_BINNED {'bin': 103}
[2026-06-13 01:28:04,039] INFO   : analyzed column `isFraud`: TABULAR_NUMERIC_DISCRETE {'cat': 2}
[2026-06-13 01:28:04,040] INFO   : analyzed column `isFlaggedFraud`: TABULAR_NUMERIC_DISCRETE {'cat': 3}
[2026-06-13 01:28:04,040] INFO   : analyzed 6,570 records: 5,256 training / 1,314 validation
[2026-06-13 01:28:04,040] INFO   : is_sequential: False
[2026-06-13 01:28:04,040] INFO   : write statistics to `/shared/paysim-sarmad/models/fold_2/m1/ModelStore/tgt-stats/stats.json`
[2026-06-13 01:28:04,042] INFO   : ANALYZE finished in 12.51s
[2026-06-13 01:28:04,042] INFO   : ENCODE_TABULAR started
[2026-06-13 01:28:04,043] INFO   : create `/shared/paysim-sarmad/models/fold_2/m1/OriginalData/encoded-data`
[2026-06-13 01:28:04,043] INFO   : clean `/shared/paysim-sarmad/models/fold_2/m1/OriginalData/encoded-data`
[2026-06-13 01:28:04,043] INFO   : clean `/shared/paysim-sarmad/models/fold_2/m1/OriginalData/encoded-data`
[2026-06-13 01:28:04,092] INFO   : encoded partition part.000000-trn.parquet (5256, 11)
[2026-06-13 01:28:04,120] INFO   : encoded partition part.000000-val.parquet (1314, 11)
[2026-06-13 01:28:04,120] INFO   : ENCODE_TABULAR finished in 0.08s
[2026-06-13 01:28:04,121] INFO   : TRAIN_TABULAR started
[2026-06-13 01:28:04,126] INFO   : numpy=2.4.4, pandas=2.3.3
[2026-06-13 01:28:04,127] INFO   : torch=2.5.1+cu121, opacus=1.4.0
[2026-06-13 01:28:04,127] INFO   : device=device(type='cuda', index=0)
[2026-06-13 01:28:04,128] INFO   : is_sequential=False
[2026-06-13 01:28:04,128] INFO   : max_training_time=864000.0s
[2026-06-13 01:28:04,128] INFO   : max_epochs=50
[2026-06-13 01:28:04,128] INFO   : model_size=<ModelSize.M: 'M'>
[2026-06-13 01:28:04,128] INFO   : enable_flexible_generation=True
[2026-06-13 01:28:04,128] INFO   : with_dp=False
[2026-06-13 01:28:04,128] INFO   : model_state_strategy=<ModelStateStrategy.reset: 'RESET'>
[2026-06-13 01:28:04,128] INFO   : max_sequence_window=np.int64(1)
[2026-06-13 01:28:04,133] INFO   : create training model
[2026-06-13 01:28:04,137] INFO   : initializing predictor bias with empirical log probabilities
[2026-06-13 01:28:04,139] INFO   : model class: FlatModel
[2026-06-13 01:28:04,139] INFO   : model weights not found; change strategy from ModelStateStrategy.reset to RESET
[2026-06-13 01:28:04,139] INFO   : model_state_strategy=<ModelStateStrategy.reset: 'RESET'>
[2026-06-13 01:28:04,139] INFO   : remove existing checkpoint files
[2026-06-13 01:28:04,139] INFO   : start training progress from epoch=0.0, steps=0
[2026-06-13 01:28:04,140] INFO   : no_of_model_params=np.int64(93804)
2026-06-13 01:28:04 [INFO] httpx — HTTP Request: HEAD https://s3.amazonaws.com/datasets.huggingface.co/datasets/datasets/parquet/parquet.py "HTTP/1.1 404 Not Found"
2026-06-13 01:28:04 [INFO] httpx — HTTP Request: HEAD https://s3.amazonaws.com/datasets.huggingface.co/datasets/datasets/parquet/parquet.py "HTTP/1.1 404 Not Found"
[2026-06-13 01:28:04,513] INFO   : trn_cnt=5256, val_cnt=1314
[2026-06-13 01:28:04,513] INFO   : len(tgt_sub_columns)=11, len(ctxflt_sub_columns)=0, len(ctxseq_sub_columns)=0
[2026-06-13 01:28:04,513] INFO   : tgt_cardinalities_deciles=[np.int64(2), np.int64(3), np.int64(3), np.int64(8), np.int64(10), np.int64(10), np.int64(42), np.int64(103), np.int64(103), np.int64(103), np.int64(103)]
[2026-06-13 01:28:04,514] INFO   : trn_batch_size=64, val_batch_size=64
[2026-06-13 01:28:04,514] INFO   : trn_steps=82, val_steps=20
[2026-06-13 01:28:04,514] INFO   : batch_size=64, gradient_accumulation_steps=1, initial_lr=np.float64(0.00141)
[2026-06-13 01:28:04,575] INFO   : {'epoch': 0.01, 'is_checkpoint': 0, 'steps': 1, 'samples': 64, 'trn_loss': 21.6556, 'val_loss': None, 'total_time': 0.1, 'learn_rate': 0.00141, 'dp_eps': None, 'dp_delta': None}
[2026-06-13 01:28:06,031] INFO   : {'epoch': 1.0, 'is_checkpoint': 1, 'steps': 82, 'samples': 5248, 'trn_loss': 21.6027, 'val_loss': 21.2872, 'total_time': 1.5, 'learn_rate': 0.00141, 'dp_eps': None, 'dp_delta': None}
[2026-06-13 01:28:07,318] INFO   : {'epoch': 2.0, 'is_checkpoint': 1, 'steps': 164, 'samples': 10440, 'trn_loss': 20.7974, 'val_loss': 20.6887, 'total_time': 2.8, 'learn_rate': 0.00141, 'dp_eps': None, 'dp_delta': None}
[2026-06-13 01:28:08,707] INFO   : {'epoch': 3.0, 'is_checkpoint': 1, 'steps': 246, 'samples': 15632, 'trn_loss': 20.0189, 'val_loss': 19.8352, 'total_time': 4.2, 'learn_rate': 0.00141, 'dp_eps': None, 'dp_delta': None}
[2026-06-13 01:28:10,140] INFO   : {'epoch': 4.0, 'is_checkpoint': 1, 'steps': 328, 'samples': 20824, 'trn_loss': 19.1948, 'val_loss': 19.0379, 'total_time': 5.6, 'learn_rate': 0.00141, 'dp_eps': None, 'dp_delta': None}
[2026-06-13 01:28:11,601] INFO   : {'epoch': 5.0, 'is_checkpoint': 1, 'steps': 410, 'samples': 26016, 'trn_loss': 18.5758, 'val_loss': 18.4482, 'total_time': 7.1, 'learn_rate': 0.00141, 'dp_eps': None, 'dp_delta': None}
[2026-06-13 01:28:12,795] INFO   : {'epoch': 6.0, 'is_checkpoint': 1, 'steps': 492, 'samples': 31208, 'trn_loss': 18.083, 'val_loss': 18.102, 'total_time': 8.3, 'learn_rate': 0.00141, 'dp_eps': None, 'dp_delta': None}
[2026-06-13 01:28:14,037] INFO   : {'epoch': 7.0, 'is_checkpoint': 1, 'steps': 574, 'samples': 36400, 'trn_loss': 17.8148, 'val_loss': 17.8447, 'total_time': 9.5, 'learn_rate': 0.00141, 'dp_eps': None, 'dp_delta': None}
[2026-06-13 01:28:15,230] INFO   : {'epoch': 8.0, 'is_checkpoint': 1, 'steps': 656, 'samples': 41592, 'trn_loss': 17.5728, 'val_loss': 17.6189, 'total_time': 10.7, 'learn_rate': 0.00141, 'dp_eps': None, 'dp_delta': None}
[2026-06-13 01:28:16,421] INFO   : {'epoch': 9.0, 'is_checkpoint': 1, 'steps': 738, 'samples': 46784, 'trn_loss': 17.3672, 'val_loss': 17.4832, 'total_time': 11.9, 'learn_rate': 0.00141, 'dp_eps': None, 'dp_delta': None}
[2026-06-13 01:28:17,767] INFO   : {'epoch': 10.0, 'is_checkpoint': 1, 'steps': 820, 'samples': 51976, 'trn_loss': 17.2226, 'val_loss': 17.3567, 'total_time': 13.3, 'learn_rate': 0.00141, 'dp_eps': None, 'dp_delta': None}
[2026-06-13 01:28:19,115] INFO   : {'epoch': 11.0, 'is_checkpoint': 1, 'steps': 902, 'samples': 57168, 'trn_loss': 17.0718, 'val_loss': 17.2465, 'total_time': 14.6, 'learn_rate': 0.00141, 'dp_eps': None, 'dp_delta': None}
[2026-06-13 01:28:20,379] INFO   : {'epoch': 12.0, 'is_checkpoint': 0, 'steps': 984, 'samples': 62360, 'trn_loss': 16.9416, 'val_loss': 17.2647, 'total_time': 15.9, 'learn_rate': 0.00141, 'dp_eps': None, 'dp_delta': None}
[2026-06-13 01:28:21,680] INFO   : {'epoch': 13.0, 'is_checkpoint': 1, 'steps': 1066, 'samples': 67552, 'trn_loss': 16.9137, 'val_loss': 17.2382, 'total_time': 17.2, 'learn_rate': 0.00141, 'dp_eps': None, 'dp_delta': None}
[2026-06-13 01:28:23,213] INFO   : {'epoch': 14.0, 'is_checkpoint': 1, 'steps': 1148, 'samples': 72744, 'trn_loss': 16.7625, 'val_loss': 17.1309, 'total_time': 18.7, 'learn_rate': 0.00141, 'dp_eps': None, 'dp_delta': None}
[2026-06-13 01:28:24,822] INFO   : {'epoch': 15.0, 'is_checkpoint': 1, 'steps': 1230, 'samples': 77936, 'trn_loss': 16.7486, 'val_loss': 17.0993, 'total_time': 20.3, 'learn_rate': 0.00141, 'dp_eps': None, 'dp_delta': None}
[2026-06-13 01:28:26,139] INFO   : {'epoch': 16.0, 'is_checkpoint': 0, 'steps': 1312, 'samples': 83128, 'trn_loss': 16.5689, 'val_loss': 17.1572, 'total_time': 21.6, 'learn_rate': 0.00141, 'dp_eps': None, 'dp_delta': None}
[2026-06-13 01:28:27,479] INFO   : {'epoch': 17.0, 'is_checkpoint': 1, 'steps': 1394, 'samples': 88320, 'trn_loss': 16.589, 'val_loss': 16.9613, 'total_time': 23.0, 'learn_rate': 0.00141, 'dp_eps': None, 'dp_delta': None}
[2026-06-13 01:28:28,761] INFO   : {'epoch': 18.0, 'is_checkpoint': 0, 'steps': 1476, 'samples': 93512, 'trn_loss': 16.5162, 'val_loss': 17.0388, 'total_time': 24.2, 'learn_rate': 0.00141, 'dp_eps': None, 'dp_delta': None}
[2026-06-13 01:28:30,134] INFO   : {'epoch': 19.0, 'is_checkpoint': 0, 'steps': 1558, 'samples': 98704, 'trn_loss': 16.4506, 'val_loss': 17.0142, 'total_time': 25.6, 'learn_rate': 0.00141, 'dp_eps': None, 'dp_delta': None}
[2026-06-13 01:28:31,405] INFO   : {'epoch': 20.0, 'is_checkpoint': 0, 'steps': 1640, 'samples': 103896, 'trn_loss': 16.4401, 'val_loss': 16.974, 'total_time': 26.9, 'learn_rate': 0.00141, 'dp_eps': None, 'dp_delta': None}
[2026-06-13 01:28:32,592] INFO   : {'epoch': 21.0, 'is_checkpoint': 0, 'steps': 1722, 'samples': 109088, 'trn_loss': 16.2733, 'val_loss': 16.9966, 'total_time': 28.1, 'learn_rate': 0.000705, 'dp_eps': None, 'dp_delta': None}
[2026-06-13 01:28:33,777] INFO   : early stopping: val_loss stopped improving
[2026-06-13 01:28:33,777] INFO   : {'epoch': 22.0, 'is_checkpoint': 0, 'steps': 1804, 'samples': 114280, 'trn_loss': 16.3277, 'val_loss': 17.0043, 'total_time': 29.3, 'learn_rate': 0.000705, 'dp_eps': None, 'dp_delta': None}
[2026-06-13 01:28:33,782] INFO   : TRAIN_TABULAR finished in 29.66s
2026-06-13 01:28:35 [INFO] paysim — [fold=2] ✔ DONE  train_m1  (43.5s)
2026-06-13 01:28:35 [INFO] paysim — [fold=2] ▶ START train_m2
[2026-06-13 01:28:35,063] INFO   : SPLIT started
[2026-06-13 01:28:35,064] INFO   : create `/shared/paysim-sarmad/models/fold_2/m2/OriginalData/tgt-data`
[2026-06-13 01:28:35,064] INFO   : create `/shared/paysim-sarmad/models/fold_2/m2/OriginalData/tgt-meta`
[2026-06-13 01:28:35,064] INFO   : model_type='TABULAR'
[2026-06-13 01:28:35,064] INFO   : tgt_encoding_types={'step': 'TABULAR_NUMERIC_AUTO', 'type': 'TABULAR_CATEGORICAL', 'amount': 'TABULAR_NUMERIC_AUTO', 'oldbalanceOrg': 'TABULAR_NUMERIC_AUTO', 'newbalanceOrig': 'TABULAR_NUMERIC_AUTO', 'oldbalanceDest': 'TABULAR_NUMERIC_AUTO', 'newbalanceDest': 'TABULAR_NUMERIC_AUTO', 'isFraud': 'TABULAR_NUMERIC_AUTO', 'isFlaggedFraud': 'TABULAR_NUMERIC_AUTO'}
[2026-06-13 01:28:35,443] INFO   : SPLIT finished in 0.38s
[2026-06-13 01:28:35,444] INFO   : ANALYZE started
[2026-06-13 01:28:35,445] INFO   : create `/shared/paysim-sarmad/models/fold_2/m2/ModelStore/tgt-stats`
[2026-06-13 01:28:35,445] INFO   : analyzing 2 partitions in parallel
[2026-06-13 01:28:44,166] INFO   : analyzed target partition 000000-trn (411938, 9)
[2026-06-13 01:28:46,091] INFO   : analyzed target partition 000000-val (102985, 9)
[2026-06-13 01:28:46,092] INFO   : combine partition statistics
[2026-06-13 01:28:46,099] INFO   : value_protection = True
[2026-06-13 01:28:46,100] INFO   : analyzed column `step`: TABULAR_NUMERIC_DIGIT {'E2': 8, 'E1': 10, 'E0': 10}
[2026-06-13 01:28:46,100] INFO   : analyzed column `type`: TABULAR_CATEGORICAL {'cat': 6}
[2026-06-13 01:28:46,101] INFO   : analyzed column `amount`: TABULAR_NUMERIC_BINNED {'bin': 103}
[2026-06-13 01:28:46,103] INFO   : analyzed column `oldbalanceOrg`: TABULAR_NUMERIC_BINNED {'bin': 103}
[2026-06-13 01:28:46,107] INFO   : analyzed column `newbalanceOrig`: TABULAR_NUMERIC_BINNED {'bin': 103}
[2026-06-13 01:28:46,109] INFO   : analyzed column `oldbalanceDest`: TABULAR_NUMERIC_BINNED {'bin': 103}
[2026-06-13 01:28:46,112] INFO   : analyzed column `newbalanceDest`: TABULAR_NUMERIC_BINNED {'bin': 103}
[2026-06-13 01:28:46,112] INFO   : analyzed column `isFraud`: TABULAR_NUMERIC_DISCRETE {'cat': 3}
[2026-06-13 01:28:46,112] INFO   : analyzed column `isFlaggedFraud`: TABULAR_NUMERIC_DISCRETE {'cat': 3}
[2026-06-13 01:28:46,112] INFO   : analyzed 514,923 records: 411,938 training / 102,985 validation
[2026-06-13 01:28:46,115] INFO   : is_sequential: False
[2026-06-13 01:28:46,115] INFO   : write statistics to `/shared/paysim-sarmad/models/fold_2/m2/ModelStore/tgt-stats/stats.json`
[2026-06-13 01:28:46,117] INFO   : ANALYZE finished in 10.67s
[2026-06-13 01:28:46,118] INFO   : ENCODE_TABULAR started
[2026-06-13 01:28:46,118] INFO   : create `/shared/paysim-sarmad/models/fold_2/m2/OriginalData/encoded-data`
[2026-06-13 01:28:46,118] INFO   : clean `/shared/paysim-sarmad/models/fold_2/m2/OriginalData/encoded-data`
[2026-06-13 01:28:46,118] INFO   : clean `/shared/paysim-sarmad/models/fold_2/m2/OriginalData/encoded-data`
[2026-06-13 01:28:49,415] INFO   : encoded partition part.000000-trn.parquet (411938, 11)
[2026-06-13 01:28:50,213] INFO   : encoded partition part.000000-val.parquet (102985, 11)
[2026-06-13 01:28:50,213] INFO   : ENCODE_TABULAR finished in 4.10s
[2026-06-13 01:28:50,214] INFO   : TRAIN_TABULAR started
[2026-06-13 01:28:50,224] INFO   : numpy=2.4.4, pandas=2.3.3
[2026-06-13 01:28:50,226] INFO   : torch=2.5.1+cu121, opacus=1.4.0
[2026-06-13 01:28:50,226] INFO   : device=device(type='cuda', index=0)
[2026-06-13 01:28:50,227] INFO   : is_sequential=False
[2026-06-13 01:28:50,227] INFO   : max_training_time=864000.0s
[2026-06-13 01:28:50,227] INFO   : max_epochs=100
[2026-06-13 01:28:50,227] INFO   : model_size=<ModelSize.M: 'M'>
[2026-06-13 01:28:50,227] INFO   : enable_flexible_generation=True
[2026-06-13 01:28:50,227] INFO   : with_dp=False
[2026-06-13 01:28:50,227] INFO   : model_state_strategy=<ModelStateStrategy.reset: 'RESET'>
[2026-06-13 01:28:50,227] INFO   : max_sequence_window=np.int64(1)
[2026-06-13 01:28:50,278] INFO   : create training model
[2026-06-13 01:28:50,284] INFO   : initializing predictor bias with empirical log probabilities
[2026-06-13 01:28:50,287] INFO   : model class: FlatModel
[2026-06-13 01:28:50,287] INFO   : model weights not found; change strategy from ModelStateStrategy.reset to RESET
[2026-06-13 01:28:50,287] INFO   : model_state_strategy=<ModelStateStrategy.reset: 'RESET'>
[2026-06-13 01:28:50,287] INFO   : remove existing checkpoint files
[2026-06-13 01:28:50,287] INFO   : start training progress from epoch=0.0, steps=0
[2026-06-13 01:28:50,289] INFO   : no_of_model_params=np.int64(106829)
2026-06-13 01:28:50 [INFO] httpx — HTTP Request: HEAD https://s3.amazonaws.com/datasets.huggingface.co/datasets/datasets/parquet/parquet.py "HTTP/1.1 404 Not Found"
2026-06-13 01:28:50 [INFO] httpx — HTTP Request: HEAD https://s3.amazonaws.com/datasets.huggingface.co/datasets/datasets/parquet/parquet.py "HTTP/1.1 404 Not Found"
[2026-06-13 01:28:50,641] INFO   : trn_cnt=411938, val_cnt=102985
[2026-06-13 01:28:50,641] INFO   : len(tgt_sub_columns)=11, len(ctxflt_sub_columns)=0, len(ctxseq_sub_columns)=0
[2026-06-13 01:28:50,642] INFO   : tgt_cardinalities_deciles=[np.int64(3), np.int64(3), np.int64(6), np.int64(8), np.int64(10), np.int64(10), np.int64(103), np.int64(103), np.int64(103), np.int64(103), np.int64(103)]
[2026-06-13 01:28:50,642] INFO   : trn_batch_size=4096, val_batch_size=4096
[2026-06-13 01:28:50,642] INFO   : trn_steps=100, val_steps=25
[2026-06-13 01:28:50,642] INFO   : batch_size=4096, gradient_accumulation_steps=1, initial_lr=np.float64(0.01131)
[2026-06-13 01:28:50,874] INFO   : {'epoch': 0.01, 'is_checkpoint': 0, 'steps': 1, 'samples': 4096, 'trn_loss': 25.6166, 'val_loss': None, 'total_time': 0.2, 'learn_rate': 0.01131, 'dp_eps': None, 'dp_delta': None}
[2026-06-13 01:29:09,225] INFO   : {'epoch': 1.0, 'is_checkpoint': 1, 'steps': 100, 'samples': 409600, 'trn_loss': 22.6541, 'val_loss': 20.9598, 'total_time': 18.6, 'learn_rate': 0.01131, 'dp_eps': None, 'dp_delta': None}
[2026-06-13 01:29:27,961] INFO   : {'epoch': 2.0, 'is_checkpoint': 1, 'steps': 200, 'samples': 817442, 'trn_loss': 21.0042, 'val_loss': 20.3033, 'total_time': 37.3, 'learn_rate': 0.01131, 'dp_eps': None, 'dp_delta': None}
[2026-06-13 01:29:38,272] INFO   : analyzed target partition 000000-trn (4072077, 9)
[2026-06-13 01:29:46,192] INFO   : {'epoch': 3.0, 'is_checkpoint': 1, 'steps': 300, 'samples': 1225284, 'trn_loss': 20.6124, 'val_loss': 20.0389, 'total_time': 55.5, 'learn_rate': 0.01131, 'dp_eps': None, 'dp_delta': None}
[2026-06-13 01:30:04,867] INFO   : analyzed target partition 000000-val (1018019, 9)
[2026-06-13 01:30:04,869] INFO   : combine partition statistics
[2026-06-13 01:30:04,877] INFO   : value_protection = True
[2026-06-13 01:30:04,877] INFO   : analyzed column `step`: TABULAR_NUMERIC_DIGIT {'E2': 8, 'E1': 10, 'E0': 10}
[2026-06-13 01:30:04,877] INFO   : analyzed column `type`: TABULAR_CATEGORICAL {'cat': 6}
[2026-06-13 01:30:04,878] INFO   : analyzed column `amount`: TABULAR_NUMERIC_BINNED {'bin': 103}
[2026-06-13 01:30:04,881] INFO   : analyzed column `oldbalanceOrg`: TABULAR_NUMERIC_BINNED {'bin': 103}
[2026-06-13 01:30:04,884] INFO   : analyzed column `newbalanceOrig`: TABULAR_NUMERIC_BINNED {'bin': 103}
[2026-06-13 01:30:04,886] INFO   : analyzed column `oldbalanceDest`: TABULAR_NUMERIC_BINNED {'bin': 103}
[2026-06-13 01:30:04,888] INFO   : analyzed column `newbalanceDest`: TABULAR_NUMERIC_BINNED {'bin': 103}
[2026-06-13 01:30:04,889] INFO   : analyzed column `isFraud`: TABULAR_NUMERIC_DISCRETE {'cat': 3}
[2026-06-13 01:30:04,889] INFO   : analyzed column `isFlaggedFraud`: TABULAR_NUMERIC_DISCRETE {'cat': 3}
[2026-06-13 01:30:04,889] INFO   : analyzed 5,090,096 records: 4,072,077 training / 1,018,019 validation
[2026-06-13 01:30:04,956] INFO   : {'epoch': 4.0, 'is_checkpoint': 1, 'steps': 400, 'samples': 1633126, 'trn_loss': 20.3611, 'val_loss': 19.8997, 'total_time': 74.3, 'learn_rate': 0.01131, 'dp_eps': None, 'dp_delta': None}
[2026-06-13 01:30:05,027] INFO   : is_sequential: False
[2026-06-13 01:30:05,027] INFO   : write statistics to `/shared/paysim-sarmad/models/fold_2/m3/ModelStore/tgt-stats/stats.json`
[2026-06-13 01:30:05,029] INFO   : ANALYZE finished in 121.19s
[2026-06-13 01:30:05,030] INFO   : ENCODE_TABULAR started
[2026-06-13 01:30:05,030] INFO   : create `/shared/paysim-sarmad/models/fold_2/m3/OriginalData/encoded-data`
[2026-06-13 01:30:05,030] INFO   : clean `/shared/paysim-sarmad/models/fold_2/m3/OriginalData/encoded-data`
[2026-06-13 01:30:05,030] INFO   : clean `/shared/paysim-sarmad/models/fold_2/m3/OriginalData/encoded-data`
[2026-06-13 01:30:23,024] INFO   : {'epoch': 5.0, 'is_checkpoint': 1, 'steps': 500, 'samples': 2040968, 'trn_loss': 20.2711, 'val_loss': 19.8328, 'total_time': 92.4, 'learn_rate': 0.01131, 'dp_eps': None, 'dp_delta': None}
[2026-06-13 01:30:34,842] INFO   : encoded partition part.000000-trn.parquet (4072077, 11)
[2026-06-13 01:30:40,561] INFO   : {'epoch': 6.0, 'is_checkpoint': 1, 'steps': 600, 'samples': 2448810, 'trn_loss': 20.1261, 'val_loss': 19.6888, 'total_time': 109.9, 'learn_rate': 0.01131, 'dp_eps': None, 'dp_delta': None}
[2026-06-13 01:30:42,427] INFO   : encoded partition part.000000-val.parquet (1018019, 11)
[2026-06-13 01:30:42,433] INFO   : ENCODE_TABULAR finished in 37.40s
[2026-06-13 01:30:42,434] INFO   : TRAIN_TABULAR started
[2026-06-13 01:30:42,439] INFO   : numpy=2.4.4, pandas=2.3.3
[2026-06-13 01:30:42,440] INFO   : torch=2.5.1+cu121, opacus=1.4.0
[2026-06-13 01:30:42,440] INFO   : device=device(type='cuda', index=1)
[2026-06-13 01:30:42,441] INFO   : is_sequential=False
[2026-06-13 01:30:42,441] INFO   : max_training_time=864000.0s
[2026-06-13 01:30:42,441] INFO   : max_epochs=100
[2026-06-13 01:30:42,441] INFO   : model_size=<ModelSize.M: 'M'>
[2026-06-13 01:30:42,441] INFO   : enable_flexible_generation=True
[2026-06-13 01:30:42,441] INFO   : with_dp=False
[2026-06-13 01:30:42,441] INFO   : model_state_strategy=<ModelStateStrategy.reset: 'RESET'>
[2026-06-13 01:30:42,441] INFO   : max_sequence_window=np.int64(1)
[2026-06-13 01:30:42,670] INFO   : create training model
[2026-06-13 01:30:42,998] INFO   : initializing predictor bias with empirical log probabilities
[2026-06-13 01:30:43,001] INFO   : model class: FlatModel
[2026-06-13 01:30:43,001] INFO   : model weights not found; change strategy from ModelStateStrategy.reset to RESET
[2026-06-13 01:30:43,001] INFO   : model_state_strategy=<ModelStateStrategy.reset: 'RESET'>
[2026-06-13 01:30:43,002] INFO   : remove existing checkpoint files
[2026-06-13 01:30:43,002] INFO   : start training progress from epoch=0.0, steps=0
[2026-06-13 01:30:43,003] INFO   : no_of_model_params=np.int64(106829)
2026-06-13 01:30:43 [INFO] httpx — HTTP Request: HEAD https://s3.amazonaws.com/datasets.huggingface.co/datasets/datasets/parquet/parquet.py "HTTP/1.1 404 Not Found"
2026-06-13 01:30:43 [INFO] httpx — HTTP Request: HEAD https://s3.amazonaws.com/datasets.huggingface.co/datasets/datasets/parquet/parquet.py "HTTP/1.1 404 Not Found"
[2026-06-13 01:30:43,767] INFO   : trn_cnt=4072077, val_cnt=1018019
[2026-06-13 01:30:43,767] INFO   : len(tgt_sub_columns)=11, len(ctxflt_sub_columns)=0, len(ctxseq_sub_columns)=0
[2026-06-13 01:30:43,768] INFO   : tgt_cardinalities_deciles=[np.int64(3), np.int64(3), np.int64(6), np.int64(8), np.int64(10), np.int64(10), np.int64(103), np.int64(103), np.int64(103), np.int64(103), np.int64(103)]
[2026-06-13 01:30:43,768] INFO   : trn_batch_size=4096, val_batch_size=4096
[2026-06-13 01:30:43,768] INFO   : trn_steps=994, val_steps=248
[2026-06-13 01:30:43,768] INFO   : batch_size=4096, gradient_accumulation_steps=1, initial_lr=np.float64(0.01131)
[2026-06-13 01:30:45,089] INFO   : {'epoch': 0.0, 'is_checkpoint': 0, 'steps': 1, 'samples': 4096, 'trn_loss': 25.7952, 'val_loss': None, 'total_time': 1.3, 'learn_rate': 0.01131, 'dp_eps': None, 'dp_delta': None}
[2026-06-13 01:30:58,027] INFO   : {'epoch': 7.0, 'is_checkpoint': 1, 'steps': 700, 'samples': 2856652, 'trn_loss': 20.0758, 'val_loss': 19.6075, 'total_time': 127.4, 'learn_rate': 0.01131, 'dp_eps': None, 'dp_delta': None}
[2026-06-13 01:31:16,048] INFO   : {'epoch': 8.0, 'is_checkpoint': 1, 'steps': 800, 'samples': 3264494, 'trn_loss': 20.0207, 'val_loss': 19.5337, 'total_time': 145.4, 'learn_rate': 0.01131, 'dp_eps': None, 'dp_delta': None}
[2026-06-13 01:31:34,003] INFO   : {'epoch': 9.0, 'is_checkpoint': 1, 'steps': 900, 'samples': 3672336, 'trn_loss': 19.9693, 'val_loss': 19.4813, 'total_time': 163.4, 'learn_rate': 0.01131, 'dp_eps': None, 'dp_delta': None}
[2026-06-13 01:31:51,423] INFO   : {'epoch': 10.0, 'is_checkpoint': 0, 'steps': 1000, 'samples': 4080178, 'trn_loss': 19.9251, 'val_loss': 19.5412, 'total_time': 180.8, 'learn_rate': 0.01131, 'dp_eps': None, 'dp_delta': None}
[2026-06-13 01:32:09,106] INFO   : {'epoch': 11.0, 'is_checkpoint': 1, 'steps': 1100, 'samples': 4488020, 'trn_loss': 19.9165, 'val_loss': 19.467, 'total_time': 198.5, 'learn_rate': 0.01131, 'dp_eps': None, 'dp_delta': None}
[2026-06-13 01:32:27,323] INFO   : {'epoch': 12.0, 'is_checkpoint': 1, 'steps': 1200, 'samples': 4895862, 'trn_loss': 19.8757, 'val_loss': 19.4568, 'total_time': 216.7, 'learn_rate': 0.01131, 'dp_eps': None, 'dp_delta': None}
[2026-06-13 01:32:44,777] INFO   : {'epoch': 13.0, 'is_checkpoint': 0, 'steps': 1300, 'samples': 5303704, 'trn_loss': 19.8694, 'val_loss': 19.4826, 'total_time': 234.1, 'learn_rate': 0.01131, 'dp_eps': None, 'dp_delta': None}
[2026-06-13 01:33:02,862] INFO   : {'epoch': 14.0, 'is_checkpoint': 1, 'steps': 1400, 'samples': 5711546, 'trn_loss': 19.8512, 'val_loss': 19.427, 'total_time': 252.2, 'learn_rate': 0.01131, 'dp_eps': None, 'dp_delta': None}
[2026-06-13 01:33:20,695] INFO   : {'epoch': 15.0, 'is_checkpoint': 0, 'steps': 1500, 'samples': 6119388, 'trn_loss': 19.8474, 'val_loss': 19.4702, 'total_time': 270.1, 'learn_rate': 0.01131, 'dp_eps': None, 'dp_delta': None}
[2026-06-13 01:33:38,230] INFO   : {'epoch': 16.0, 'is_checkpoint': 1, 'steps': 1600, 'samples': 6527230, 'trn_loss': 19.8435, 'val_loss': 19.3636, 'total_time': 287.6, 'learn_rate': 0.01131, 'dp_eps': None, 'dp_delta': None}
[2026-06-13 01:33:56,136] INFO   : {'epoch': 17.0, 'is_checkpoint': 1, 'steps': 1700, 'samples': 6935072, 'trn_loss': 19.8056, 'val_loss': 19.3414, 'total_time': 305.5, 'learn_rate': 0.01131, 'dp_eps': None, 'dp_delta': None}
[2026-06-13 01:34:14,383] INFO   : {'epoch': 18.0, 'is_checkpoint': 1, 'steps': 1800, 'samples': 7342914, 'trn_loss': 19.7708, 'val_loss': 19.3216, 'total_time': 323.7, 'learn_rate': 0.01131, 'dp_eps': None, 'dp_delta': None}
[2026-06-13 01:34:14,524] INFO   : {'epoch': 1.0, 'is_checkpoint': 1, 'steps': 994, 'samples': 4071424, 'trn_loss': 20.4678, 'val_loss': 19.433, 'total_time': 210.8, 'learn_rate': 0.01131, 'dp_eps': None, 'dp_delta': None}
[2026-06-13 01:34:32,283] INFO   : {'epoch': 19.0, 'is_checkpoint': 0, 'steps': 1900, 'samples': 7750756, 'trn_loss': 19.7813, 'val_loss': 19.3777, 'total_time': 341.6, 'learn_rate': 0.01131, 'dp_eps': None, 'dp_delta': None}
[2026-06-13 01:34:49,850] INFO   : {'epoch': 20.0, 'is_checkpoint': 0, 'steps': 2000, 'samples': 8158598, 'trn_loss': 19.7192, 'val_loss': 19.3675, 'total_time': 359.2, 'learn_rate': 0.01131, 'dp_eps': None, 'dp_delta': None}
[2026-06-13 01:35:07,861] INFO   : {'epoch': 21.0, 'is_checkpoint': 0, 'steps': 2100, 'samples': 8566440, 'trn_loss': 19.7653, 'val_loss': 19.324, 'total_time': 377.2, 'learn_rate': 0.01131, 'dp_eps': None, 'dp_delta': None}
[2026-06-13 01:35:25,866] INFO   : {'epoch': 22.0, 'is_checkpoint': 1, 'steps': 2200, 'samples': 8974282, 'trn_loss': 19.6783, 'val_loss': 19.2107, 'total_time': 395.2, 'learn_rate': 0.005655, 'dp_eps': None, 'dp_delta': None}
[2026-06-13 01:35:44,688] INFO   : {'epoch': 23.0, 'is_checkpoint': 0, 'steps': 2300, 'samples': 9382124, 'trn_loss': 19.627, 'val_loss': 19.245, 'total_time': 414.0, 'learn_rate': 0.005655, 'dp_eps': None, 'dp_delta': None}
[2026-06-13 01:36:04,708] INFO   : {'epoch': 24.0, 'is_checkpoint': 1, 'steps': 2400, 'samples': 9789966, 'trn_loss': 19.6377, 'val_loss': 19.1985, 'total_time': 434.1, 'learn_rate': 0.005655, 'dp_eps': None, 'dp_delta': None}
[2026-06-13 01:36:22,780] INFO   : {'epoch': 25.0, 'is_checkpoint': 1, 'steps': 2500, 'samples': 10197808, 'trn_loss': 19.6237, 'val_loss': 19.1827, 'total_time': 452.1, 'learn_rate': 0.005655, 'dp_eps': None, 'dp_delta': None}
[2026-06-13 01:36:41,051] INFO   : {'epoch': 26.0, 'is_checkpoint': 1, 'steps': 2600, 'samples': 10605650, 'trn_loss': 19.6172, 'val_loss': 19.1686, 'total_time': 470.4, 'learn_rate': 0.005655, 'dp_eps': None, 'dp_delta': None}
[2026-06-13 01:36:58,833] INFO   : {'epoch': 27.0, 'is_checkpoint': 1, 'steps': 2700, 'samples': 11013492, 'trn_loss': 19.6156, 'val_loss': 19.1517, 'total_time': 488.2, 'learn_rate': 0.005655, 'dp_eps': None, 'dp_delta': None}
[2026-06-13 01:37:16,339] INFO   : {'epoch': 28.0, 'is_checkpoint': 0, 'steps': 2800, 'samples': 11421334, 'trn_loss': 19.6362, 'val_loss': 19.1995, 'total_time': 505.7, 'learn_rate': 0.005655, 'dp_eps': None, 'dp_delta': None}
[2026-06-13 01:37:33,808] INFO   : {'epoch': 29.0, 'is_checkpoint': 1, 'steps': 2900, 'samples': 11829176, 'trn_loss': 19.5993, 'val_loss': 19.138, 'total_time': 523.2, 'learn_rate': 0.005655, 'dp_eps': None, 'dp_delta': None}
[2026-06-13 01:37:47,857] INFO   : {'epoch': 2.0, 'is_checkpoint': 1, 'steps': 1988, 'samples': 8139405, 'trn_loss': 19.7731, 'val_loss': 19.2952, 'total_time': 424.1, 'learn_rate': 0.01131, 'dp_eps': None, 'dp_delta': None}
[2026-06-13 01:37:51,495] INFO   : {'epoch': 30.0, 'is_checkpoint': 1, 'steps': 3000, 'samples': 12237018, 'trn_loss': 19.5619, 'val_loss': 19.1155, 'total_time': 540.9, 'learn_rate': 0.005655, 'dp_eps': None, 'dp_delta': None}
[2026-06-13 01:38:09,331] INFO   : {'epoch': 31.0, 'is_checkpoint': 0, 'steps': 3100, 'samples': 12644860, 'trn_loss': 19.5793, 'val_loss': 19.2102, 'total_time': 558.7, 'learn_rate': 0.005655, 'dp_eps': None, 'dp_delta': None}
[2026-06-13 01:38:26,918] INFO   : {'epoch': 32.0, 'is_checkpoint': 0, 'steps': 3200, 'samples': 13052702, 'trn_loss': 19.6116, 'val_loss': 19.1964, 'total_time': 576.3, 'learn_rate': 0.005655, 'dp_eps': None, 'dp_delta': None}
[2026-06-13 01:38:45,412] INFO   : {'epoch': 33.0, 'is_checkpoint': 0, 'steps': 3300, 'samples': 13460544, 'trn_loss': 19.5689, 'val_loss': 19.136, 'total_time': 594.8, 'learn_rate': 0.005655, 'dp_eps': None, 'dp_delta': None}
[2026-06-13 01:39:03,084] INFO   : {'epoch': 34.0, 'is_checkpoint': 0, 'steps': 3400, 'samples': 13868386, 'trn_loss': 19.5539, 'val_loss': 19.1301, 'total_time': 612.4, 'learn_rate': 0.002828, 'dp_eps': None, 'dp_delta': None}
[2026-06-13 01:39:21,136] INFO   : early stopping: val_loss stopped improving
[2026-06-13 01:39:21,136] INFO   : {'epoch': 35.0, 'is_checkpoint': 0, 'steps': 3500, 'samples': 14276228, 'trn_loss': 19.5222, 'val_loss': 19.1303, 'total_time': 630.5, 'learn_rate': 0.002828, 'dp_eps': None, 'dp_delta': None}
[2026-06-13 01:39:21,268] INFO   : TRAIN_TABULAR finished in 631.05s
2026-06-13 01:39:22 [INFO] paysim — [fold=2] ✔ DONE  train_m2  (647.4s)
2026-06-13 01:39:22 [INFO] paysim — [fold=2] Waiting for M3 subprocess (pid=207435) …
[2026-06-13 01:41:11,727] INFO   : {'epoch': 3.0, 'is_checkpoint': 1, 'steps': 2982, 'samples': 12207386, 'trn_loss': 19.6529, 'val_loss': 19.2039, 'total_time': 628.0, 'learn_rate': 0.01131, 'dp_eps': None, 'dp_delta': None}
[2026-06-13 01:44:32,384] INFO   : {'epoch': 4.0, 'is_checkpoint': 1, 'steps': 3976, 'samples': 16275367, 'trn_loss': 19.5979, 'val_loss': 19.1806, 'total_time': 828.6, 'learn_rate': 0.01131, 'dp_eps': None, 'dp_delta': None}
[2026-06-13 01:47:51,412] INFO   : {'epoch': 5.0, 'is_checkpoint': 1, 'steps': 4970, 'samples': 20343348, 'trn_loss': 19.5643, 'val_loss': 19.1711, 'total_time': 1027.6, 'learn_rate': 0.01131, 'dp_eps': None, 'dp_delta': None}
[2026-06-13 01:51:11,343] INFO   : {'epoch': 6.0, 'is_checkpoint': 1, 'steps': 5964, 'samples': 24411329, 'trn_loss': 19.5389, 'val_loss': 19.1237, 'total_time': 1227.6, 'learn_rate': 0.01131, 'dp_eps': None, 'dp_delta': None}
[2026-06-13 01:54:39,851] INFO   : {'epoch': 7.0, 'is_checkpoint': 0, 'steps': 6958, 'samples': 28479310, 'trn_loss': 19.5137, 'val_loss': 19.125, 'total_time': 1436.1, 'learn_rate': 0.01131, 'dp_eps': None, 'dp_delta': None}
[2026-06-13 01:58:01,532] INFO   : {'epoch': 8.0, 'is_checkpoint': 1, 'steps': 7952, 'samples': 32547291, 'trn_loss': 19.4855, 'val_loss': 19.0981, 'total_time': 1637.8, 'learn_rate': 0.01131, 'dp_eps': None, 'dp_delta': None}
[2026-06-13 02:01:17,624] INFO   : {'epoch': 9.0, 'is_checkpoint': 1, 'steps': 8946, 'samples': 36615272, 'trn_loss': 19.4736, 'val_loss': 19.0712, 'total_time': 1833.9, 'learn_rate': 0.01131, 'dp_eps': None, 'dp_delta': None}
[2026-06-13 02:04:34,015] INFO   : {'epoch': 10.0, 'is_checkpoint': 1, 'steps': 9940, 'samples': 40683253, 'trn_loss': 19.4688, 'val_loss': 19.0674, 'total_time': 2030.2, 'learn_rate': 0.01131, 'dp_eps': None, 'dp_delta': None}
[2026-06-13 02:07:54,759] INFO   : {'epoch': 11.0, 'is_checkpoint': 1, 'steps': 10934, 'samples': 44751234, 'trn_loss': 19.4421, 'val_loss': 19.0561, 'total_time': 2231.0, 'learn_rate': 0.01131, 'dp_eps': None, 'dp_delta': None}
[2026-06-13 02:11:11,645] INFO   : {'epoch': 12.0, 'is_checkpoint': 1, 'steps': 11928, 'samples': 48819215, 'trn_loss': 19.4446, 'val_loss': 19.0547, 'total_time': 2427.9, 'learn_rate': 0.01131, 'dp_eps': None, 'dp_delta': None}
[2026-06-13 02:14:30,161] INFO   : {'epoch': 13.0, 'is_checkpoint': 1, 'steps': 12922, 'samples': 52887196, 'trn_loss': 19.4312, 'val_loss': 19.0165, 'total_time': 2626.4, 'learn_rate': 0.01131, 'dp_eps': None, 'dp_delta': None}
[2026-06-13 02:17:44,482] INFO   : {'epoch': 14.0, 'is_checkpoint': 0, 'steps': 13916, 'samples': 56955177, 'trn_loss': 19.4241, 'val_loss': 19.0456, 'total_time': 2820.7, 'learn_rate': 0.01131, 'dp_eps': None, 'dp_delta': None}
[2026-06-13 02:21:02,077] INFO   : {'epoch': 15.0, 'is_checkpoint': 0, 'steps': 14910, 'samples': 61023158, 'trn_loss': 19.4249, 'val_loss': 19.0273, 'total_time': 3018.3, 'learn_rate': 0.01131, 'dp_eps': None, 'dp_delta': None}
[2026-06-13 02:24:18,104] INFO   : {'epoch': 16.0, 'is_checkpoint': 1, 'steps': 15904, 'samples': 65091139, 'trn_loss': 19.4197, 'val_loss': 19.0039, 'total_time': 3214.3, 'learn_rate': 0.01131, 'dp_eps': None, 'dp_delta': None}
[2026-06-13 02:27:39,149] INFO   : {'epoch': 17.0, 'is_checkpoint': 0, 'steps': 16898, 'samples': 69159120, 'trn_loss': 19.4115, 'val_loss': 19.0126, 'total_time': 3415.4, 'learn_rate': 0.01131, 'dp_eps': None, 'dp_delta': None}
[2026-06-13 02:31:05,244] INFO   : {'epoch': 18.0, 'is_checkpoint': 1, 'steps': 17892, 'samples': 73227101, 'trn_loss': 19.404, 'val_loss': 18.9972, 'total_time': 3621.5, 'learn_rate': 0.01131, 'dp_eps': None, 'dp_delta': None}
[2026-06-13 02:34:23,418] INFO   : {'epoch': 19.0, 'is_checkpoint': 0, 'steps': 18886, 'samples': 77295082, 'trn_loss': 19.4027, 'val_loss': 19.0047, 'total_time': 3819.6, 'learn_rate': 0.01131, 'dp_eps': None, 'dp_delta': None}
[2026-06-13 02:37:38,060] INFO   : {'epoch': 20.0, 'is_checkpoint': 0, 'steps': 19880, 'samples': 81363063, 'trn_loss': 19.403, 'val_loss': 19.011, 'total_time': 4014.3, 'learn_rate': 0.01131, 'dp_eps': None, 'dp_delta': None}
[2026-06-13 02:40:55,911] INFO   : {'epoch': 21.0, 'is_checkpoint': 0, 'steps': 20874, 'samples': 85431044, 'trn_loss': 19.3909, 'val_loss': 19.0014, 'total_time': 4212.1, 'learn_rate': 0.01131, 'dp_eps': None, 'dp_delta': None}
[2026-06-13 02:44:15,072] INFO   : {'epoch': 22.0, 'is_checkpoint': 1, 'steps': 21868, 'samples': 89499025, 'trn_loss': 19.3102, 'val_loss': 18.924, 'total_time': 4411.3, 'learn_rate': 0.005655, 'dp_eps': None, 'dp_delta': None}
[2026-06-13 02:47:35,516] INFO   : {'epoch': 23.0, 'is_checkpoint': 0, 'steps': 22862, 'samples': 93567006, 'trn_loss': 19.3044, 'val_loss': 18.9362, 'total_time': 4611.7, 'learn_rate': 0.005655, 'dp_eps': None, 'dp_delta': None}
[2026-06-13 02:50:52,738] INFO   : {'epoch': 24.0, 'is_checkpoint': 0, 'steps': 23856, 'samples': 97634987, 'trn_loss': 19.3035, 'val_loss': 18.933, 'total_time': 4809.0, 'learn_rate': 0.005655, 'dp_eps': None, 'dp_delta': None}
[2026-06-13 02:54:07,754] INFO   : {'epoch': 25.0, 'is_checkpoint': 1, 'steps': 24850, 'samples': 101702968, 'trn_loss': 19.2934, 'val_loss': 18.906, 'total_time': 5004.0, 'learn_rate': 0.005655, 'dp_eps': None, 'dp_delta': None}
[2026-06-13 02:57:24,266] INFO   : {'epoch': 26.0, 'is_checkpoint': 0, 'steps': 25844, 'samples': 105770949, 'trn_loss': 19.2902, 'val_loss': 18.9375, 'total_time': 5200.5, 'learn_rate': 0.005655, 'dp_eps': None, 'dp_delta': None}
[2026-06-13 03:00:41,120] INFO   : {'epoch': 27.0, 'is_checkpoint': 0, 'steps': 26838, 'samples': 109838930, 'trn_loss': 19.2908, 'val_loss': 18.9276, 'total_time': 5397.4, 'learn_rate': 0.005655, 'dp_eps': None, 'dp_delta': None}
[2026-06-13 03:03:58,844] INFO   : {'epoch': 28.0, 'is_checkpoint': 0, 'steps': 27832, 'samples': 113906911, 'trn_loss': 19.2786, 'val_loss': 18.9394, 'total_time': 5595.1, 'learn_rate': 0.005655, 'dp_eps': None, 'dp_delta': None}
[2026-06-13 03:07:17,690] INFO   : {'epoch': 29.0, 'is_checkpoint': 1, 'steps': 28826, 'samples': 117974892, 'trn_loss': 19.2494, 'val_loss': 18.9048, 'total_time': 5793.9, 'learn_rate': 0.002828, 'dp_eps': None, 'dp_delta': None}
[2026-06-13 03:10:38,015] INFO   : {'epoch': 30.0, 'is_checkpoint': 1, 'steps': 29820, 'samples': 122042873, 'trn_loss': 19.2472, 'val_loss': 18.8988, 'total_time': 5994.2, 'learn_rate': 0.002828, 'dp_eps': None, 'dp_delta': None}
[2026-06-13 03:13:49,846] INFO   : {'epoch': 31.0, 'is_checkpoint': 1, 'steps': 30814, 'samples': 126110854, 'trn_loss': 19.2379, 'val_loss': 18.8931, 'total_time': 6186.1, 'learn_rate': 0.002828, 'dp_eps': None, 'dp_delta': None}
[2026-06-13 03:17:01,793] INFO   : {'epoch': 32.0, 'is_checkpoint': 1, 'steps': 31808, 'samples': 130178835, 'trn_loss': 19.2421, 'val_loss': 18.8901, 'total_time': 6378.0, 'learn_rate': 0.002828, 'dp_eps': None, 'dp_delta': None}
[2026-06-13 03:20:18,303] INFO   : {'epoch': 33.0, 'is_checkpoint': 0, 'steps': 32802, 'samples': 134246816, 'trn_loss': 19.2293, 'val_loss': 18.9029, 'total_time': 6574.5, 'learn_rate': 0.002828, 'dp_eps': None, 'dp_delta': None}
[2026-06-13 03:23:31,605] INFO   : {'epoch': 34.0, 'is_checkpoint': 1, 'steps': 33796, 'samples': 138314797, 'trn_loss': 19.2347, 'val_loss': 18.8795, 'total_time': 6767.8, 'learn_rate': 0.002828, 'dp_eps': None, 'dp_delta': None}
[2026-06-13 03:26:46,444] INFO   : {'epoch': 35.0, 'is_checkpoint': 1, 'steps': 34790, 'samples': 142382778, 'trn_loss': 19.2339, 'val_loss': 18.8781, 'total_time': 6962.7, 'learn_rate': 0.002828, 'dp_eps': None, 'dp_delta': None}
[2026-06-13 03:29:59,281] INFO   : {'epoch': 36.0, 'is_checkpoint': 0, 'steps': 35784, 'samples': 146450759, 'trn_loss': 19.2358, 'val_loss': 18.8869, 'total_time': 7155.5, 'learn_rate': 0.002828, 'dp_eps': None, 'dp_delta': None}
[2026-06-13 03:33:15,270] INFO   : {'epoch': 37.0, 'is_checkpoint': 1, 'steps': 36778, 'samples': 150518740, 'trn_loss': 19.2385, 'val_loss': 18.8734, 'total_time': 7351.5, 'learn_rate': 0.002828, 'dp_eps': None, 'dp_delta': None}
[2026-06-13 03:36:34,469] INFO   : {'epoch': 38.0, 'is_checkpoint': 1, 'steps': 37772, 'samples': 154586721, 'trn_loss': 19.2257, 'val_loss': 18.8677, 'total_time': 7550.7, 'learn_rate': 0.002828, 'dp_eps': None, 'dp_delta': None}
[2026-06-13 03:39:52,776] INFO   : {'epoch': 39.0, 'is_checkpoint': 0, 'steps': 38766, 'samples': 158654702, 'trn_loss': 19.2272, 'val_loss': 18.8836, 'total_time': 7749.0, 'learn_rate': 0.002828, 'dp_eps': None, 'dp_delta': None}
[2026-06-13 03:43:11,034] INFO   : {'epoch': 40.0, 'is_checkpoint': 0, 'steps': 39760, 'samples': 162722683, 'trn_loss': 19.2291, 'val_loss': 18.8859, 'total_time': 7947.3, 'learn_rate': 0.002828, 'dp_eps': None, 'dp_delta': None}
[2026-06-13 03:46:33,145] INFO   : {'epoch': 41.0, 'is_checkpoint': 0, 'steps': 40754, 'samples': 166790664, 'trn_loss': 19.2261, 'val_loss': 18.8755, 'total_time': 8149.4, 'learn_rate': 0.002828, 'dp_eps': None, 'dp_delta': None}
[2026-06-13 03:49:49,731] INFO   : {'epoch': 42.0, 'is_checkpoint': 1, 'steps': 41748, 'samples': 170858645, 'trn_loss': 19.2098, 'val_loss': 18.8611, 'total_time': 8346.0, 'learn_rate': 0.001414, 'dp_eps': None, 'dp_delta': None}
[2026-06-13 03:53:08,525] INFO   : {'epoch': 43.0, 'is_checkpoint': 1, 'steps': 42742, 'samples': 174926626, 'trn_loss': 19.2002, 'val_loss': 18.8592, 'total_time': 8544.8, 'learn_rate': 0.001414, 'dp_eps': None, 'dp_delta': None}
[2026-06-13 03:56:28,085] INFO   : {'epoch': 44.0, 'is_checkpoint': 1, 'steps': 43736, 'samples': 178994607, 'trn_loss': 19.1968, 'val_loss': 18.8547, 'total_time': 8744.3, 'learn_rate': 0.001414, 'dp_eps': None, 'dp_delta': None}
[2026-06-13 03:59:45,032] INFO   : {'epoch': 45.0, 'is_checkpoint': 1, 'steps': 44730, 'samples': 183062588, 'trn_loss': 19.1943, 'val_loss': 18.8542, 'total_time': 8941.3, 'learn_rate': 0.001414, 'dp_eps': None, 'dp_delta': None}
[2026-06-13 04:03:01,195] INFO   : {'epoch': 46.0, 'is_checkpoint': 1, 'steps': 45724, 'samples': 187130569, 'trn_loss': 19.2041, 'val_loss': 18.837, 'total_time': 9137.4, 'learn_rate': 0.001414, 'dp_eps': None, 'dp_delta': None}
[2026-06-13 04:06:20,117] INFO   : {'epoch': 47.0, 'is_checkpoint': 0, 'steps': 46718, 'samples': 191198550, 'trn_loss': 19.1991, 'val_loss': 18.8812, 'total_time': 9336.3, 'learn_rate': 0.001414, 'dp_eps': None, 'dp_delta': None}
[2026-06-13 04:09:35,632] INFO   : {'epoch': 48.0, 'is_checkpoint': 0, 'steps': 47712, 'samples': 195266531, 'trn_loss': 19.2003, 'val_loss': 18.8581, 'total_time': 9531.9, 'learn_rate': 0.001414, 'dp_eps': None, 'dp_delta': None}
[2026-06-13 04:12:55,780] INFO   : {'epoch': 49.0, 'is_checkpoint': 0, 'steps': 48706, 'samples': 199334512, 'trn_loss': 19.1966, 'val_loss': 18.8738, 'total_time': 9732.0, 'learn_rate': 0.001414, 'dp_eps': None, 'dp_delta': None}
[2026-06-13 04:16:08,345] INFO   : {'epoch': 50.0, 'is_checkpoint': 0, 'steps': 49700, 'samples': 203402493, 'trn_loss': 19.1854, 'val_loss': 18.8632, 'total_time': 9924.6, 'learn_rate': 0.001131, 'dp_eps': None, 'dp_delta': None}
[2026-06-13 04:19:26,758] INFO   : early stopping: val_loss stopped improving
[2026-06-13 04:19:26,760] INFO   : {'epoch': 51.0, 'is_checkpoint': 0, 'steps': 50694, 'samples': 207470474, 'trn_loss': 19.1884, 'val_loss': 18.8613, 'total_time': 10123.0, 'learn_rate': 0.001131, 'dp_eps': None, 'dp_delta': None}
[2026-06-13 04:19:28,011] INFO   : TRAIN_TABULAR finished in 10125.58s
2026-06-13 04:19:30 [INFO] paysim — [fold=2] M3 training done
2026-06-13 04:19:30 [INFO] paysim — [fold=2] ✔ DONE  train_all_argns  (10301.0s)
2026-06-13 04:19:30 [INFO] paysim — [fold=2] ▶ START generate_all_pools
2026-06-13 04:19:30 [INFO] paysim — [fold=2] ▶ START generate_m1
2026-06-13 04:19:30 [INFO] paysim — [fold=2] M1 pool saved: 20,000 fraud rows → /shared/paysim-sarmad/synthetic/fold_2/pool_m1.csv
2026-06-13 04:19:30 [INFO] paysim — [fold=2] ✔ DONE  generate_m1  (0.4s)
2026-06-13 04:19:30 [INFO] paysim — [fold=2] ▶ START generate_m2
2026-06-13 04:19:31 [INFO] paysim — [fold=2] M2 pool: 197/20000 fraud rows (round 1)
2026-06-13 04:19:32 [INFO] paysim — [fold=2] M2 pool: 385/20000 fraud rows (round 2)
2026-06-13 04:19:32 [INFO] paysim — [fold=2] M2 pool: 584/20000 fraud rows (round 3)
2026-06-13 04:19:33 [INFO] paysim — [fold=2] M2 pool: 786/20000 fraud rows (round 4)
2026-06-13 04:19:33 [INFO] paysim — [fold=2] M2 pool: 994/20000 fraud rows (round 5)
2026-06-13 04:19:34 [INFO] paysim — [fold=2] M2 pool: 1217/20000 fraud rows (round 6)
2026-06-13 04:19:35 [INFO] paysim — [fold=2] M2 pool: 1421/20000 fraud rows (round 7)
2026-06-13 04:19:35 [INFO] paysim — [fold=2] M2 pool: 1636/20000 fraud rows (round 8)
2026-06-13 04:19:36 [INFO] paysim — [fold=2] M2 pool: 1845/20000 fraud rows (round 9)
2026-06-13 04:19:37 [INFO] paysim — [fold=2] M2 pool: 2038/20000 fraud rows (round 10)
2026-06-13 04:19:37 [INFO] paysim — [fold=2] M2 pool: 2248/20000 fraud rows (round 11)
2026-06-13 04:19:38 [INFO] paysim — [fold=2] M2 pool: 2431/20000 fraud rows (round 12)
2026-06-13 04:19:39 [INFO] paysim — [fold=2] M2 pool: 2623/20000 fraud rows (round 13)
2026-06-13 04:19:39 [INFO] paysim — [fold=2] M2 pool: 2827/20000 fraud rows (round 14)
2026-06-13 04:19:40 [INFO] paysim — [fold=2] M2 pool: 3032/20000 fraud rows (round 15)
2026-06-13 04:19:40 [INFO] paysim — [fold=2] M2 pool: 3211/20000 fraud rows (round 16)
2026-06-13 04:19:41 [INFO] paysim — [fold=2] M2 pool: 3435/20000 fraud rows (round 17)
2026-06-13 04:19:42 [INFO] paysim — [fold=2] M2 pool: 3659/20000 fraud rows (round 18)
2026-06-13 04:19:42 [INFO] paysim — [fold=2] M2 pool: 3839/20000 fraud rows (round 19)
2026-06-13 04:19:43 [INFO] paysim — [fold=2] M2 pool: 4056/20000 fraud rows (round 20)
2026-06-13 04:19:44 [INFO] paysim — [fold=2] M2 pool: 4275/20000 fraud rows (round 21)
2026-06-13 04:19:44 [INFO] paysim — [fold=2] M2 pool: 4471/20000 fraud rows (round 22)
2026-06-13 04:19:45 [INFO] paysim — [fold=2] M2 pool: 4639/20000 fraud rows (round 23)
2026-06-13 04:19:46 [INFO] paysim — [fold=2] M2 pool: 4830/20000 fraud rows (round 24)
2026-06-13 04:19:46 [INFO] paysim — [fold=2] M2 pool: 5043/20000 fraud rows (round 25)
2026-06-13 04:19:47 [INFO] paysim — [fold=2] M2 pool: 5261/20000 fraud rows (round 26)
2026-06-13 04:19:48 [INFO] paysim — [fold=2] M2 pool: 5454/20000 fraud rows (round 27)
2026-06-13 04:19:48 [INFO] paysim — [fold=2] M2 pool: 5649/20000 fraud rows (round 28)
2026-06-13 04:19:49 [INFO] paysim — [fold=2] M2 pool: 5853/20000 fraud rows (round 29)
2026-06-13 04:19:49 [INFO] paysim — [fold=2] M2 pool: 6063/20000 fraud rows (round 30)
2026-06-13 04:19:50 [INFO] paysim — [fold=2] M2 pool: 6275/20000 fraud rows (round 31)
2026-06-13 04:19:51 [INFO] paysim — [fold=2] M2 pool: 6480/20000 fraud rows (round 32)
2026-06-13 04:19:51 [INFO] paysim — [fold=2] M2 pool: 6658/20000 fraud rows (round 33)
2026-06-13 04:19:52 [INFO] paysim — [fold=2] M2 pool: 6847/20000 fraud rows (round 34)
2026-06-13 04:19:53 [INFO] paysim — [fold=2] M2 pool: 7060/20000 fraud rows (round 35)
2026-06-13 04:19:53 [INFO] paysim — [fold=2] M2 pool: 7284/20000 fraud rows (round 36)
2026-06-13 04:19:54 [INFO] paysim — [fold=2] M2 pool: 7493/20000 fraud rows (round 37)
2026-06-13 04:19:55 [INFO] paysim — [fold=2] M2 pool: 7672/20000 fraud rows (round 38)
2026-06-13 04:19:55 [INFO] paysim — [fold=2] M2 pool: 7872/20000 fraud rows (round 39)
2026-06-13 04:19:56 [INFO] paysim — [fold=2] M2 pool: 8086/20000 fraud rows (round 40)
2026-06-13 04:19:57 [INFO] paysim — [fold=2] M2 pool: 8281/20000 fraud rows (round 41)
2026-06-13 04:19:57 [INFO] paysim — [fold=2] M2 pool: 8509/20000 fraud rows (round 42)
2026-06-13 04:19:58 [INFO] paysim — [fold=2] M2 pool: 8710/20000 fraud rows (round 43)
2026-06-13 04:19:59 [INFO] paysim — [fold=2] M2 pool: 8893/20000 fraud rows (round 44)
2026-06-13 04:19:59 [INFO] paysim — [fold=2] M2 pool: 9103/20000 fraud rows (round 45)
2026-06-13 04:20:00 [INFO] paysim — [fold=2] M2 pool: 9291/20000 fraud rows (round 46)
2026-06-13 04:20:01 [INFO] paysim — [fold=2] M2 pool: 9508/20000 fraud rows (round 47)
2026-06-13 04:20:01 [INFO] paysim — [fold=2] M2 pool: 9690/20000 fraud rows (round 48)
2026-06-13 04:20:02 [INFO] paysim — [fold=2] M2 pool: 9904/20000 fraud rows (round 49)
2026-06-13 04:20:02 [INFO] paysim — [fold=2] M2 pool: 10128/20000 fraud rows (round 50)
2026-06-13 04:20:03 [INFO] paysim — [fold=2] M2 pool: 10341/20000 fraud rows (round 51)
2026-06-13 04:20:04 [INFO] paysim — [fold=2] M2 pool: 10543/20000 fraud rows (round 52)
2026-06-13 04:20:04 [INFO] paysim — [fold=2] M2 pool: 10741/20000 fraud rows (round 53)
2026-06-13 04:20:05 [INFO] paysim — [fold=2] M2 pool: 10953/20000 fraud rows (round 54)
2026-06-13 04:20:06 [INFO] paysim — [fold=2] M2 pool: 11169/20000 fraud rows (round 55)
2026-06-13 04:20:06 [INFO] paysim — [fold=2] M2 pool: 11355/20000 fraud rows (round 56)
2026-06-13 04:20:07 [INFO] paysim — [fold=2] M2 pool: 11548/20000 fraud rows (round 57)
2026-06-13 04:20:07 [INFO] paysim — [fold=2] M2 pool: 11780/20000 fraud rows (round 58)
2026-06-13 04:20:08 [INFO] paysim — [fold=2] M2 pool: 11983/20000 fraud rows (round 59)
2026-06-13 04:20:09 [INFO] paysim — [fold=2] M2 pool: 12173/20000 fraud rows (round 60)
2026-06-13 04:20:09 [INFO] paysim — [fold=2] M2 pool: 12381/20000 fraud rows (round 61)
2026-06-13 04:20:10 [INFO] paysim — [fold=2] M2 pool: 12582/20000 fraud rows (round 62)
2026-06-13 04:20:11 [INFO] paysim — [fold=2] M2 pool: 12779/20000 fraud rows (round 63)
2026-06-13 04:20:11 [INFO] paysim — [fold=2] M2 pool: 12982/20000 fraud rows (round 64)
2026-06-13 04:20:12 [INFO] paysim — [fold=2] M2 pool: 13169/20000 fraud rows (round 65)
2026-06-13 04:20:12 [INFO] paysim — [fold=2] M2 pool: 13389/20000 fraud rows (round 66)
2026-06-13 04:20:13 [INFO] paysim — [fold=2] M2 pool: 13597/20000 fraud rows (round 67)
2026-06-13 04:20:14 [INFO] paysim — [fold=2] M2 pool: 13797/20000 fraud rows (round 68)
2026-06-13 04:20:14 [INFO] paysim — [fold=2] M2 pool: 13985/20000 fraud rows (round 69)
2026-06-13 04:20:15 [INFO] paysim — [fold=2] M2 pool: 14216/20000 fraud rows (round 70)
2026-06-13 04:20:16 [INFO] paysim — [fold=2] M2 pool: 14415/20000 fraud rows (round 71)
2026-06-13 04:20:16 [INFO] paysim — [fold=2] M2 pool: 14593/20000 fraud rows (round 72)
2026-06-13 04:20:17 [INFO] paysim — [fold=2] M2 pool: 14776/20000 fraud rows (round 73)
2026-06-13 04:20:18 [INFO] paysim — [fold=2] M2 pool: 15009/20000 fraud rows (round 74)
2026-06-13 04:20:18 [INFO] paysim — [fold=2] M2 pool: 15207/20000 fraud rows (round 75)
2026-06-13 04:20:19 [INFO] paysim — [fold=2] M2 pool: 15417/20000 fraud rows (round 76)
2026-06-13 04:20:20 [INFO] paysim — [fold=2] M2 pool: 15622/20000 fraud rows (round 77)
2026-06-13 04:20:20 [INFO] paysim — [fold=2] M2 pool: 15843/20000 fraud rows (round 78)
2026-06-13 04:20:21 [INFO] paysim — [fold=2] M2 pool: 16068/20000 fraud rows (round 79)
2026-06-13 04:20:22 [INFO] paysim — [fold=2] M2 pool: 16294/20000 fraud rows (round 80)
2026-06-13 04:20:22 [INFO] paysim — [fold=2] M2 pool: 16496/20000 fraud rows (round 81)
2026-06-13 04:20:23 [INFO] paysim — [fold=2] M2 pool: 16702/20000 fraud rows (round 82)
2026-06-13 04:20:23 [INFO] paysim — [fold=2] M2 pool: 16900/20000 fraud rows (round 83)
2026-06-13 04:20:24 [INFO] paysim — [fold=2] M2 pool: 17110/20000 fraud rows (round 84)
2026-06-13 04:20:25 [INFO] paysim — [fold=2] M2 pool: 17295/20000 fraud rows (round 85)
2026-06-13 04:20:25 [INFO] paysim — [fold=2] M2 pool: 17530/20000 fraud rows (round 86)
2026-06-13 04:20:26 [INFO] paysim — [fold=2] M2 pool: 17731/20000 fraud rows (round 87)
2026-06-13 04:20:26 [INFO] paysim — [fold=2] M2 pool: 17927/20000 fraud rows (round 88)
2026-06-13 04:20:27 [INFO] paysim — [fold=2] M2 pool: 18157/20000 fraud rows (round 89)
2026-06-13 04:20:28 [INFO] paysim — [fold=2] M2 pool: 18356/20000 fraud rows (round 90)
2026-06-13 04:20:28 [INFO] paysim — [fold=2] M2 pool: 18551/20000 fraud rows (round 91)
2026-06-13 04:20:29 [INFO] paysim — [fold=2] M2 pool: 18747/20000 fraud rows (round 92)
2026-06-13 04:20:30 [INFO] paysim — [fold=2] M2 pool: 18948/20000 fraud rows (round 93)
2026-06-13 04:20:30 [INFO] paysim — [fold=2] M2 pool: 19149/20000 fraud rows (round 94)
2026-06-13 04:20:31 [INFO] paysim — [fold=2] M2 pool: 19350/20000 fraud rows (round 95)
2026-06-13 04:20:32 [INFO] paysim — [fold=2] M2 pool: 19554/20000 fraud rows (round 96)
2026-06-13 04:20:32 [INFO] paysim — [fold=2] M2 pool: 19757/20000 fraud rows (round 97)
2026-06-13 04:20:33 [INFO] paysim — [fold=2] M2 pool: 19978/20000 fraud rows (round 98)
2026-06-13 04:20:34 [INFO] paysim — [fold=2] M2 pool: 20192/20000 fraud rows (round 99)
2026-06-13 04:20:34 [INFO] paysim — [fold=2] M2 pool saved: 20,000 fraud rows → /shared/paysim-sarmad/synthetic/fold_2/pool_m2.csv
2026-06-13 04:20:34 [INFO] paysim — [fold=2] ✔ DONE  generate_m2  (63.4s)
2026-06-13 04:20:34 [INFO] paysim — [fold=2] ▶ START generate_m3
2026-06-13 04:20:35 [INFO] paysim — [fold=2] M3 pool saved: 167 fraud rows → /shared/paysim-sarmad/synthetic/fold_2/pool_m3.csv
2026-06-13 04:20:35 [INFO] paysim — [fold=2] ✔ DONE  generate_m3  (1.6s)
2026-06-13 04:20:35 [INFO] paysim — [fold=2] ✔ DONE  generate_all_pools  (65.5s)
2026-06-13 04:20:35 [INFO] paysim — [fold=2] TOTAL elapsed: 10383.0s  (2.88h)
2026-06-13 04:20:35 [INFO] paysim — [fold=2] stop_after_generation=True — skipping baseline_eval + optuna_studies
2026-06-13 04:20:36 [INFO] paysim — [fold=2] Combined fraud pool exported: 40167 rows → /shared/paysim-sarmad/synthetic/for_classifier/split_2.csv
2026-06-13 04:20:36 [INFO] paysim — [fold=2] Results saved → /shared/paysim-sarmad/results/fold_2_results.json
2026/06/13 04:20:36 INFO mlflow.tracking.fluent: Experiment with name 'paysim-fold-3' does not exist. Creating a new experiment.
2026-06-13 04:20:36 [INFO] paysim — ============================================================
2026-06-13 04:20:36 [INFO] paysim — FOLD 3 — pipeline start
2026-06-13 04:20:36 [INFO] paysim — ============================================================
2026-06-13 04:20:36 [INFO] paysim — [fold=3] ▶ START load_data
2026-06-13 04:20:47 [INFO] paysim — train: 5,090,096 rows | fraud=6,570 (0.129%)
2026-06-13 04:20:47 [INFO] paysim — test: 1,272,524 rows | fraud=1,643 (0.129%)
2026-06-13 04:20:47 [INFO] paysim — [fold=3] ✔ DONE  load_data  (11.2s)
2026-06-13 04:20:51 [INFO] paysim — train_argn (holdout reserved, unused): 4,072,076 rows | fraud=5,256 (0.129%)
2026-06-13 04:20:51 [INFO] paysim — holdout (reserved, unused): 1,018,020 rows | fraud=1,314 (0.129%)
2026-06-13 04:20:53 [INFO] paysim — M1: 6,570 rows | fraud=6,570 (100.000%)
2026-06-13 04:20:53 [INFO] paysim — M2: 514,922 rows | fraud=6,570 (1.276%)
2026-06-13 04:20:53 [INFO] paysim — M3: 5,090,096 rows | fraud=6,570 (0.129%)
2026-06-13 04:20:53 [INFO] paysim — [fold=3] ▶ START train_all_argns
2026-06-13 04:20:55 [INFO] paysim — [fold=3] Launching M3 on cuda:1 (subprocess)
2026-06-13 04:20:55 [INFO] paysim — [fold=3] ▶ START train_m1
[2026-06-13 04:20:55,351] INFO   : SPLIT started
[2026-06-13 04:20:55,351] INFO   : create `/shared/paysim-sarmad/models/fold_3/m1/OriginalData/tgt-data`
[2026-06-13 04:20:55,351] INFO   : create `/shared/paysim-sarmad/models/fold_3/m1/OriginalData/tgt-meta`
[2026-06-13 04:20:55,352] INFO   : model_type='TABULAR'
[2026-06-13 04:20:55,352] INFO   : tgt_encoding_types={'step': 'TABULAR_NUMERIC_AUTO', 'type': 'TABULAR_CATEGORICAL', 'amount': 'TABULAR_NUMERIC_AUTO', 'oldbalanceOrg': 'TABULAR_NUMERIC_AUTO', 'newbalanceOrig': 'TABULAR_NUMERIC_AUTO', 'oldbalanceDest': 'TABULAR_NUMERIC_AUTO', 'newbalanceDest': 'TABULAR_NUMERIC_AUTO', 'isFraud': 'TABULAR_NUMERIC_AUTO', 'isFlaggedFraud': 'TABULAR_NUMERIC_AUTO'}
[2026-06-13 04:20:55,364] INFO   : SPLIT finished in 0.01s
[2026-06-13 04:20:55,364] INFO   : ANALYZE started
[2026-06-13 04:20:55,365] INFO   : create `/shared/paysim-sarmad/models/fold_3/m1/ModelStore/tgt-stats`
[2026-06-13 04:20:55,365] INFO   : analyzing 2 partitions in parallel
[2026-06-13 04:21:01,857] INFO   : analyzed target partition 000000-trn (5256, 9)
2026-06-13 04:21:02 [INFO] mostlyai.engine._common — running on Python (3.11.15)
[2026-06-13 04:21:02,920] INFO   : SPLIT started
[2026-06-13 04:21:02,921] INFO   : create `/shared/paysim-sarmad/models/fold_3/m3/OriginalData/tgt-data`
[2026-06-13 04:21:02,921] INFO   : create `/shared/paysim-sarmad/models/fold_3/m3/OriginalData/tgt-meta`
[2026-06-13 04:21:02,921] INFO   : model_type='TABULAR'
[2026-06-13 04:21:02,921] INFO   : tgt_encoding_types={'step': 'TABULAR_NUMERIC_AUTO', 'type': 'TABULAR_CATEGORICAL', 'amount': 'TABULAR_NUMERIC_AUTO', 'oldbalanceOrg': 'TABULAR_NUMERIC_AUTO', 'newbalanceOrig': 'TABULAR_NUMERIC_AUTO', 'oldbalanceDest': 'TABULAR_NUMERIC_AUTO', 'newbalanceDest': 'TABULAR_NUMERIC_AUTO', 'isFraud': 'TABULAR_NUMERIC_AUTO', 'isFlaggedFraud': 'TABULAR_NUMERIC_AUTO'}
[2026-06-13 04:21:07,612] INFO   : SPLIT finished in 4.69s
[2026-06-13 04:21:07,660] INFO   : ANALYZE started
[2026-06-13 04:21:07,660] INFO   : create `/shared/paysim-sarmad/models/fold_3/m3/ModelStore/tgt-stats`
[2026-06-13 04:21:07,661] INFO   : analyzing 2 partitions in parallel
[2026-06-13 04:21:08,017] INFO   : analyzed target partition 000000-val (1314, 9)
[2026-06-13 04:21:08,017] INFO   : combine partition statistics
[2026-06-13 04:21:08,025] INFO   : value_protection = True
[2026-06-13 04:21:08,025] INFO   : analyzed column `step`: TABULAR_NUMERIC_DIGIT {'E2': 8, 'E1': 10, 'E0': 10}
[2026-06-13 04:21:08,025] INFO   : analyzed column `type`: TABULAR_CATEGORICAL {'cat': 3}
[2026-06-13 04:21:08,027] INFO   : analyzed column `amount`: TABULAR_NUMERIC_BINNED {'bin': 103}
[2026-06-13 04:21:08,028] INFO   : analyzed column `oldbalanceOrg`: TABULAR_NUMERIC_BINNED {'bin': 103}
[2026-06-13 04:21:08,029] INFO   : analyzed column `newbalanceOrig`: TABULAR_NUMERIC_BINNED {'bin': 42}
[2026-06-13 04:21:08,033] INFO   : analyzed column `oldbalanceDest`: TABULAR_NUMERIC_BINNED {'bin': 103}
[2026-06-13 04:21:08,035] INFO   : analyzed column `newbalanceDest`: TABULAR_NUMERIC_BINNED {'bin': 103}
[2026-06-13 04:21:08,036] INFO   : analyzed column `isFraud`: TABULAR_NUMERIC_DISCRETE {'cat': 2}
[2026-06-13 04:21:08,036] INFO   : analyzed column `isFlaggedFraud`: TABULAR_NUMERIC_DISCRETE {'cat': 3}
[2026-06-13 04:21:08,036] INFO   : analyzed 6,570 records: 5,256 training / 1,314 validation
[2026-06-13 04:21:08,036] INFO   : is_sequential: False
[2026-06-13 04:21:08,036] INFO   : write statistics to `/shared/paysim-sarmad/models/fold_3/m1/ModelStore/tgt-stats/stats.json`
[2026-06-13 04:21:08,038] INFO   : ANALYZE finished in 12.67s
[2026-06-13 04:21:08,039] INFO   : ENCODE_TABULAR started
[2026-06-13 04:21:08,039] INFO   : create `/shared/paysim-sarmad/models/fold_3/m1/OriginalData/encoded-data`
[2026-06-13 04:21:08,039] INFO   : clean `/shared/paysim-sarmad/models/fold_3/m1/OriginalData/encoded-data`
[2026-06-13 04:21:08,039] INFO   : clean `/shared/paysim-sarmad/models/fold_3/m1/OriginalData/encoded-data`
[2026-06-13 04:21:08,089] INFO   : encoded partition part.000000-trn.parquet (5256, 11)
[2026-06-13 04:21:08,130] INFO   : encoded partition part.000000-val.parquet (1314, 11)
[2026-06-13 04:21:08,131] INFO   : ENCODE_TABULAR finished in 0.09s
[2026-06-13 04:21:08,132] INFO   : TRAIN_TABULAR started
[2026-06-13 04:21:08,141] INFO   : numpy=2.4.4, pandas=2.3.3
[2026-06-13 04:21:08,143] INFO   : torch=2.5.1+cu121, opacus=1.4.0
[2026-06-13 04:21:08,143] INFO   : device=device(type='cuda', index=0)
[2026-06-13 04:21:08,143] INFO   : is_sequential=False
[2026-06-13 04:21:08,143] INFO   : max_training_time=864000.0s
[2026-06-13 04:21:08,143] INFO   : max_epochs=50
[2026-06-13 04:21:08,143] INFO   : model_size=<ModelSize.M: 'M'>
[2026-06-13 04:21:08,143] INFO   : enable_flexible_generation=True
[2026-06-13 04:21:08,143] INFO   : with_dp=False
[2026-06-13 04:21:08,143] INFO   : model_state_strategy=<ModelStateStrategy.reset: 'RESET'>
[2026-06-13 04:21:08,144] INFO   : max_sequence_window=np.int64(1)
[2026-06-13 04:21:08,154] INFO   : create training model
[2026-06-13 04:21:08,160] INFO   : initializing predictor bias with empirical log probabilities
[2026-06-13 04:21:08,164] INFO   : model class: FlatModel
[2026-06-13 04:21:08,164] INFO   : model weights not found; change strategy from ModelStateStrategy.reset to RESET
[2026-06-13 04:21:08,164] INFO   : model_state_strategy=<ModelStateStrategy.reset: 'RESET'>
[2026-06-13 04:21:08,164] INFO   : remove existing checkpoint files
[2026-06-13 04:21:08,164] INFO   : start training progress from epoch=0.0, steps=0
[2026-06-13 04:21:08,166] INFO   : no_of_model_params=np.int64(93804)
2026-06-13 04:21:08 [INFO] httpx — HTTP Request: HEAD https://s3.amazonaws.com/datasets.huggingface.co/datasets/datasets/parquet/parquet.py "HTTP/1.1 404 Not Found"
2026-06-13 04:21:08 [INFO] httpx — HTTP Request: HEAD https://s3.amazonaws.com/datasets.huggingface.co/datasets/datasets/parquet/parquet.py "HTTP/1.1 404 Not Found"
[2026-06-13 04:21:08,618] INFO   : trn_cnt=5256, val_cnt=1314
[2026-06-13 04:21:08,618] INFO   : len(tgt_sub_columns)=11, len(ctxflt_sub_columns)=0, len(ctxseq_sub_columns)=0
[2026-06-13 04:21:08,618] INFO   : tgt_cardinalities_deciles=[np.int64(2), np.int64(3), np.int64(3), np.int64(8), np.int64(10), np.int64(10), np.int64(42), np.int64(103), np.int64(103), np.int64(103), np.int64(103)]
[2026-06-13 04:21:08,619] INFO   : trn_batch_size=64, val_batch_size=64
[2026-06-13 04:21:08,619] INFO   : trn_steps=82, val_steps=20
[2026-06-13 04:21:08,619] INFO   : batch_size=64, gradient_accumulation_steps=1, initial_lr=np.float64(0.00141)
[2026-06-13 04:21:08,645] INFO   : {'epoch': 0.01, 'is_checkpoint': 0, 'steps': 1, 'samples': 64, 'trn_loss': 22.3551, 'val_loss': None, 'total_time': 0.0, 'learn_rate': 0.00141, 'dp_eps': None, 'dp_delta': None}
[2026-06-13 04:21:10,102] INFO   : {'epoch': 1.0, 'is_checkpoint': 1, 'steps': 82, 'samples': 5248, 'trn_loss': 21.7015, 'val_loss': 21.5711, 'total_time': 1.5, 'learn_rate': 0.00141, 'dp_eps': None, 'dp_delta': None}
[2026-06-13 04:21:11,497] INFO   : {'epoch': 2.0, 'is_checkpoint': 1, 'steps': 164, 'samples': 10440, 'trn_loss': 20.9076, 'val_loss': 20.8189, 'total_time': 2.9, 'learn_rate': 0.00141, 'dp_eps': None, 'dp_delta': None}
[2026-06-13 04:21:12,935] INFO   : {'epoch': 3.0, 'is_checkpoint': 1, 'steps': 246, 'samples': 15632, 'trn_loss': 19.9072, 'val_loss': 19.7922, 'total_time': 4.3, 'learn_rate': 0.00141, 'dp_eps': None, 'dp_delta': None}
[2026-06-13 04:21:14,347] INFO   : {'epoch': 4.0, 'is_checkpoint': 1, 'steps': 328, 'samples': 20824, 'trn_loss': 19.1159, 'val_loss': 18.973, 'total_time': 5.7, 'learn_rate': 0.00141, 'dp_eps': None, 'dp_delta': None}
[2026-06-13 04:21:15,737] INFO   : {'epoch': 5.0, 'is_checkpoint': 1, 'steps': 410, 'samples': 26016, 'trn_loss': 18.4615, 'val_loss': 18.4893, 'total_time': 7.1, 'learn_rate': 0.00141, 'dp_eps': None, 'dp_delta': None}
[2026-06-13 04:21:17,013] INFO   : {'epoch': 6.0, 'is_checkpoint': 1, 'steps': 492, 'samples': 31208, 'trn_loss': 18.1419, 'val_loss': 18.1809, 'total_time': 8.4, 'learn_rate': 0.00141, 'dp_eps': None, 'dp_delta': None}
[2026-06-13 04:21:18,238] INFO   : {'epoch': 7.0, 'is_checkpoint': 1, 'steps': 574, 'samples': 36400, 'trn_loss': 17.768, 'val_loss': 17.8921, 'total_time': 9.6, 'learn_rate': 0.00141, 'dp_eps': None, 'dp_delta': None}
[2026-06-13 04:21:19,479] INFO   : {'epoch': 8.0, 'is_checkpoint': 1, 'steps': 656, 'samples': 41592, 'trn_loss': 17.5535, 'val_loss': 17.7073, 'total_time': 10.9, 'learn_rate': 0.00141, 'dp_eps': None, 'dp_delta': None}
[2026-06-13 04:21:20,806] INFO   : {'epoch': 9.0, 'is_checkpoint': 1, 'steps': 738, 'samples': 46784, 'trn_loss': 17.4107, 'val_loss': 17.6071, 'total_time': 12.2, 'learn_rate': 0.00141, 'dp_eps': None, 'dp_delta': None}
[2026-06-13 04:21:22,345] INFO   : {'epoch': 10.0, 'is_checkpoint': 1, 'steps': 820, 'samples': 51976, 'trn_loss': 17.2404, 'val_loss': 17.4676, 'total_time': 13.7, 'learn_rate': 0.00141, 'dp_eps': None, 'dp_delta': None}
[2026-06-13 04:21:23,660] INFO   : {'epoch': 11.0, 'is_checkpoint': 1, 'steps': 902, 'samples': 57168, 'trn_loss': 17.1329, 'val_loss': 17.4227, 'total_time': 15.0, 'learn_rate': 0.00141, 'dp_eps': None, 'dp_delta': None}
[2026-06-13 04:21:24,952] INFO   : {'epoch': 12.0, 'is_checkpoint': 1, 'steps': 984, 'samples': 62360, 'trn_loss': 17.0254, 'val_loss': 17.3274, 'total_time': 16.3, 'learn_rate': 0.00141, 'dp_eps': None, 'dp_delta': None}
[2026-06-13 04:21:26,309] INFO   : {'epoch': 13.0, 'is_checkpoint': 1, 'steps': 1066, 'samples': 67552, 'trn_loss': 16.9142, 'val_loss': 17.2812, 'total_time': 17.7, 'learn_rate': 0.00141, 'dp_eps': None, 'dp_delta': None}
[2026-06-13 04:21:27,726] INFO   : {'epoch': 14.0, 'is_checkpoint': 1, 'steps': 1148, 'samples': 72744, 'trn_loss': 16.831, 'val_loss': 17.1816, 'total_time': 19.1, 'learn_rate': 0.00141, 'dp_eps': None, 'dp_delta': None}
[2026-06-13 04:21:29,088] INFO   : {'epoch': 15.0, 'is_checkpoint': 0, 'steps': 1230, 'samples': 77936, 'trn_loss': 16.7505, 'val_loss': 17.2046, 'total_time': 20.5, 'learn_rate': 0.00141, 'dp_eps': None, 'dp_delta': None}
[2026-06-13 04:21:30,393] INFO   : {'epoch': 16.0, 'is_checkpoint': 1, 'steps': 1312, 'samples': 83128, 'trn_loss': 16.6865, 'val_loss': 17.1293, 'total_time': 21.8, 'learn_rate': 0.00141, 'dp_eps': None, 'dp_delta': None}
[2026-06-13 04:21:31,640] INFO   : {'epoch': 17.0, 'is_checkpoint': 1, 'steps': 1394, 'samples': 88320, 'trn_loss': 16.6276, 'val_loss': 17.1062, 'total_time': 23.0, 'learn_rate': 0.00141, 'dp_eps': None, 'dp_delta': None}
[2026-06-13 04:21:32,981] INFO   : {'epoch': 18.0, 'is_checkpoint': 0, 'steps': 1476, 'samples': 93512, 'trn_loss': 16.5462, 'val_loss': 17.1123, 'total_time': 24.4, 'learn_rate': 0.00141, 'dp_eps': None, 'dp_delta': None}
[2026-06-13 04:21:34,410] INFO   : {'epoch': 19.0, 'is_checkpoint': 1, 'steps': 1558, 'samples': 98704, 'trn_loss': 16.4765, 'val_loss': 17.0937, 'total_time': 25.8, 'learn_rate': 0.00141, 'dp_eps': None, 'dp_delta': None}
[2026-06-13 04:21:35,877] INFO   : {'epoch': 20.0, 'is_checkpoint': 1, 'steps': 1640, 'samples': 103896, 'trn_loss': 16.4462, 'val_loss': 17.0418, 'total_time': 27.3, 'learn_rate': 0.00141, 'dp_eps': None, 'dp_delta': None}
[2026-06-13 04:21:37,341] INFO   : {'epoch': 21.0, 'is_checkpoint': 1, 'steps': 1722, 'samples': 109088, 'trn_loss': 16.3584, 'val_loss': 17.031, 'total_time': 28.7, 'learn_rate': 0.00141, 'dp_eps': None, 'dp_delta': None}
[2026-06-13 04:21:38,606] INFO   : {'epoch': 22.0, 'is_checkpoint': 1, 'steps': 1804, 'samples': 114280, 'trn_loss': 16.3754, 'val_loss': 16.9863, 'total_time': 30.0, 'learn_rate': 0.00141, 'dp_eps': None, 'dp_delta': None}
[2026-06-13 04:21:39,901] INFO   : {'epoch': 23.0, 'is_checkpoint': 0, 'steps': 1886, 'samples': 119472, 'trn_loss': 16.328, 'val_loss': 17.0194, 'total_time': 31.3, 'learn_rate': 0.00141, 'dp_eps': None, 'dp_delta': None}
[2026-06-13 04:21:41,154] INFO   : {'epoch': 24.0, 'is_checkpoint': 0, 'steps': 1968, 'samples': 124664, 'trn_loss': 16.3129, 'val_loss': 17.0493, 'total_time': 32.5, 'learn_rate': 0.00141, 'dp_eps': None, 'dp_delta': None}
[2026-06-13 04:21:42,376] INFO   : {'epoch': 25.0, 'is_checkpoint': 1, 'steps': 2050, 'samples': 129856, 'trn_loss': 16.272, 'val_loss': 16.9511, 'total_time': 33.8, 'learn_rate': 0.00141, 'dp_eps': None, 'dp_delta': None}
[2026-06-13 04:21:43,561] INFO   : {'epoch': 26.0, 'is_checkpoint': 0, 'steps': 2132, 'samples': 135048, 'trn_loss': 16.1797, 'val_loss': 16.9839, 'total_time': 34.9, 'learn_rate': 0.00141, 'dp_eps': None, 'dp_delta': None}
[2026-06-13 04:21:44,780] INFO   : {'epoch': 27.0, 'is_checkpoint': 1, 'steps': 2214, 'samples': 140240, 'trn_loss': 16.1381, 'val_loss': 16.9309, 'total_time': 36.2, 'learn_rate': 0.00141, 'dp_eps': None, 'dp_delta': None}
[2026-06-13 04:21:46,060] INFO   : {'epoch': 28.0, 'is_checkpoint': 0, 'steps': 2296, 'samples': 145432, 'trn_loss': 16.1459, 'val_loss': 16.9614, 'total_time': 37.4, 'learn_rate': 0.00141, 'dp_eps': None, 'dp_delta': None}
[2026-06-13 04:21:47,347] INFO   : {'epoch': 29.0, 'is_checkpoint': 1, 'steps': 2378, 'samples': 150624, 'trn_loss': 16.1318, 'val_loss': 16.884, 'total_time': 38.7, 'learn_rate': 0.00141, 'dp_eps': None, 'dp_delta': None}
[2026-06-13 04:21:48,706] INFO   : {'epoch': 30.0, 'is_checkpoint': 0, 'steps': 2460, 'samples': 155816, 'trn_loss': 16.0749, 'val_loss': 17.0079, 'total_time': 40.1, 'learn_rate': 0.00141, 'dp_eps': None, 'dp_delta': None}
[2026-06-13 04:21:50,024] INFO   : {'epoch': 31.0, 'is_checkpoint': 0, 'steps': 2542, 'samples': 161008, 'trn_loss': 15.9966, 'val_loss': 16.9629, 'total_time': 41.4, 'learn_rate': 0.00141, 'dp_eps': None, 'dp_delta': None}
[2026-06-13 04:21:51,239] INFO   : {'epoch': 32.0, 'is_checkpoint': 0, 'steps': 2624, 'samples': 166200, 'trn_loss': 16.0156, 'val_loss': 16.9279, 'total_time': 42.6, 'learn_rate': 0.00141, 'dp_eps': None, 'dp_delta': None}
[2026-06-13 04:21:52,491] INFO   : {'epoch': 33.0, 'is_checkpoint': 0, 'steps': 2706, 'samples': 171392, 'trn_loss': 15.9055, 'val_loss': 16.9591, 'total_time': 43.9, 'learn_rate': 0.000705, 'dp_eps': None, 'dp_delta': None}
[2026-06-13 04:21:53,776] INFO   : early stopping: val_loss stopped improving
[2026-06-13 04:21:53,776] INFO   : {'epoch': 34.0, 'is_checkpoint': 0, 'steps': 2788, 'samples': 176584, 'trn_loss': 15.9494, 'val_loss': 16.9959, 'total_time': 45.2, 'learn_rate': 0.000705, 'dp_eps': None, 'dp_delta': None}
[2026-06-13 04:21:53,782] INFO   : TRAIN_TABULAR finished in 45.65s
2026-06-13 04:21:55 [INFO] paysim — [fold=3] ✔ DONE  train_m1  (59.7s)
2026-06-13 04:21:55 [INFO] paysim — [fold=3] ▶ START train_m2
[2026-06-13 04:21:55,060] INFO   : SPLIT started
[2026-06-13 04:21:55,061] INFO   : create `/shared/paysim-sarmad/models/fold_3/m2/OriginalData/tgt-data`
[2026-06-13 04:21:55,061] INFO   : create `/shared/paysim-sarmad/models/fold_3/m2/OriginalData/tgt-meta`
[2026-06-13 04:21:55,061] INFO   : model_type='TABULAR'
[2026-06-13 04:21:55,061] INFO   : tgt_encoding_types={'step': 'TABULAR_NUMERIC_AUTO', 'type': 'TABULAR_CATEGORICAL', 'amount': 'TABULAR_NUMERIC_AUTO', 'oldbalanceOrg': 'TABULAR_NUMERIC_AUTO', 'newbalanceOrig': 'TABULAR_NUMERIC_AUTO', 'oldbalanceDest': 'TABULAR_NUMERIC_AUTO', 'newbalanceDest': 'TABULAR_NUMERIC_AUTO', 'isFraud': 'TABULAR_NUMERIC_AUTO', 'isFlaggedFraud': 'TABULAR_NUMERIC_AUTO'}
[2026-06-13 04:21:55,453] INFO   : SPLIT finished in 0.39s
[2026-06-13 04:21:55,454] INFO   : ANALYZE started
[2026-06-13 04:21:55,455] INFO   : create `/shared/paysim-sarmad/models/fold_3/m2/ModelStore/tgt-stats`
[2026-06-13 04:21:55,455] INFO   : analyzing 2 partitions in parallel
[2026-06-13 04:22:03,839] INFO   : analyzed target partition 000000-trn (411938, 9)
[2026-06-13 04:22:05,801] INFO   : analyzed target partition 000000-val (102984, 9)
[2026-06-13 04:22:05,802] INFO   : combine partition statistics
[2026-06-13 04:22:05,816] INFO   : value_protection = True
[2026-06-13 04:22:05,817] INFO   : analyzed column `step`: TABULAR_NUMERIC_DIGIT {'E2': 8, 'E1': 10, 'E0': 10}
[2026-06-13 04:22:05,817] INFO   : analyzed column `type`: TABULAR_CATEGORICAL {'cat': 6}
[2026-06-13 04:22:05,819] INFO   : analyzed column `amount`: TABULAR_NUMERIC_BINNED {'bin': 103}
[2026-06-13 04:22:05,821] INFO   : analyzed column `oldbalanceOrg`: TABULAR_NUMERIC_BINNED {'bin': 103}
[2026-06-13 04:22:05,825] INFO   : analyzed column `newbalanceOrig`: TABULAR_NUMERIC_BINNED {'bin': 103}
[2026-06-13 04:22:05,827] INFO   : analyzed column `oldbalanceDest`: TABULAR_NUMERIC_BINNED {'bin': 103}
[2026-06-13 04:22:05,829] INFO   : analyzed column `newbalanceDest`: TABULAR_NUMERIC_BINNED {'bin': 103}
[2026-06-13 04:22:05,829] INFO   : analyzed column `isFraud`: TABULAR_NUMERIC_DISCRETE {'cat': 3}
[2026-06-13 04:22:05,830] INFO   : analyzed column `isFlaggedFraud`: TABULAR_NUMERIC_DISCRETE {'cat': 3}
[2026-06-13 04:22:05,830] INFO   : analyzed 514,922 records: 411,938 training / 102,984 validation
[2026-06-13 04:22:05,833] INFO   : is_sequential: False
[2026-06-13 04:22:05,833] INFO   : write statistics to `/shared/paysim-sarmad/models/fold_3/m2/ModelStore/tgt-stats/stats.json`
[2026-06-13 04:22:05,835] INFO   : ANALYZE finished in 10.38s
[2026-06-13 04:22:05,836] INFO   : ENCODE_TABULAR started
[2026-06-13 04:22:05,836] INFO   : create `/shared/paysim-sarmad/models/fold_3/m2/OriginalData/encoded-data`
[2026-06-13 04:22:05,836] INFO   : clean `/shared/paysim-sarmad/models/fold_3/m2/OriginalData/encoded-data`
[2026-06-13 04:22:05,836] INFO   : clean `/shared/paysim-sarmad/models/fold_3/m2/OriginalData/encoded-data`
[2026-06-13 04:22:09,069] INFO   : encoded partition part.000000-trn.parquet (411938, 11)
[2026-06-13 04:22:09,857] INFO   : encoded partition part.000000-val.parquet (102984, 11)
[2026-06-13 04:22:09,858] INFO   : ENCODE_TABULAR finished in 4.02s
[2026-06-13 04:22:09,858] INFO   : TRAIN_TABULAR started
[2026-06-13 04:22:09,864] INFO   : numpy=2.4.4, pandas=2.3.3
[2026-06-13 04:22:09,866] INFO   : torch=2.5.1+cu121, opacus=1.4.0
[2026-06-13 04:22:09,866] INFO   : device=device(type='cuda', index=0)
[2026-06-13 04:22:09,866] INFO   : is_sequential=False
[2026-06-13 04:22:09,866] INFO   : max_training_time=864000.0s
[2026-06-13 04:22:09,866] INFO   : max_epochs=100
[2026-06-13 04:22:09,866] INFO   : model_size=<ModelSize.M: 'M'>
[2026-06-13 04:22:09,866] INFO   : enable_flexible_generation=True
[2026-06-13 04:22:09,866] INFO   : with_dp=False
[2026-06-13 04:22:09,866] INFO   : model_state_strategy=<ModelStateStrategy.reset: 'RESET'>
[2026-06-13 04:22:09,866] INFO   : max_sequence_window=np.int64(1)
[2026-06-13 04:22:09,900] INFO   : create training model
[2026-06-13 04:22:09,904] INFO   : initializing predictor bias with empirical log probabilities
[2026-06-13 04:22:09,907] INFO   : model class: FlatModel
[2026-06-13 04:22:09,907] INFO   : model weights not found; change strategy from ModelStateStrategy.reset to RESET
[2026-06-13 04:22:09,907] INFO   : model_state_strategy=<ModelStateStrategy.reset: 'RESET'>
[2026-06-13 04:22:09,907] INFO   : remove existing checkpoint files
[2026-06-13 04:22:09,907] INFO   : start training progress from epoch=0.0, steps=0
[2026-06-13 04:22:09,908] INFO   : no_of_model_params=np.int64(106829)
2026-06-13 04:22:10 [INFO] httpx — HTTP Request: HEAD https://s3.amazonaws.com/datasets.huggingface.co/datasets/datasets/parquet/parquet.py "HTTP/1.1 404 Not Found"
2026-06-13 04:22:10 [INFO] httpx — HTTP Request: HEAD https://s3.amazonaws.com/datasets.huggingface.co/datasets/datasets/parquet/parquet.py "HTTP/1.1 404 Not Found"
[2026-06-13 04:22:10,264] INFO   : trn_cnt=411938, val_cnt=102984
[2026-06-13 04:22:10,264] INFO   : len(tgt_sub_columns)=11, len(ctxflt_sub_columns)=0, len(ctxseq_sub_columns)=0
[2026-06-13 04:22:10,264] INFO   : tgt_cardinalities_deciles=[np.int64(3), np.int64(3), np.int64(6), np.int64(8), np.int64(10), np.int64(10), np.int64(103), np.int64(103), np.int64(103), np.int64(103), np.int64(103)]
[2026-06-13 04:22:10,265] INFO   : trn_batch_size=4096, val_batch_size=4096
[2026-06-13 04:22:10,265] INFO   : trn_steps=100, val_steps=25
[2026-06-13 04:22:10,265] INFO   : batch_size=4096, gradient_accumulation_steps=1, initial_lr=np.float64(0.01131)
[2026-06-13 04:22:10,443] INFO   : {'epoch': 0.01, 'is_checkpoint': 0, 'steps': 1, 'samples': 4096, 'trn_loss': 25.6944, 'val_loss': None, 'total_time': 0.2, 'learn_rate': 0.01131, 'dp_eps': None, 'dp_delta': None}
[2026-06-13 04:22:29,377] INFO   : {'epoch': 1.0, 'is_checkpoint': 1, 'steps': 100, 'samples': 409600, 'trn_loss': 22.7156, 'val_loss': 21.0267, 'total_time': 19.1, 'learn_rate': 0.01131, 'dp_eps': None, 'dp_delta': None}
[2026-06-13 04:22:42,300] INFO   : analyzed target partition 000000-trn (4072077, 9)
[2026-06-13 04:22:48,323] INFO   : {'epoch': 2.0, 'is_checkpoint': 1, 'steps': 200, 'samples': 817442, 'trn_loss': 21.0612, 'val_loss': 20.3922, 'total_time': 38.1, 'learn_rate': 0.01131, 'dp_eps': None, 'dp_delta': None}
[2026-06-13 04:23:07,188] INFO   : {'epoch': 3.0, 'is_checkpoint': 1, 'steps': 300, 'samples': 1225284, 'trn_loss': 20.5789, 'val_loss': 20.0826, 'total_time': 56.9, 'learn_rate': 0.01131, 'dp_eps': None, 'dp_delta': None}
[2026-06-13 04:23:09,130] INFO   : analyzed target partition 000000-val (1018019, 9)
[2026-06-13 04:23:09,132] INFO   : combine partition statistics
[2026-06-13 04:23:09,139] INFO   : value_protection = True
[2026-06-13 04:23:09,140] INFO   : analyzed column `step`: TABULAR_NUMERIC_DIGIT {'E2': 8, 'E1': 10, 'E0': 10}
[2026-06-13 04:23:09,140] INFO   : analyzed column `type`: TABULAR_CATEGORICAL {'cat': 6}
[2026-06-13 04:23:09,141] INFO   : analyzed column `amount`: TABULAR_NUMERIC_BINNED {'bin': 103}
[2026-06-13 04:23:09,143] INFO   : analyzed column `oldbalanceOrg`: TABULAR_NUMERIC_BINNED {'bin': 103}
[2026-06-13 04:23:09,146] INFO   : analyzed column `newbalanceOrig`: TABULAR_NUMERIC_BINNED {'bin': 103}
[2026-06-13 04:23:09,149] INFO   : analyzed column `oldbalanceDest`: TABULAR_NUMERIC_BINNED {'bin': 103}
[2026-06-13 04:23:09,151] INFO   : analyzed column `newbalanceDest`: TABULAR_NUMERIC_BINNED {'bin': 103}
[2026-06-13 04:23:09,151] INFO   : analyzed column `isFraud`: TABULAR_NUMERIC_DISCRETE {'cat': 3}
[2026-06-13 04:23:09,151] INFO   : analyzed column `isFlaggedFraud`: TABULAR_NUMERIC_DISCRETE {'cat': 3}
[2026-06-13 04:23:09,152] INFO   : analyzed 5,090,096 records: 4,072,077 training / 1,018,019 validation
[2026-06-13 04:23:09,290] INFO   : is_sequential: False
[2026-06-13 04:23:09,290] INFO   : write statistics to `/shared/paysim-sarmad/models/fold_3/m3/ModelStore/tgt-stats/stats.json`
[2026-06-13 04:23:09,292] INFO   : ANALYZE finished in 121.63s
[2026-06-13 04:23:09,293] INFO   : ENCODE_TABULAR started
[2026-06-13 04:23:09,293] INFO   : create `/shared/paysim-sarmad/models/fold_3/m3/OriginalData/encoded-data`
[2026-06-13 04:23:09,293] INFO   : clean `/shared/paysim-sarmad/models/fold_3/m3/OriginalData/encoded-data`
[2026-06-13 04:23:09,293] INFO   : clean `/shared/paysim-sarmad/models/fold_3/m3/OriginalData/encoded-data`
[2026-06-13 04:23:25,306] INFO   : {'epoch': 4.0, 'is_checkpoint': 1, 'steps': 400, 'samples': 1633126, 'trn_loss': 20.3987, 'val_loss': 19.9061, 'total_time': 75.0, 'learn_rate': 0.01131, 'dp_eps': None, 'dp_delta': None}
[2026-06-13 04:23:39,002] INFO   : encoded partition part.000000-trn.parquet (4072077, 11)
[2026-06-13 04:23:43,350] INFO   : {'epoch': 5.0, 'is_checkpoint': 1, 'steps': 500, 'samples': 2040968, 'trn_loss': 20.2438, 'val_loss': 19.787, 'total_time': 93.1, 'learn_rate': 0.01131, 'dp_eps': None, 'dp_delta': None}
[2026-06-13 04:23:46,690] INFO   : encoded partition part.000000-val.parquet (1018019, 11)
[2026-06-13 04:23:46,694] INFO   : ENCODE_TABULAR finished in 37.40s
[2026-06-13 04:23:46,695] INFO   : TRAIN_TABULAR started
[2026-06-13 04:23:46,701] INFO   : numpy=2.4.4, pandas=2.3.3
[2026-06-13 04:23:46,702] INFO   : torch=2.5.1+cu121, opacus=1.4.0
[2026-06-13 04:23:46,702] INFO   : device=device(type='cuda', index=1)
[2026-06-13 04:23:46,702] INFO   : is_sequential=False
[2026-06-13 04:23:46,702] INFO   : max_training_time=864000.0s
[2026-06-13 04:23:46,702] INFO   : max_epochs=100
[2026-06-13 04:23:46,702] INFO   : model_size=<ModelSize.M: 'M'>
[2026-06-13 04:23:46,703] INFO   : enable_flexible_generation=True
[2026-06-13 04:23:46,703] INFO   : with_dp=False
[2026-06-13 04:23:46,703] INFO   : model_state_strategy=<ModelStateStrategy.reset: 'RESET'>
[2026-06-13 04:23:46,703] INFO   : max_sequence_window=np.int64(1)
[2026-06-13 04:23:46,932] INFO   : create training model
[2026-06-13 04:23:47,250] INFO   : initializing predictor bias with empirical log probabilities
[2026-06-13 04:23:47,253] INFO   : model class: FlatModel
[2026-06-13 04:23:47,253] INFO   : model weights not found; change strategy from ModelStateStrategy.reset to RESET
[2026-06-13 04:23:47,253] INFO   : model_state_strategy=<ModelStateStrategy.reset: 'RESET'>
[2026-06-13 04:23:47,253] INFO   : remove existing checkpoint files
[2026-06-13 04:23:47,253] INFO   : start training progress from epoch=0.0, steps=0
[2026-06-13 04:23:47,254] INFO   : no_of_model_params=np.int64(106829)
2026-06-13 04:23:47 [INFO] httpx — HTTP Request: HEAD https://s3.amazonaws.com/datasets.huggingface.co/datasets/datasets/parquet/parquet.py "HTTP/1.1 404 Not Found"
2026-06-13 04:23:47 [INFO] httpx — HTTP Request: HEAD https://s3.amazonaws.com/datasets.huggingface.co/datasets/datasets/parquet/parquet.py "HTTP/1.1 404 Not Found"
[2026-06-13 04:23:47,941] INFO   : trn_cnt=4072077, val_cnt=1018019
[2026-06-13 04:23:47,941] INFO   : len(tgt_sub_columns)=11, len(ctxflt_sub_columns)=0, len(ctxseq_sub_columns)=0
[2026-06-13 04:23:47,942] INFO   : tgt_cardinalities_deciles=[np.int64(3), np.int64(3), np.int64(6), np.int64(8), np.int64(10), np.int64(10), np.int64(103), np.int64(103), np.int64(103), np.int64(103), np.int64(103)]
[2026-06-13 04:23:47,942] INFO   : trn_batch_size=4096, val_batch_size=4096
[2026-06-13 04:23:47,942] INFO   : trn_steps=994, val_steps=248
[2026-06-13 04:23:47,942] INFO   : batch_size=4096, gradient_accumulation_steps=1, initial_lr=np.float64(0.01131)
[2026-06-13 04:23:49,158] INFO   : {'epoch': 0.0, 'is_checkpoint': 0, 'steps': 1, 'samples': 4096, 'trn_loss': 25.5758, 'val_loss': None, 'total_time': 1.2, 'learn_rate': 0.01131, 'dp_eps': None, 'dp_delta': None}
[2026-06-13 04:24:01,182] INFO   : {'epoch': 6.0, 'is_checkpoint': 1, 'steps': 600, 'samples': 2448810, 'trn_loss': 20.1495, 'val_loss': 19.6809, 'total_time': 110.9, 'learn_rate': 0.01131, 'dp_eps': None, 'dp_delta': None}
[2026-06-13 04:24:18,570] INFO   : {'epoch': 7.0, 'is_checkpoint': 1, 'steps': 700, 'samples': 2856652, 'trn_loss': 20.0699, 'val_loss': 19.647, 'total_time': 128.3, 'learn_rate': 0.01131, 'dp_eps': None, 'dp_delta': None}
[2026-06-13 04:24:36,593] INFO   : {'epoch': 8.0, 'is_checkpoint': 1, 'steps': 800, 'samples': 3264494, 'trn_loss': 20.0156, 'val_loss': 19.6107, 'total_time': 146.3, 'learn_rate': 0.01131, 'dp_eps': None, 'dp_delta': None}
[2026-06-13 04:24:54,348] INFO   : {'epoch': 9.0, 'is_checkpoint': 1, 'steps': 900, 'samples': 3672336, 'trn_loss': 19.9588, 'val_loss': 19.5182, 'total_time': 164.1, 'learn_rate': 0.01131, 'dp_eps': None, 'dp_delta': None}
[2026-06-13 04:25:11,727] INFO   : {'epoch': 10.0, 'is_checkpoint': 1, 'steps': 1000, 'samples': 4080178, 'trn_loss': 19.9558, 'val_loss': 19.503, 'total_time': 181.5, 'learn_rate': 0.01131, 'dp_eps': None, 'dp_delta': None}
[2026-06-13 04:25:29,394] INFO   : {'epoch': 11.0, 'is_checkpoint': 0, 'steps': 1100, 'samples': 4488020, 'trn_loss': 19.8894, 'val_loss': 19.5065, 'total_time': 199.1, 'learn_rate': 0.01131, 'dp_eps': None, 'dp_delta': None}
[2026-06-13 04:25:47,549] INFO   : {'epoch': 12.0, 'is_checkpoint': 1, 'steps': 1200, 'samples': 4895862, 'trn_loss': 19.8828, 'val_loss': 19.4466, 'total_time': 217.3, 'learn_rate': 0.01131, 'dp_eps': None, 'dp_delta': None}
[2026-06-13 04:26:04,878] INFO   : {'epoch': 13.0, 'is_checkpoint': 0, 'steps': 1300, 'samples': 5303704, 'trn_loss': 19.8446, 'val_loss': 19.456, 'total_time': 234.6, 'learn_rate': 0.01131, 'dp_eps': None, 'dp_delta': None}
[2026-06-13 04:26:22,602] INFO   : {'epoch': 14.0, 'is_checkpoint': 0, 'steps': 1400, 'samples': 5711546, 'trn_loss': 19.811, 'val_loss': 19.4639, 'total_time': 252.3, 'learn_rate': 0.01131, 'dp_eps': None, 'dp_delta': None}
[2026-06-13 04:26:40,653] INFO   : {'epoch': 15.0, 'is_checkpoint': 1, 'steps': 1500, 'samples': 6119388, 'trn_loss': 19.8097, 'val_loss': 19.4316, 'total_time': 270.4, 'learn_rate': 0.01131, 'dp_eps': None, 'dp_delta': None}
[2026-06-13 04:26:58,387] INFO   : {'epoch': 16.0, 'is_checkpoint': 1, 'steps': 1600, 'samples': 6527230, 'trn_loss': 19.8005, 'val_loss': 19.3406, 'total_time': 288.1, 'learn_rate': 0.01131, 'dp_eps': None, 'dp_delta': None}
[2026-06-13 04:27:11,951] INFO   : {'epoch': 1.0, 'is_checkpoint': 1, 'steps': 994, 'samples': 4071424, 'trn_loss': 20.4507, 'val_loss': 19.4895, 'total_time': 204.0, 'learn_rate': 0.01131, 'dp_eps': None, 'dp_delta': None}
[2026-06-13 04:27:16,414] INFO   : {'epoch': 17.0, 'is_checkpoint': 0, 'steps': 1700, 'samples': 6935072, 'trn_loss': 19.7914, 'val_loss': 19.3438, 'total_time': 306.1, 'learn_rate': 0.01131, 'dp_eps': None, 'dp_delta': None}
[2026-06-13 04:27:34,515] INFO   : {'epoch': 18.0, 'is_checkpoint': 0, 'steps': 1800, 'samples': 7342914, 'trn_loss': 19.7513, 'val_loss': 19.3546, 'total_time': 324.2, 'learn_rate': 0.01131, 'dp_eps': None, 'dp_delta': None}
[2026-06-13 04:27:52,296] INFO   : {'epoch': 19.0, 'is_checkpoint': 1, 'steps': 1900, 'samples': 7750756, 'trn_loss': 19.7448, 'val_loss': 19.3306, 'total_time': 342.0, 'learn_rate': 0.01131, 'dp_eps': None, 'dp_delta': None}
[2026-06-13 04:28:10,234] INFO   : {'epoch': 20.0, 'is_checkpoint': 1, 'steps': 2000, 'samples': 8158598, 'trn_loss': 19.7371, 'val_loss': 19.3208, 'total_time': 360.0, 'learn_rate': 0.01131, 'dp_eps': None, 'dp_delta': None}
[2026-06-13 04:28:28,309] INFO   : {'epoch': 21.0, 'is_checkpoint': 0, 'steps': 2100, 'samples': 8566440, 'trn_loss': 19.7239, 'val_loss': 19.343, 'total_time': 378.0, 'learn_rate': 0.01131, 'dp_eps': None, 'dp_delta': None}
[2026-06-13 04:28:46,790] INFO   : {'epoch': 22.0, 'is_checkpoint': 1, 'steps': 2200, 'samples': 8974282, 'trn_loss': 19.7226, 'val_loss': 19.2958, 'total_time': 396.5, 'learn_rate': 0.01131, 'dp_eps': None, 'dp_delta': None}
[2026-06-13 04:29:06,298] INFO   : {'epoch': 23.0, 'is_checkpoint': 1, 'steps': 2300, 'samples': 9382124, 'trn_loss': 19.7156, 'val_loss': 19.2902, 'total_time': 416.0, 'learn_rate': 0.01131, 'dp_eps': None, 'dp_delta': None}
[2026-06-13 04:29:24,380] INFO   : {'epoch': 24.0, 'is_checkpoint': 0, 'steps': 2400, 'samples': 9789966, 'trn_loss': 19.7243, 'val_loss': 19.3033, 'total_time': 434.1, 'learn_rate': 0.01131, 'dp_eps': None, 'dp_delta': None}
[2026-06-13 04:29:42,004] INFO   : {'epoch': 25.0, 'is_checkpoint': 1, 'steps': 2500, 'samples': 10197808, 'trn_loss': 19.6922, 'val_loss': 19.2747, 'total_time': 451.7, 'learn_rate': 0.01131, 'dp_eps': None, 'dp_delta': None}
[2026-06-13 04:29:59,659] INFO   : {'epoch': 26.0, 'is_checkpoint': 1, 'steps': 2600, 'samples': 10605650, 'trn_loss': 19.6921, 'val_loss': 19.2364, 'total_time': 469.4, 'learn_rate': 0.01131, 'dp_eps': None, 'dp_delta': None}
[2026-06-13 04:30:17,856] INFO   : {'epoch': 27.0, 'is_checkpoint': 1, 'steps': 2700, 'samples': 11013492, 'trn_loss': 19.6649, 'val_loss': 19.2227, 'total_time': 487.6, 'learn_rate': 0.01131, 'dp_eps': None, 'dp_delta': None}
[2026-06-13 04:30:35,414] INFO   : {'epoch': 28.0, 'is_checkpoint': 0, 'steps': 2800, 'samples': 11421334, 'trn_loss': 19.684, 'val_loss': 19.2515, 'total_time': 505.1, 'learn_rate': 0.01131, 'dp_eps': None, 'dp_delta': None}
[2026-06-13 04:30:38,179] INFO   : {'epoch': 2.0, 'is_checkpoint': 1, 'steps': 1988, 'samples': 8139405, 'trn_loss': 19.7722, 'val_loss': 19.3227, 'total_time': 410.2, 'learn_rate': 0.01131, 'dp_eps': None, 'dp_delta': None}
[2026-06-13 04:30:53,540] INFO   : {'epoch': 29.0, 'is_checkpoint': 0, 'steps': 2900, 'samples': 11829176, 'trn_loss': 19.6479, 'val_loss': 19.2384, 'total_time': 523.3, 'learn_rate': 0.01131, 'dp_eps': None, 'dp_delta': None}
[2026-06-13 04:31:11,564] INFO   : {'epoch': 30.0, 'is_checkpoint': 1, 'steps': 3000, 'samples': 12237018, 'trn_loss': 19.6588, 'val_loss': 19.2097, 'total_time': 541.3, 'learn_rate': 0.01131, 'dp_eps': None, 'dp_delta': None}
[2026-06-13 04:31:30,329] INFO   : {'epoch': 31.0, 'is_checkpoint': 0, 'steps': 3100, 'samples': 12644860, 'trn_loss': 19.654, 'val_loss': 19.2715, 'total_time': 560.1, 'learn_rate': 0.01131, 'dp_eps': None, 'dp_delta': None}
[2026-06-13 04:31:50,093] INFO   : {'epoch': 32.0, 'is_checkpoint': 0, 'steps': 3200, 'samples': 13052702, 'trn_loss': 19.644, 'val_loss': 19.2402, 'total_time': 579.8, 'learn_rate': 0.01131, 'dp_eps': None, 'dp_delta': None}
[2026-06-13 04:32:10,650] INFO   : {'epoch': 33.0, 'is_checkpoint': 0, 'steps': 3300, 'samples': 13460544, 'trn_loss': 19.6165, 'val_loss': 19.2121, 'total_time': 600.4, 'learn_rate': 0.01131, 'dp_eps': None, 'dp_delta': None}
[2026-06-13 04:32:29,890] INFO   : {'epoch': 34.0, 'is_checkpoint': 1, 'steps': 3400, 'samples': 13868386, 'trn_loss': 19.5453, 'val_loss': 19.1399, 'total_time': 619.6, 'learn_rate': 0.005655, 'dp_eps': None, 'dp_delta': None}
[2026-06-13 04:32:49,786] INFO   : {'epoch': 35.0, 'is_checkpoint': 1, 'steps': 3500, 'samples': 14276228, 'trn_loss': 19.5445, 'val_loss': 19.106, 'total_time': 639.5, 'learn_rate': 0.005655, 'dp_eps': None, 'dp_delta': None}
[2026-06-13 04:33:09,100] INFO   : {'epoch': 36.0, 'is_checkpoint': 0, 'steps': 3600, 'samples': 14684070, 'trn_loss': 19.52, 'val_loss': 19.1505, 'total_time': 658.8, 'learn_rate': 0.005655, 'dp_eps': None, 'dp_delta': None}
[2026-06-13 04:33:28,409] INFO   : {'epoch': 37.0, 'is_checkpoint': 0, 'steps': 3700, 'samples': 15091912, 'trn_loss': 19.5267, 'val_loss': 19.1235, 'total_time': 678.1, 'learn_rate': 0.005655, 'dp_eps': None, 'dp_delta': None}
[2026-06-13 04:33:46,424] INFO   : {'epoch': 38.0, 'is_checkpoint': 0, 'steps': 3800, 'samples': 15499754, 'trn_loss': 19.5263, 'val_loss': 19.1278, 'total_time': 696.2, 'learn_rate': 0.005655, 'dp_eps': None, 'dp_delta': None}
[2026-06-13 04:34:04,082] INFO   : {'epoch': 39.0, 'is_checkpoint': 0, 'steps': 3900, 'samples': 15907596, 'trn_loss': 19.5039, 'val_loss': 19.1357, 'total_time': 713.8, 'learn_rate': 0.002828, 'dp_eps': None, 'dp_delta': None}
[2026-06-13 04:34:04,687] INFO   : {'epoch': 3.0, 'is_checkpoint': 1, 'steps': 2982, 'samples': 12207386, 'trn_loss': 19.6654, 'val_loss': 19.2293, 'total_time': 616.7, 'learn_rate': 0.01131, 'dp_eps': None, 'dp_delta': None}
[2026-06-13 04:34:21,919] INFO   : {'epoch': 40.0, 'is_checkpoint': 1, 'steps': 4000, 'samples': 16315438, 'trn_loss': 19.4776, 'val_loss': 19.0431, 'total_time': 731.7, 'learn_rate': 0.002828, 'dp_eps': None, 'dp_delta': None}
[2026-06-13 04:34:39,559] INFO   : {'epoch': 41.0, 'is_checkpoint': 0, 'steps': 4100, 'samples': 16723280, 'trn_loss': 19.4753, 'val_loss': 19.0489, 'total_time': 749.3, 'learn_rate': 0.002828, 'dp_eps': None, 'dp_delta': None}
[2026-06-13 04:34:57,660] INFO   : {'epoch': 42.0, 'is_checkpoint': 1, 'steps': 4200, 'samples': 17131122, 'trn_loss': 19.4538, 'val_loss': 19.0382, 'total_time': 767.4, 'learn_rate': 0.002828, 'dp_eps': None, 'dp_delta': None}
[2026-06-13 04:35:15,542] INFO   : {'epoch': 43.0, 'is_checkpoint': 0, 'steps': 4300, 'samples': 17538964, 'trn_loss': 19.4538, 'val_loss': 19.1099, 'total_time': 785.3, 'learn_rate': 0.002828, 'dp_eps': None, 'dp_delta': None}
[2026-06-13 04:35:33,885] INFO   : {'epoch': 44.0, 'is_checkpoint': 0, 'steps': 4400, 'samples': 17946806, 'trn_loss': 19.4798, 'val_loss': 19.0697, 'total_time': 803.6, 'learn_rate': 0.002828, 'dp_eps': None, 'dp_delta': None}
[2026-06-13 04:35:51,662] INFO   : {'epoch': 45.0, 'is_checkpoint': 0, 'steps': 4500, 'samples': 18354648, 'trn_loss': 19.4539, 'val_loss': 19.0716, 'total_time': 821.4, 'learn_rate': 0.002828, 'dp_eps': None, 'dp_delta': None}
[2026-06-13 04:36:09,185] INFO   : {'epoch': 46.0, 'is_checkpoint': 0, 'steps': 4600, 'samples': 18762490, 'trn_loss': 19.4532, 'val_loss': 19.0611, 'total_time': 838.9, 'learn_rate': 0.001414, 'dp_eps': None, 'dp_delta': None}
[2026-06-13 04:36:27,282] INFO   : early stopping: val_loss stopped improving
[2026-06-13 04:36:27,283] INFO   : {'epoch': 47.0, 'is_checkpoint': 0, 'steps': 4700, 'samples': 19170332, 'trn_loss': 19.4467, 'val_loss': 19.0711, 'total_time': 857.0, 'learn_rate': 0.001414, 'dp_eps': None, 'dp_delta': None}
[2026-06-13 04:36:27,395] INFO   : TRAIN_TABULAR finished in 857.54s
2026-06-13 04:36:28 [INFO] paysim — [fold=3] ✔ DONE  train_m2  (873.5s)
2026-06-13 04:36:28 [INFO] paysim — [fold=3] Waiting for M3 subprocess (pid=316391) …
[2026-06-13 04:37:26,769] INFO   : {'epoch': 4.0, 'is_checkpoint': 1, 'steps': 3976, 'samples': 16275367, 'trn_loss': 19.5921, 'val_loss': 19.1454, 'total_time': 818.8, 'learn_rate': 0.01131, 'dp_eps': None, 'dp_delta': None}
[2026-06-13 04:40:44,411] INFO   : {'epoch': 5.0, 'is_checkpoint': 1, 'steps': 4970, 'samples': 20343348, 'trn_loss': 19.5328, 'val_loss': 19.0983, 'total_time': 1016.5, 'learn_rate': 0.01131, 'dp_eps': None, 'dp_delta': None}
[2026-06-13 04:44:01,159] INFO   : {'epoch': 6.0, 'is_checkpoint': 1, 'steps': 5964, 'samples': 24411329, 'trn_loss': 19.4899, 'val_loss': 19.0646, 'total_time': 1213.2, 'learn_rate': 0.01131, 'dp_eps': None, 'dp_delta': None}
[2026-06-13 04:47:17,106] INFO   : {'epoch': 7.0, 'is_checkpoint': 1, 'steps': 6958, 'samples': 28479310, 'trn_loss': 19.4656, 'val_loss': 19.025, 'total_time': 1409.2, 'learn_rate': 0.01131, 'dp_eps': None, 'dp_delta': None}
[2026-06-13 04:50:33,842] INFO   : {'epoch': 8.0, 'is_checkpoint': 1, 'steps': 7952, 'samples': 32547291, 'trn_loss': 19.4378, 'val_loss': 19.0146, 'total_time': 1605.9, 'learn_rate': 0.01131, 'dp_eps': None, 'dp_delta': None}
[2026-06-13 04:53:49,409] INFO   : {'epoch': 9.0, 'is_checkpoint': 1, 'steps': 8946, 'samples': 36615272, 'trn_loss': 19.4322, 'val_loss': 19.0085, 'total_time': 1801.5, 'learn_rate': 0.01131, 'dp_eps': None, 'dp_delta': None}
[2026-06-13 04:56:59,405] INFO   : {'epoch': 10.0, 'is_checkpoint': 1, 'steps': 9940, 'samples': 40683253, 'trn_loss': 19.4095, 'val_loss': 18.9924, 'total_time': 1991.5, 'learn_rate': 0.01131, 'dp_eps': None, 'dp_delta': None}
[2026-06-13 05:00:10,913] INFO   : {'epoch': 11.0, 'is_checkpoint': 0, 'steps': 10934, 'samples': 44751234, 'trn_loss': 19.4035, 'val_loss': 19.0044, 'total_time': 2183.0, 'learn_rate': 0.01131, 'dp_eps': None, 'dp_delta': None}
[2026-06-13 05:03:19,025] INFO   : {'epoch': 12.0, 'is_checkpoint': 0, 'steps': 11928, 'samples': 48819215, 'trn_loss': 19.3888, 'val_loss': 19.0041, 'total_time': 2371.1, 'learn_rate': 0.01131, 'dp_eps': None, 'dp_delta': None}
[2026-06-13 05:06:30,802] INFO   : {'epoch': 13.0, 'is_checkpoint': 0, 'steps': 12922, 'samples': 52887196, 'trn_loss': 19.3852, 'val_loss': 18.9971, 'total_time': 2562.9, 'learn_rate': 0.01131, 'dp_eps': None, 'dp_delta': None}
[2026-06-13 05:09:36,312] INFO   : {'epoch': 14.0, 'is_checkpoint': 1, 'steps': 13916, 'samples': 56955177, 'trn_loss': 19.2969, 'val_loss': 18.897, 'total_time': 2748.4, 'learn_rate': 0.005655, 'dp_eps': None, 'dp_delta': None}
[2026-06-13 05:12:46,192] INFO   : {'epoch': 15.0, 'is_checkpoint': 0, 'steps': 14910, 'samples': 61023158, 'trn_loss': 19.2833, 'val_loss': 18.9064, 'total_time': 2938.2, 'learn_rate': 0.005655, 'dp_eps': None, 'dp_delta': None}
[2026-06-13 05:15:56,818] INFO   : {'epoch': 16.0, 'is_checkpoint': 1, 'steps': 15904, 'samples': 65091139, 'trn_loss': 19.2815, 'val_loss': 18.8952, 'total_time': 3128.9, 'learn_rate': 0.005655, 'dp_eps': None, 'dp_delta': None}
[2026-06-13 05:19:06,250] INFO   : {'epoch': 17.0, 'is_checkpoint': 1, 'steps': 16898, 'samples': 69159120, 'trn_loss': 19.2769, 'val_loss': 18.8707, 'total_time': 3318.3, 'learn_rate': 0.005655, 'dp_eps': None, 'dp_delta': None}
[2026-06-13 05:22:14,583] INFO   : {'epoch': 18.0, 'is_checkpoint': 0, 'steps': 17892, 'samples': 73227101, 'trn_loss': 19.2674, 'val_loss': 18.9013, 'total_time': 3506.6, 'learn_rate': 0.005655, 'dp_eps': None, 'dp_delta': None}
[2026-06-13 05:25:23,244] INFO   : {'epoch': 19.0, 'is_checkpoint': 0, 'steps': 18886, 'samples': 77295082, 'trn_loss': 19.2729, 'val_loss': 18.8874, 'total_time': 3695.3, 'learn_rate': 0.005655, 'dp_eps': None, 'dp_delta': None}
[2026-06-13 05:28:31,420] INFO   : {'epoch': 20.0, 'is_checkpoint': 0, 'steps': 19880, 'samples': 81363063, 'trn_loss': 19.2656, 'val_loss': 18.8806, 'total_time': 3883.5, 'learn_rate': 0.005655, 'dp_eps': None, 'dp_delta': None}
[2026-06-13 05:31:39,166] INFO   : {'epoch': 21.0, 'is_checkpoint': 1, 'steps': 20874, 'samples': 85431044, 'trn_loss': 19.2179, 'val_loss': 18.859, 'total_time': 4071.2, 'learn_rate': 0.002828, 'dp_eps': None, 'dp_delta': None}
[2026-06-13 05:34:46,649] INFO   : {'epoch': 22.0, 'is_checkpoint': 0, 'steps': 21868, 'samples': 89499025, 'trn_loss': 19.2119, 'val_loss': 18.8591, 'total_time': 4258.7, 'learn_rate': 0.002828, 'dp_eps': None, 'dp_delta': None}
[2026-06-13 05:37:54,875] INFO   : {'epoch': 23.0, 'is_checkpoint': 1, 'steps': 22862, 'samples': 93567006, 'trn_loss': 19.2085, 'val_loss': 18.843, 'total_time': 4446.9, 'learn_rate': 0.002828, 'dp_eps': None, 'dp_delta': None}
[2026-06-13 05:41:01,554] INFO   : {'epoch': 24.0, 'is_checkpoint': 0, 'steps': 23856, 'samples': 97634987, 'trn_loss': 19.2152, 'val_loss': 18.8451, 'total_time': 4633.6, 'learn_rate': 0.002828, 'dp_eps': None, 'dp_delta': None}
[2026-06-13 05:44:09,833] INFO   : {'epoch': 25.0, 'is_checkpoint': 0, 'steps': 24850, 'samples': 101702968, 'trn_loss': 19.209, 'val_loss': 18.8465, 'total_time': 4821.9, 'learn_rate': 0.002828, 'dp_eps': None, 'dp_delta': None}
[2026-06-13 05:47:13,830] INFO   : {'epoch': 26.0, 'is_checkpoint': 0, 'steps': 25844, 'samples': 105770949, 'trn_loss': 19.2036, 'val_loss': 18.8532, 'total_time': 5005.9, 'learn_rate': 0.002828, 'dp_eps': None, 'dp_delta': None}
[2026-06-13 05:50:17,093] INFO   : {'epoch': 27.0, 'is_checkpoint': 1, 'steps': 26838, 'samples': 109838930, 'trn_loss': 19.1841, 'val_loss': 18.829, 'total_time': 5189.2, 'learn_rate': 0.001414, 'dp_eps': None, 'dp_delta': None}
[2026-06-13 05:53:22,225] INFO   : {'epoch': 28.0, 'is_checkpoint': 1, 'steps': 27832, 'samples': 113906911, 'trn_loss': 19.1752, 'val_loss': 18.8179, 'total_time': 5374.3, 'learn_rate': 0.001414, 'dp_eps': None, 'dp_delta': None}
[2026-06-13 05:56:27,388] INFO   : {'epoch': 29.0, 'is_checkpoint': 0, 'steps': 28826, 'samples': 117974892, 'trn_loss': 19.175, 'val_loss': 18.826, 'total_time': 5559.4, 'learn_rate': 0.001414, 'dp_eps': None, 'dp_delta': None}
[2026-06-13 05:59:29,375] INFO   : {'epoch': 30.0, 'is_checkpoint': 1, 'steps': 29820, 'samples': 122042873, 'trn_loss': 19.17, 'val_loss': 18.8156, 'total_time': 5741.4, 'learn_rate': 0.001414, 'dp_eps': None, 'dp_delta': None}
[2026-06-13 06:02:28,738] INFO   : {'epoch': 31.0, 'is_checkpoint': 1, 'steps': 30814, 'samples': 126110854, 'trn_loss': 19.1797, 'val_loss': 18.8119, 'total_time': 5920.8, 'learn_rate': 0.001414, 'dp_eps': None, 'dp_delta': None}
[2026-06-13 06:05:27,732] INFO   : {'epoch': 32.0, 'is_checkpoint': 1, 'steps': 31808, 'samples': 130178835, 'trn_loss': 19.177, 'val_loss': 18.8067, 'total_time': 6099.8, 'learn_rate': 0.001414, 'dp_eps': None, 'dp_delta': None}
[2026-06-13 06:08:27,470] INFO   : {'epoch': 33.0, 'is_checkpoint': 0, 'steps': 32802, 'samples': 134246816, 'trn_loss': 19.1718, 'val_loss': 18.8178, 'total_time': 6279.5, 'learn_rate': 0.001414, 'dp_eps': None, 'dp_delta': None}
[2026-06-13 06:11:24,866] INFO   : {'epoch': 34.0, 'is_checkpoint': 0, 'steps': 33796, 'samples': 138314797, 'trn_loss': 19.1691, 'val_loss': 18.8235, 'total_time': 6456.9, 'learn_rate': 0.001414, 'dp_eps': None, 'dp_delta': None}
[2026-06-13 06:14:22,317] INFO   : {'epoch': 35.0, 'is_checkpoint': 0, 'steps': 34790, 'samples': 142382778, 'trn_loss': 19.1672, 'val_loss': 18.8099, 'total_time': 6634.4, 'learn_rate': 0.001414, 'dp_eps': None, 'dp_delta': None}
[2026-06-13 06:17:20,818] INFO   : {'epoch': 36.0, 'is_checkpoint': 0, 'steps': 35784, 'samples': 146450759, 'trn_loss': 19.1626, 'val_loss': 18.8093, 'total_time': 6812.9, 'learn_rate': 0.001131, 'dp_eps': None, 'dp_delta': None}
[2026-06-13 06:20:19,302] INFO   : early stopping: val_loss stopped improving
[2026-06-13 06:20:19,304] INFO   : {'epoch': 37.0, 'is_checkpoint': 0, 'steps': 36778, 'samples': 150518740, 'trn_loss': 19.1732, 'val_loss': 18.8278, 'total_time': 6991.4, 'learn_rate': 0.001131, 'dp_eps': None, 'dp_delta': None}
[2026-06-13 06:20:20,433] INFO   : TRAIN_TABULAR finished in 6993.74s
2026-06-13 06:20:22 [INFO] paysim — [fold=3] M3 training done
2026-06-13 06:20:22 [INFO] paysim — [fold=3] ✔ DONE  train_all_argns  (7169.7s)
2026-06-13 06:20:22 [INFO] paysim — [fold=3] ▶ START generate_all_pools
2026-06-13 06:20:22 [INFO] paysim — [fold=3] ▶ START generate_m1
2026-06-13 06:20:23 [INFO] paysim — [fold=3] M1 pool saved: 20,000 fraud rows → /shared/paysim-sarmad/synthetic/fold_3/pool_m1.csv
2026-06-13 06:20:23 [INFO] paysim — [fold=3] ✔ DONE  generate_m1  (0.4s)
2026-06-13 06:20:23 [INFO] paysim — [fold=3] ▶ START generate_m2
2026-06-13 06:20:23 [INFO] paysim — [fold=3] M2 pool: 238/20000 fraud rows (round 1)
2026-06-13 06:20:24 [INFO] paysim — [fold=3] M2 pool: 513/20000 fraud rows (round 2)
2026-06-13 06:20:25 [INFO] paysim — [fold=3] M2 pool: 785/20000 fraud rows (round 3)
2026-06-13 06:20:25 [INFO] paysim — [fold=3] M2 pool: 1045/20000 fraud rows (round 4)
2026-06-13 06:20:26 [INFO] paysim — [fold=3] M2 pool: 1309/20000 fraud rows (round 5)
2026-06-13 06:20:27 [INFO] paysim — [fold=3] M2 pool: 1574/20000 fraud rows (round 6)
2026-06-13 06:20:27 [INFO] paysim — [fold=3] M2 pool: 1840/20000 fraud rows (round 7)
2026-06-13 06:20:28 [INFO] paysim — [fold=3] M2 pool: 2111/20000 fraud rows (round 8)
2026-06-13 06:20:28 [INFO] paysim — [fold=3] M2 pool: 2403/20000 fraud rows (round 9)
2026-06-13 06:20:29 [INFO] paysim — [fold=3] M2 pool: 2688/20000 fraud rows (round 10)
2026-06-13 06:20:30 [INFO] paysim — [fold=3] M2 pool: 2974/20000 fraud rows (round 11)
2026-06-13 06:20:30 [INFO] paysim — [fold=3] M2 pool: 3254/20000 fraud rows (round 12)
2026-06-13 06:20:31 [INFO] paysim — [fold=3] M2 pool: 3523/20000 fraud rows (round 13)
2026-06-13 06:20:32 [INFO] paysim — [fold=3] M2 pool: 3788/20000 fraud rows (round 14)
2026-06-13 06:20:32 [INFO] paysim — [fold=3] M2 pool: 4047/20000 fraud rows (round 15)
2026-06-13 06:20:33 [INFO] paysim — [fold=3] M2 pool: 4317/20000 fraud rows (round 16)
2026-06-13 06:20:33 [INFO] paysim — [fold=3] M2 pool: 4582/20000 fraud rows (round 17)
2026-06-13 06:20:34 [INFO] paysim — [fold=3] M2 pool: 4848/20000 fraud rows (round 18)
2026-06-13 06:20:35 [INFO] paysim — [fold=3] M2 pool: 5122/20000 fraud rows (round 19)
2026-06-13 06:20:35 [INFO] paysim — [fold=3] M2 pool: 5428/20000 fraud rows (round 20)
2026-06-13 06:20:36 [INFO] paysim — [fold=3] M2 pool: 5714/20000 fraud rows (round 21)
2026-06-13 06:20:37 [INFO] paysim — [fold=3] M2 pool: 5988/20000 fraud rows (round 22)
2026-06-13 06:20:37 [INFO] paysim — [fold=3] M2 pool: 6267/20000 fraud rows (round 23)
2026-06-13 06:20:38 [INFO] paysim — [fold=3] M2 pool: 6537/20000 fraud rows (round 24)
2026-06-13 06:20:38 [INFO] paysim — [fold=3] M2 pool: 6792/20000 fraud rows (round 25)
2026-06-13 06:20:39 [INFO] paysim — [fold=3] M2 pool: 7064/20000 fraud rows (round 26)
2026-06-13 06:20:40 [INFO] paysim — [fold=3] M2 pool: 7351/20000 fraud rows (round 27)
2026-06-13 06:20:40 [INFO] paysim — [fold=3] M2 pool: 7623/20000 fraud rows (round 28)
2026-06-13 06:20:41 [INFO] paysim — [fold=3] M2 pool: 7902/20000 fraud rows (round 29)
2026-06-13 06:20:42 [INFO] paysim — [fold=3] M2 pool: 8177/20000 fraud rows (round 30)
2026-06-13 06:20:42 [INFO] paysim — [fold=3] M2 pool: 8448/20000 fraud rows (round 31)
2026-06-13 06:20:43 [INFO] paysim — [fold=3] M2 pool: 8713/20000 fraud rows (round 32)
2026-06-13 06:20:43 [INFO] paysim — [fold=3] M2 pool: 8936/20000 fraud rows (round 33)
2026-06-13 06:20:44 [INFO] paysim — [fold=3] M2 pool: 9192/20000 fraud rows (round 34)
2026-06-13 06:20:45 [INFO] paysim — [fold=3] M2 pool: 9492/20000 fraud rows (round 35)
2026-06-13 06:20:45 [INFO] paysim — [fold=3] M2 pool: 9765/20000 fraud rows (round 36)
2026-06-13 06:20:46 [INFO] paysim — [fold=3] M2 pool: 10028/20000 fraud rows (round 37)
2026-06-13 06:20:47 [INFO] paysim — [fold=3] M2 pool: 10337/20000 fraud rows (round 38)
2026-06-13 06:20:47 [INFO] paysim — [fold=3] M2 pool: 10588/20000 fraud rows (round 39)
2026-06-13 06:20:48 [INFO] paysim — [fold=3] M2 pool: 10855/20000 fraud rows (round 40)
2026-06-13 06:20:48 [INFO] paysim — [fold=3] M2 pool: 11112/20000 fraud rows (round 41)
2026-06-13 06:20:49 [INFO] paysim — [fold=3] M2 pool: 11364/20000 fraud rows (round 42)
2026-06-13 06:20:50 [INFO] paysim — [fold=3] M2 pool: 11638/20000 fraud rows (round 43)
2026-06-13 06:20:50 [INFO] paysim — [fold=3] M2 pool: 11892/20000 fraud rows (round 44)
2026-06-13 06:20:51 [INFO] paysim — [fold=3] M2 pool: 12138/20000 fraud rows (round 45)
2026-06-13 06:20:52 [INFO] paysim — [fold=3] M2 pool: 12388/20000 fraud rows (round 46)
2026-06-13 06:20:52 [INFO] paysim — [fold=3] M2 pool: 12705/20000 fraud rows (round 47)
2026-06-13 06:20:53 [INFO] paysim — [fold=3] M2 pool: 12963/20000 fraud rows (round 48)
2026-06-13 06:20:53 [INFO] paysim — [fold=3] M2 pool: 13203/20000 fraud rows (round 49)
2026-06-13 06:20:54 [INFO] paysim — [fold=3] M2 pool: 13480/20000 fraud rows (round 50)
2026-06-13 06:20:55 [INFO] paysim — [fold=3] M2 pool: 13748/20000 fraud rows (round 51)
2026-06-13 06:20:55 [INFO] paysim — [fold=3] M2 pool: 14008/20000 fraud rows (round 52)
2026-06-13 06:20:56 [INFO] paysim — [fold=3] M2 pool: 14312/20000 fraud rows (round 53)
2026-06-13 06:20:57 [INFO] paysim — [fold=3] M2 pool: 14573/20000 fraud rows (round 54)
2026-06-13 06:20:57 [INFO] paysim — [fold=3] M2 pool: 14834/20000 fraud rows (round 55)
2026-06-13 06:20:58 [INFO] paysim — [fold=3] M2 pool: 15136/20000 fraud rows (round 56)
2026-06-13 06:20:59 [INFO] paysim — [fold=3] M2 pool: 15395/20000 fraud rows (round 57)
2026-06-13 06:20:59 [INFO] paysim — [fold=3] M2 pool: 15664/20000 fraud rows (round 58)
2026-06-13 06:21:00 [INFO] paysim — [fold=3] M2 pool: 15921/20000 fraud rows (round 59)
2026-06-13 06:21:00 [INFO] paysim — [fold=3] M2 pool: 16188/20000 fraud rows (round 60)
2026-06-13 06:21:01 [INFO] paysim — [fold=3] M2 pool: 16455/20000 fraud rows (round 61)
2026-06-13 06:21:02 [INFO] paysim — [fold=3] M2 pool: 16717/20000 fraud rows (round 62)
2026-06-13 06:21:02 [INFO] paysim — [fold=3] M2 pool: 17013/20000 fraud rows (round 63)
2026-06-13 06:21:03 [INFO] paysim — [fold=3] M2 pool: 17327/20000 fraud rows (round 64)
2026-06-13 06:21:04 [INFO] paysim — [fold=3] M2 pool: 17610/20000 fraud rows (round 65)
2026-06-13 06:21:04 [INFO] paysim — [fold=3] M2 pool: 17868/20000 fraud rows (round 66)
2026-06-13 06:21:05 [INFO] paysim — [fold=3] M2 pool: 18142/20000 fraud rows (round 67)
2026-06-13 06:21:05 [INFO] paysim — [fold=3] M2 pool: 18424/20000 fraud rows (round 68)
2026-06-13 06:21:06 [INFO] paysim — [fold=3] M2 pool: 18688/20000 fraud rows (round 69)
2026-06-13 06:21:07 [INFO] paysim — [fold=3] M2 pool: 18977/20000 fraud rows (round 70)
2026-06-13 06:21:07 [INFO] paysim — [fold=3] M2 pool: 19223/20000 fraud rows (round 71)
2026-06-13 06:21:08 [INFO] paysim — [fold=3] M2 pool: 19516/20000 fraud rows (round 72)
2026-06-13 06:21:09 [INFO] paysim — [fold=3] M2 pool: 19761/20000 fraud rows (round 73)
2026-06-13 06:21:09 [INFO] paysim — [fold=3] M2 pool: 20020/20000 fraud rows (round 74)
2026-06-13 06:21:09 [INFO] paysim — [fold=3] M2 pool saved: 20,000 fraud rows → /shared/paysim-sarmad/synthetic/fold_3/pool_m2.csv
2026-06-13 06:21:09 [INFO] paysim — [fold=3] ✔ DONE  generate_m2  (46.6s)
2026-06-13 06:21:09 [INFO] paysim — [fold=3] ▶ START generate_m3
2026-06-13 06:21:11 [INFO] paysim — [fold=3] M3 pool saved: 189 fraud rows → /shared/paysim-sarmad/synthetic/fold_3/pool_m3.csv
2026-06-13 06:21:11 [INFO] paysim — [fold=3] ✔ DONE  generate_m3  (1.6s)
2026-06-13 06:21:11 [INFO] paysim — [fold=3] ✔ DONE  generate_all_pools  (48.7s)
2026-06-13 06:21:11 [INFO] paysim — [fold=3] TOTAL elapsed: 7235.0s  (2.01h)
2026-06-13 06:21:11 [INFO] paysim — [fold=3] stop_after_generation=True — skipping baseline_eval + optuna_studies
2026-06-13 06:21:11 [INFO] paysim — [fold=3] Combined fraud pool exported: 40189 rows → /shared/paysim-sarmad/synthetic/for_classifier/split_3.csv
2026-06-13 06:21:11 [INFO] paysim — [fold=3] Results saved → /shared/paysim-sarmad/results/fold_3_results.json
2026/06/13 06:21:12 INFO mlflow.tracking.fluent: Experiment with name 'paysim-fold-4' does not exist. Creating a new experiment.
2026-06-13 06:21:12 [INFO] paysim — ============================================================
2026-06-13 06:21:12 [INFO] paysim — FOLD 4 — pipeline start
2026-06-13 06:21:12 [INFO] paysim — ============================================================
2026-06-13 06:21:12 [INFO] paysim — [fold=4] ▶ START load_data
2026-06-13 06:21:22 [INFO] paysim — train: 5,090,096 rows | fraud=6,570 (0.129%)
2026-06-13 06:21:22 [INFO] paysim — test: 1,272,524 rows | fraud=1,643 (0.129%)
2026-06-13 06:21:22 [INFO] paysim — [fold=4] ✔ DONE  load_data  (10.7s)
2026-06-13 06:21:26 [INFO] paysim — train_argn (holdout reserved, unused): 4,072,076 rows | fraud=5,256 (0.129%)
2026-06-13 06:21:26 [INFO] paysim — holdout (reserved, unused): 1,018,020 rows | fraud=1,314 (0.129%)
2026-06-13 06:21:28 [INFO] paysim — M1: 6,570 rows | fraud=6,570 (100.000%)
2026-06-13 06:21:28 [INFO] paysim — M2: 514,922 rows | fraud=6,570 (1.276%)
2026-06-13 06:21:28 [INFO] paysim — M3: 5,090,096 rows | fraud=6,570 (0.129%)
2026-06-13 06:21:28 [INFO] paysim — [fold=4] ▶ START train_all_argns
2026-06-13 06:21:30 [INFO] paysim — [fold=4] Launching M3 on cuda:1 (subprocess)
2026-06-13 06:21:30 [INFO] paysim — [fold=4] ▶ START train_m1
[2026-06-13 06:21:30,190] INFO   : SPLIT started
[2026-06-13 06:21:30,191] INFO   : create `/shared/paysim-sarmad/models/fold_4/m1/OriginalData/tgt-data`
[2026-06-13 06:21:30,191] INFO   : create `/shared/paysim-sarmad/models/fold_4/m1/OriginalData/tgt-meta`
[2026-06-13 06:21:30,191] INFO   : model_type='TABULAR'
[2026-06-13 06:21:30,191] INFO   : tgt_encoding_types={'step': 'TABULAR_NUMERIC_AUTO', 'type': 'TABULAR_CATEGORICAL', 'amount': 'TABULAR_NUMERIC_AUTO', 'oldbalanceOrg': 'TABULAR_NUMERIC_AUTO', 'newbalanceOrig': 'TABULAR_NUMERIC_AUTO', 'oldbalanceDest': 'TABULAR_NUMERIC_AUTO', 'newbalanceDest': 'TABULAR_NUMERIC_AUTO', 'isFraud': 'TABULAR_NUMERIC_AUTO', 'isFlaggedFraud': 'TABULAR_NUMERIC_AUTO'}
[2026-06-13 06:21:30,203] INFO   : SPLIT finished in 0.01s
[2026-06-13 06:21:30,204] INFO   : ANALYZE started
[2026-06-13 06:21:30,204] INFO   : create `/shared/paysim-sarmad/models/fold_4/m1/ModelStore/tgt-stats`
[2026-06-13 06:21:30,204] INFO   : analyzing 2 partitions in parallel
[2026-06-13 06:21:36,501] INFO   : analyzed target partition 000000-trn (5256, 9)
2026-06-13 06:21:36 [INFO] mostlyai.engine._common — running on Python (3.11.15)
[2026-06-13 06:21:37,596] INFO   : SPLIT started
[2026-06-13 06:21:37,596] INFO   : create `/shared/paysim-sarmad/models/fold_4/m3/OriginalData/tgt-data`
[2026-06-13 06:21:37,596] INFO   : create `/shared/paysim-sarmad/models/fold_4/m3/OriginalData/tgt-meta`
[2026-06-13 06:21:37,597] INFO   : model_type='TABULAR'
[2026-06-13 06:21:37,597] INFO   : tgt_encoding_types={'step': 'TABULAR_NUMERIC_AUTO', 'type': 'TABULAR_CATEGORICAL', 'amount': 'TABULAR_NUMERIC_AUTO', 'oldbalanceOrg': 'TABULAR_NUMERIC_AUTO', 'newbalanceOrig': 'TABULAR_NUMERIC_AUTO', 'oldbalanceDest': 'TABULAR_NUMERIC_AUTO', 'newbalanceDest': 'TABULAR_NUMERIC_AUTO', 'isFraud': 'TABULAR_NUMERIC_AUTO', 'isFlaggedFraud': 'TABULAR_NUMERIC_AUTO'}
[2026-06-13 06:21:42,137] INFO   : SPLIT finished in 4.54s
[2026-06-13 06:21:42,180] INFO   : ANALYZE started
[2026-06-13 06:21:42,181] INFO   : create `/shared/paysim-sarmad/models/fold_4/m3/ModelStore/tgt-stats`
[2026-06-13 06:21:42,181] INFO   : analyzing 2 partitions in parallel
[2026-06-13 06:21:42,413] INFO   : analyzed target partition 000000-val (1314, 9)
[2026-06-13 06:21:42,413] INFO   : combine partition statistics
[2026-06-13 06:21:42,421] INFO   : value_protection = True
[2026-06-13 06:21:42,422] INFO   : analyzed column `step`: TABULAR_NUMERIC_DIGIT {'E2': 8, 'E1': 10, 'E0': 10}
[2026-06-13 06:21:42,422] INFO   : analyzed column `type`: TABULAR_CATEGORICAL {'cat': 3}
[2026-06-13 06:21:42,423] INFO   : analyzed column `amount`: TABULAR_NUMERIC_BINNED {'bin': 103}
[2026-06-13 06:21:42,425] INFO   : analyzed column `oldbalanceOrg`: TABULAR_NUMERIC_BINNED {'bin': 103}
[2026-06-13 06:21:42,425] INFO   : analyzed column `newbalanceOrig`: TABULAR_NUMERIC_BINNED {'bin': 39}
[2026-06-13 06:21:42,430] INFO   : analyzed column `oldbalanceDest`: TABULAR_NUMERIC_BINNED {'bin': 103}
[2026-06-13 06:21:42,432] INFO   : analyzed column `newbalanceDest`: TABULAR_NUMERIC_BINNED {'bin': 103}
[2026-06-13 06:21:42,433] INFO   : analyzed column `isFraud`: TABULAR_NUMERIC_DISCRETE {'cat': 2}
[2026-06-13 06:21:42,433] INFO   : analyzed column `isFlaggedFraud`: TABULAR_NUMERIC_DISCRETE {'cat': 3}
[2026-06-13 06:21:42,433] INFO   : analyzed 6,570 records: 5,256 training / 1,314 validation
[2026-06-13 06:21:42,433] INFO   : is_sequential: False
[2026-06-13 06:21:42,433] INFO   : write statistics to `/shared/paysim-sarmad/models/fold_4/m1/ModelStore/tgt-stats/stats.json`
[2026-06-13 06:21:42,435] INFO   : ANALYZE finished in 12.23s
[2026-06-13 06:21:42,436] INFO   : ENCODE_TABULAR started
[2026-06-13 06:21:42,436] INFO   : create `/shared/paysim-sarmad/models/fold_4/m1/OriginalData/encoded-data`
[2026-06-13 06:21:42,437] INFO   : clean `/shared/paysim-sarmad/models/fold_4/m1/OriginalData/encoded-data`
[2026-06-13 06:21:42,437] INFO   : clean `/shared/paysim-sarmad/models/fold_4/m1/OriginalData/encoded-data`
[2026-06-13 06:21:42,487] INFO   : encoded partition part.000000-trn.parquet (5256, 11)
[2026-06-13 06:21:42,514] INFO   : encoded partition part.000000-val.parquet (1314, 11)
[2026-06-13 06:21:42,514] INFO   : ENCODE_TABULAR finished in 0.08s
[2026-06-13 06:21:42,515] INFO   : TRAIN_TABULAR started
[2026-06-13 06:21:42,520] INFO   : numpy=2.4.4, pandas=2.3.3
[2026-06-13 06:21:42,521] INFO   : torch=2.5.1+cu121, opacus=1.4.0
[2026-06-13 06:21:42,522] INFO   : device=device(type='cuda', index=0)
[2026-06-13 06:21:42,522] INFO   : is_sequential=False
[2026-06-13 06:21:42,522] INFO   : max_training_time=864000.0s
[2026-06-13 06:21:42,522] INFO   : max_epochs=50
[2026-06-13 06:21:42,522] INFO   : model_size=<ModelSize.M: 'M'>
[2026-06-13 06:21:42,522] INFO   : enable_flexible_generation=True
[2026-06-13 06:21:42,522] INFO   : with_dp=False
[2026-06-13 06:21:42,522] INFO   : model_state_strategy=<ModelStateStrategy.reset: 'RESET'>
[2026-06-13 06:21:42,522] INFO   : max_sequence_window=np.int64(1)
[2026-06-13 06:21:42,528] INFO   : create training model
[2026-06-13 06:21:42,531] INFO   : initializing predictor bias with empirical log probabilities
[2026-06-13 06:21:42,533] INFO   : model class: FlatModel
[2026-06-13 06:21:42,533] INFO   : model weights not found; change strategy from ModelStateStrategy.reset to RESET
[2026-06-13 06:21:42,533] INFO   : model_state_strategy=<ModelStateStrategy.reset: 'RESET'>
[2026-06-13 06:21:42,533] INFO   : remove existing checkpoint files
[2026-06-13 06:21:42,533] INFO   : start training progress from epoch=0.0, steps=0
[2026-06-13 06:21:42,534] INFO   : no_of_model_params=np.int64(93579)
2026-06-13 06:21:42 [INFO] httpx — HTTP Request: HEAD https://s3.amazonaws.com/datasets.huggingface.co/datasets/datasets/parquet/parquet.py "HTTP/1.1 404 Not Found"
2026-06-13 06:21:42 [INFO] httpx — HTTP Request: HEAD https://s3.amazonaws.com/datasets.huggingface.co/datasets/datasets/parquet/parquet.py "HTTP/1.1 404 Not Found"
[2026-06-13 06:21:42,878] INFO   : trn_cnt=5256, val_cnt=1314
[2026-06-13 06:21:42,881] INFO   : len(tgt_sub_columns)=11, len(ctxflt_sub_columns)=0, len(ctxseq_sub_columns)=0
[2026-06-13 06:21:42,881] INFO   : tgt_cardinalities_deciles=[np.int64(2), np.int64(3), np.int64(3), np.int64(8), np.int64(10), np.int64(10), np.int64(39), np.int64(103), np.int64(103), np.int64(103), np.int64(103)]
[2026-06-13 06:21:42,882] INFO   : trn_batch_size=64, val_batch_size=64
[2026-06-13 06:21:42,882] INFO   : trn_steps=82, val_steps=20
[2026-06-13 06:21:42,882] INFO   : batch_size=64, gradient_accumulation_steps=1, initial_lr=np.float64(0.00141)
[2026-06-13 06:21:42,913] INFO   : {'epoch': 0.01, 'is_checkpoint': 0, 'steps': 1, 'samples': 64, 'trn_loss': 21.7882, 'val_loss': None, 'total_time': 0.0, 'learn_rate': 0.00141, 'dp_eps': None, 'dp_delta': None}
[2026-06-13 06:21:44,213] INFO   : {'epoch': 1.0, 'is_checkpoint': 1, 'steps': 82, 'samples': 5248, 'trn_loss': 21.6859, 'val_loss': 21.2378, 'total_time': 1.3, 'learn_rate': 0.00141, 'dp_eps': None, 'dp_delta': None}
[2026-06-13 06:21:45,480] INFO   : {'epoch': 2.0, 'is_checkpoint': 1, 'steps': 164, 'samples': 10440, 'trn_loss': 20.8167, 'val_loss': 20.4075, 'total_time': 2.6, 'learn_rate': 0.00141, 'dp_eps': None, 'dp_delta': None}
[2026-06-13 06:21:46,746] INFO   : {'epoch': 3.0, 'is_checkpoint': 1, 'steps': 246, 'samples': 15632, 'trn_loss': 19.9427, 'val_loss': 19.5428, 'total_time': 3.9, 'learn_rate': 0.00141, 'dp_eps': None, 'dp_delta': None}
[2026-06-13 06:21:48,028] INFO   : {'epoch': 4.0, 'is_checkpoint': 1, 'steps': 328, 'samples': 20824, 'trn_loss': 19.1206, 'val_loss': 18.7158, 'total_time': 5.1, 'learn_rate': 0.00141, 'dp_eps': None, 'dp_delta': None}
[2026-06-13 06:21:49,302] INFO   : {'epoch': 5.0, 'is_checkpoint': 1, 'steps': 410, 'samples': 26016, 'trn_loss': 18.4429, 'val_loss': 18.269, 'total_time': 6.4, 'learn_rate': 0.00141, 'dp_eps': None, 'dp_delta': None}
[2026-06-13 06:21:50,527] INFO   : {'epoch': 6.0, 'is_checkpoint': 1, 'steps': 492, 'samples': 31208, 'trn_loss': 18.0574, 'val_loss': 17.9772, 'total_time': 7.6, 'learn_rate': 0.00141, 'dp_eps': None, 'dp_delta': None}
[2026-06-13 06:21:51,712] INFO   : {'epoch': 7.0, 'is_checkpoint': 1, 'steps': 574, 'samples': 36400, 'trn_loss': 17.8239, 'val_loss': 17.6841, 'total_time': 8.8, 'learn_rate': 0.00141, 'dp_eps': None, 'dp_delta': None}
[2026-06-13 06:21:52,939] INFO   : {'epoch': 8.0, 'is_checkpoint': 1, 'steps': 656, 'samples': 41592, 'trn_loss': 17.5727, 'val_loss': 17.5503, 'total_time': 10.1, 'learn_rate': 0.00141, 'dp_eps': None, 'dp_delta': None}
[2026-06-13 06:21:54,132] INFO   : {'epoch': 9.0, 'is_checkpoint': 1, 'steps': 738, 'samples': 46784, 'trn_loss': 17.4092, 'val_loss': 17.4095, 'total_time': 11.2, 'learn_rate': 0.00141, 'dp_eps': None, 'dp_delta': None}
[2026-06-13 06:21:55,441] INFO   : {'epoch': 10.0, 'is_checkpoint': 1, 'steps': 820, 'samples': 51976, 'trn_loss': 17.3023, 'val_loss': 17.3904, 'total_time': 12.6, 'learn_rate': 0.00141, 'dp_eps': None, 'dp_delta': None}
[2026-06-13 06:21:56,803] INFO   : {'epoch': 11.0, 'is_checkpoint': 1, 'steps': 902, 'samples': 57168, 'trn_loss': 17.1255, 'val_loss': 17.2667, 'total_time': 13.9, 'learn_rate': 0.00141, 'dp_eps': None, 'dp_delta': None}
[2026-06-13 06:21:58,186] INFO   : {'epoch': 12.0, 'is_checkpoint': 1, 'steps': 984, 'samples': 62360, 'trn_loss': 17.0289, 'val_loss': 17.1941, 'total_time': 15.3, 'learn_rate': 0.00141, 'dp_eps': None, 'dp_delta': None}
[2026-06-13 06:21:59,447] INFO   : {'epoch': 13.0, 'is_checkpoint': 1, 'steps': 1066, 'samples': 67552, 'trn_loss': 16.9261, 'val_loss': 17.1396, 'total_time': 16.6, 'learn_rate': 0.00141, 'dp_eps': None, 'dp_delta': None}
[2026-06-13 06:22:00,770] INFO   : {'epoch': 14.0, 'is_checkpoint': 1, 'steps': 1148, 'samples': 72744, 'trn_loss': 16.8391, 'val_loss': 17.0941, 'total_time': 17.9, 'learn_rate': 0.00141, 'dp_eps': None, 'dp_delta': None}
[2026-06-13 06:22:02,163] INFO   : {'epoch': 15.0, 'is_checkpoint': 1, 'steps': 1230, 'samples': 77936, 'trn_loss': 16.6904, 'val_loss': 17.0682, 'total_time': 19.3, 'learn_rate': 0.00141, 'dp_eps': None, 'dp_delta': None}
[2026-06-13 06:22:03,489] INFO   : {'epoch': 16.0, 'is_checkpoint': 1, 'steps': 1312, 'samples': 83128, 'trn_loss': 16.7029, 'val_loss': 17.0536, 'total_time': 20.6, 'learn_rate': 0.00141, 'dp_eps': None, 'dp_delta': None}
[2026-06-13 06:22:04,824] INFO   : {'epoch': 17.0, 'is_checkpoint': 1, 'steps': 1394, 'samples': 88320, 'trn_loss': 16.6507, 'val_loss': 16.9833, 'total_time': 21.9, 'learn_rate': 0.00141, 'dp_eps': None, 'dp_delta': None}
[2026-06-13 06:22:06,188] INFO   : {'epoch': 18.0, 'is_checkpoint': 0, 'steps': 1476, 'samples': 93512, 'trn_loss': 16.6109, 'val_loss': 16.987, 'total_time': 23.3, 'learn_rate': 0.00141, 'dp_eps': None, 'dp_delta': None}
[2026-06-13 06:22:07,619] INFO   : {'epoch': 19.0, 'is_checkpoint': 0, 'steps': 1558, 'samples': 98704, 'trn_loss': 16.5717, 'val_loss': 17.027, 'total_time': 24.7, 'learn_rate': 0.00141, 'dp_eps': None, 'dp_delta': None}
[2026-06-13 06:22:08,956] INFO   : {'epoch': 20.0, 'is_checkpoint': 1, 'steps': 1640, 'samples': 103896, 'trn_loss': 16.4711, 'val_loss': 16.9084, 'total_time': 26.1, 'learn_rate': 0.00141, 'dp_eps': None, 'dp_delta': None}
[2026-06-13 06:22:10,244] INFO   : {'epoch': 21.0, 'is_checkpoint': 0, 'steps': 1722, 'samples': 109088, 'trn_loss': 16.4134, 'val_loss': 16.9401, 'total_time': 27.4, 'learn_rate': 0.00141, 'dp_eps': None, 'dp_delta': None}
[2026-06-13 06:22:11,515] INFO   : {'epoch': 22.0, 'is_checkpoint': 0, 'steps': 1804, 'samples': 114280, 'trn_loss': 16.4657, 'val_loss': 16.9541, 'total_time': 28.6, 'learn_rate': 0.00141, 'dp_eps': None, 'dp_delta': None}
[2026-06-13 06:22:12,816] INFO   : {'epoch': 23.0, 'is_checkpoint': 0, 'steps': 1886, 'samples': 119472, 'trn_loss': 16.3209, 'val_loss': 16.9815, 'total_time': 29.9, 'learn_rate': 0.00141, 'dp_eps': None, 'dp_delta': None}
[2026-06-13 06:22:14,105] INFO   : {'epoch': 24.0, 'is_checkpoint': 1, 'steps': 1968, 'samples': 124664, 'trn_loss': 16.2158, 'val_loss': 16.8812, 'total_time': 31.2, 'learn_rate': 0.000705, 'dp_eps': None, 'dp_delta': None}
[2026-06-13 06:22:15,553] INFO   : {'epoch': 25.0, 'is_checkpoint': 1, 'steps': 2050, 'samples': 129856, 'trn_loss': 16.2273, 'val_loss': 16.8439, 'total_time': 32.7, 'learn_rate': 0.000705, 'dp_eps': None, 'dp_delta': None}
[2026-06-13 06:22:16,732] INFO   : {'epoch': 26.0, 'is_checkpoint': 0, 'steps': 2132, 'samples': 135048, 'trn_loss': 16.2601, 'val_loss': 16.9493, 'total_time': 33.8, 'learn_rate': 0.000705, 'dp_eps': None, 'dp_delta': None}
[2026-06-13 06:22:17,918] INFO   : {'epoch': 27.0, 'is_checkpoint': 0, 'steps': 2214, 'samples': 140240, 'trn_loss': 16.2236, 'val_loss': 16.8734, 'total_time': 35.0, 'learn_rate': 0.000705, 'dp_eps': None, 'dp_delta': None}
[2026-06-13 06:22:19,223] INFO   : {'epoch': 28.0, 'is_checkpoint': 0, 'steps': 2296, 'samples': 145432, 'trn_loss': 16.1493, 'val_loss': 16.8867, 'total_time': 36.3, 'learn_rate': 0.000705, 'dp_eps': None, 'dp_delta': None}
[2026-06-13 06:22:20,472] INFO   : {'epoch': 29.0, 'is_checkpoint': 0, 'steps': 2378, 'samples': 150624, 'trn_loss': 16.113, 'val_loss': 16.907, 'total_time': 37.6, 'learn_rate': 0.000353, 'dp_eps': None, 'dp_delta': None}
[2026-06-13 06:22:21,708] INFO   : early stopping: val_loss stopped improving
[2026-06-13 06:22:21,708] INFO   : {'epoch': 30.0, 'is_checkpoint': 0, 'steps': 2460, 'samples': 155816, 'trn_loss': 16.085, 'val_loss': 16.8754, 'total_time': 38.8, 'learn_rate': 0.000353, 'dp_eps': None, 'dp_delta': None}
[2026-06-13 06:22:21,713] INFO   : TRAIN_TABULAR finished in 39.20s
2026-06-13 06:22:22 [INFO] paysim — [fold=4] ✔ DONE  train_m1  (52.8s)
2026-06-13 06:22:22 [INFO] paysim — [fold=4] ▶ START train_m2
[2026-06-13 06:22:22,985] INFO   : SPLIT started
[2026-06-13 06:22:22,985] INFO   : create `/shared/paysim-sarmad/models/fold_4/m2/OriginalData/tgt-data`
[2026-06-13 06:22:22,985] INFO   : create `/shared/paysim-sarmad/models/fold_4/m2/OriginalData/tgt-meta`
[2026-06-13 06:22:22,986] INFO   : model_type='TABULAR'
[2026-06-13 06:22:22,986] INFO   : tgt_encoding_types={'step': 'TABULAR_NUMERIC_AUTO', 'type': 'TABULAR_CATEGORICAL', 'amount': 'TABULAR_NUMERIC_AUTO', 'oldbalanceOrg': 'TABULAR_NUMERIC_AUTO', 'newbalanceOrig': 'TABULAR_NUMERIC_AUTO', 'oldbalanceDest': 'TABULAR_NUMERIC_AUTO', 'newbalanceDest': 'TABULAR_NUMERIC_AUTO', 'isFraud': 'TABULAR_NUMERIC_AUTO', 'isFlaggedFraud': 'TABULAR_NUMERIC_AUTO'}
[2026-06-13 06:22:23,363] INFO   : SPLIT finished in 0.38s
[2026-06-13 06:22:23,364] INFO   : ANALYZE started
[2026-06-13 06:22:23,364] INFO   : create `/shared/paysim-sarmad/models/fold_4/m2/ModelStore/tgt-stats`
[2026-06-13 06:22:23,364] INFO   : analyzing 2 partitions in parallel
[2026-06-13 06:22:31,629] INFO   : analyzed target partition 000000-trn (411938, 9)
[2026-06-13 06:22:33,575] INFO   : analyzed target partition 000000-val (102984, 9)
[2026-06-13 06:22:33,576] INFO   : combine partition statistics
[2026-06-13 06:22:33,583] INFO   : value_protection = True
[2026-06-13 06:22:33,584] INFO   : analyzed column `step`: TABULAR_NUMERIC_DIGIT {'E2': 8, 'E1': 10, 'E0': 10}
[2026-06-13 06:22:33,584] INFO   : analyzed column `type`: TABULAR_CATEGORICAL {'cat': 6}
[2026-06-13 06:22:33,585] INFO   : analyzed column `amount`: TABULAR_NUMERIC_BINNED {'bin': 103}
[2026-06-13 06:22:33,587] INFO   : analyzed column `oldbalanceOrg`: TABULAR_NUMERIC_BINNED {'bin': 103}
[2026-06-13 06:22:33,590] INFO   : analyzed column `newbalanceOrig`: TABULAR_NUMERIC_BINNED {'bin': 103}
[2026-06-13 06:22:33,593] INFO   : analyzed column `oldbalanceDest`: TABULAR_NUMERIC_BINNED {'bin': 103}
[2026-06-13 06:22:33,595] INFO   : analyzed column `newbalanceDest`: TABULAR_NUMERIC_BINNED {'bin': 103}
[2026-06-13 06:22:33,595] INFO   : analyzed column `isFraud`: TABULAR_NUMERIC_DISCRETE {'cat': 3}
[2026-06-13 06:22:33,596] INFO   : analyzed column `isFlaggedFraud`: TABULAR_NUMERIC_DISCRETE {'cat': 3}
[2026-06-13 06:22:33,596] INFO   : analyzed 514,922 records: 411,938 training / 102,984 validation
[2026-06-13 06:22:33,598] INFO   : is_sequential: False
[2026-06-13 06:22:33,598] INFO   : write statistics to `/shared/paysim-sarmad/models/fold_4/m2/ModelStore/tgt-stats/stats.json`
[2026-06-13 06:22:33,600] INFO   : ANALYZE finished in 10.24s
[2026-06-13 06:22:33,601] INFO   : ENCODE_TABULAR started
[2026-06-13 06:22:33,601] INFO   : create `/shared/paysim-sarmad/models/fold_4/m2/OriginalData/encoded-data`
[2026-06-13 06:22:33,601] INFO   : clean `/shared/paysim-sarmad/models/fold_4/m2/OriginalData/encoded-data`
[2026-06-13 06:22:33,601] INFO   : clean `/shared/paysim-sarmad/models/fold_4/m2/OriginalData/encoded-data`
[2026-06-13 06:22:36,560] INFO   : encoded partition part.000000-trn.parquet (411938, 11)
[2026-06-13 06:22:37,304] INFO   : encoded partition part.000000-val.parquet (102984, 11)
[2026-06-13 06:22:37,304] INFO   : ENCODE_TABULAR finished in 3.70s
[2026-06-13 06:22:37,305] INFO   : TRAIN_TABULAR started
[2026-06-13 06:22:37,310] INFO   : numpy=2.4.4, pandas=2.3.3
[2026-06-13 06:22:37,311] INFO   : torch=2.5.1+cu121, opacus=1.4.0
[2026-06-13 06:22:37,311] INFO   : device=device(type='cuda', index=0)
[2026-06-13 06:22:37,312] INFO   : is_sequential=False
[2026-06-13 06:22:37,312] INFO   : max_training_time=864000.0s
[2026-06-13 06:22:37,312] INFO   : max_epochs=100
[2026-06-13 06:22:37,312] INFO   : model_size=<ModelSize.M: 'M'>
[2026-06-13 06:22:37,312] INFO   : enable_flexible_generation=True
[2026-06-13 06:22:37,312] INFO   : with_dp=False
[2026-06-13 06:22:37,312] INFO   : model_state_strategy=<ModelStateStrategy.reset: 'RESET'>
[2026-06-13 06:22:37,312] INFO   : max_sequence_window=np.int64(1)
[2026-06-13 06:22:37,343] INFO   : create training model
[2026-06-13 06:22:37,347] INFO   : initializing predictor bias with empirical log probabilities
[2026-06-13 06:22:37,350] INFO   : model class: FlatModel
[2026-06-13 06:22:37,350] INFO   : model weights not found; change strategy from ModelStateStrategy.reset to RESET
[2026-06-13 06:22:37,350] INFO   : model_state_strategy=<ModelStateStrategy.reset: 'RESET'>
[2026-06-13 06:22:37,350] INFO   : remove existing checkpoint files
[2026-06-13 06:22:37,350] INFO   : start training progress from epoch=0.0, steps=0
[2026-06-13 06:22:37,351] INFO   : no_of_model_params=np.int64(106829)
2026-06-13 06:22:37 [INFO] httpx — HTTP Request: HEAD https://s3.amazonaws.com/datasets.huggingface.co/datasets/datasets/parquet/parquet.py "HTTP/1.1 404 Not Found"
2026-06-13 06:22:37 [INFO] httpx — HTTP Request: HEAD https://s3.amazonaws.com/datasets.huggingface.co/datasets/datasets/parquet/parquet.py "HTTP/1.1 404 Not Found"
[2026-06-13 06:22:37,690] INFO   : trn_cnt=411938, val_cnt=102984
[2026-06-13 06:22:37,690] INFO   : len(tgt_sub_columns)=11, len(ctxflt_sub_columns)=0, len(ctxseq_sub_columns)=0
[2026-06-13 06:22:37,690] INFO   : tgt_cardinalities_deciles=[np.int64(3), np.int64(3), np.int64(6), np.int64(8), np.int64(10), np.int64(10), np.int64(103), np.int64(103), np.int64(103), np.int64(103), np.int64(103)]
[2026-06-13 06:22:37,691] INFO   : trn_batch_size=4096, val_batch_size=4096
[2026-06-13 06:22:37,691] INFO   : trn_steps=100, val_steps=25
[2026-06-13 06:22:37,691] INFO   : batch_size=4096, gradient_accumulation_steps=1, initial_lr=np.float64(0.01131)
[2026-06-13 06:22:37,857] INFO   : {'epoch': 0.01, 'is_checkpoint': 0, 'steps': 1, 'samples': 4096, 'trn_loss': 25.8031, 'val_loss': None, 'total_time': 0.2, 'learn_rate': 0.01131, 'dp_eps': None, 'dp_delta': None}
[2026-06-13 06:22:55,824] INFO   : {'epoch': 1.0, 'is_checkpoint': 1, 'steps': 100, 'samples': 409600, 'trn_loss': 22.7052, 'val_loss': 21.066, 'total_time': 18.1, 'learn_rate': 0.01131, 'dp_eps': None, 'dp_delta': None}
[2026-06-13 06:23:14,023] INFO   : {'epoch': 2.0, 'is_checkpoint': 1, 'steps': 200, 'samples': 817442, 'trn_loss': 21.0449, 'val_loss': 20.3355, 'total_time': 36.3, 'learn_rate': 0.01131, 'dp_eps': None, 'dp_delta': None}
[2026-06-13 06:23:15,627] INFO   : analyzed target partition 000000-trn (4072077, 9)
[2026-06-13 06:23:32,058] INFO   : {'epoch': 3.0, 'is_checkpoint': 1, 'steps': 300, 'samples': 1225284, 'trn_loss': 20.5926, 'val_loss': 20.1104, 'total_time': 54.4, 'learn_rate': 0.01131, 'dp_eps': None, 'dp_delta': None}
[2026-06-13 06:23:41,573] INFO   : analyzed target partition 000000-val (1018019, 9)
[2026-06-13 06:23:41,575] INFO   : combine partition statistics
[2026-06-13 06:23:41,583] INFO   : value_protection = True
[2026-06-13 06:23:41,583] INFO   : analyzed column `step`: TABULAR_NUMERIC_DIGIT {'E2': 8, 'E1': 10, 'E0': 10}
[2026-06-13 06:23:41,583] INFO   : analyzed column `type`: TABULAR_CATEGORICAL {'cat': 6}
[2026-06-13 06:23:41,584] INFO   : analyzed column `amount`: TABULAR_NUMERIC_BINNED {'bin': 103}
[2026-06-13 06:23:41,586] INFO   : analyzed column `oldbalanceOrg`: TABULAR_NUMERIC_BINNED {'bin': 103}
[2026-06-13 06:23:41,590] INFO   : analyzed column `newbalanceOrig`: TABULAR_NUMERIC_BINNED {'bin': 103}
[2026-06-13 06:23:41,592] INFO   : analyzed column `oldbalanceDest`: TABULAR_NUMERIC_BINNED {'bin': 103}
[2026-06-13 06:23:41,594] INFO   : analyzed column `newbalanceDest`: TABULAR_NUMERIC_BINNED {'bin': 103}
[2026-06-13 06:23:41,594] INFO   : analyzed column `isFraud`: TABULAR_NUMERIC_DISCRETE {'cat': 3}
[2026-06-13 06:23:41,595] INFO   : analyzed column `isFlaggedFraud`: TABULAR_NUMERIC_DISCRETE {'cat': 3}
[2026-06-13 06:23:41,595] INFO   : analyzed 5,090,096 records: 4,072,077 training / 1,018,019 validation
[2026-06-13 06:23:41,726] INFO   : is_sequential: False
[2026-06-13 06:23:41,726] INFO   : write statistics to `/shared/paysim-sarmad/models/fold_4/m3/ModelStore/tgt-stats/stats.json`
[2026-06-13 06:23:41,728] INFO   : ANALYZE finished in 119.55s
[2026-06-13 06:23:41,728] INFO   : ENCODE_TABULAR started
[2026-06-13 06:23:41,729] INFO   : create `/shared/paysim-sarmad/models/fold_4/m3/OriginalData/encoded-data`
[2026-06-13 06:23:41,729] INFO   : clean `/shared/paysim-sarmad/models/fold_4/m3/OriginalData/encoded-data`
[2026-06-13 06:23:41,729] INFO   : clean `/shared/paysim-sarmad/models/fold_4/m3/OriginalData/encoded-data`
[2026-06-13 06:23:50,107] INFO   : {'epoch': 4.0, 'is_checkpoint': 1, 'steps': 400, 'samples': 1633126, 'trn_loss': 20.3737, 'val_loss': 19.9043, 'total_time': 72.4, 'learn_rate': 0.01131, 'dp_eps': None, 'dp_delta': None}
[2026-06-13 06:24:07,152] INFO   : {'epoch': 5.0, 'is_checkpoint': 1, 'steps': 500, 'samples': 2040968, 'trn_loss': 20.2354, 'val_loss': 19.8549, 'total_time': 89.5, 'learn_rate': 0.01131, 'dp_eps': None, 'dp_delta': None}
[2026-06-13 06:24:11,326] INFO   : encoded partition part.000000-trn.parquet (4072077, 11)
[2026-06-13 06:24:18,887] INFO   : encoded partition part.000000-val.parquet (1018019, 11)
[2026-06-13 06:24:18,893] INFO   : ENCODE_TABULAR finished in 37.16s
[2026-06-13 06:24:18,894] INFO   : TRAIN_TABULAR started
[2026-06-13 06:24:18,899] INFO   : numpy=2.4.4, pandas=2.3.3
[2026-06-13 06:24:18,900] INFO   : torch=2.5.1+cu121, opacus=1.4.0
[2026-06-13 06:24:18,900] INFO   : device=device(type='cuda', index=1)
[2026-06-13 06:24:18,901] INFO   : is_sequential=False
[2026-06-13 06:24:18,901] INFO   : max_training_time=864000.0s
[2026-06-13 06:24:18,901] INFO   : max_epochs=100
[2026-06-13 06:24:18,901] INFO   : model_size=<ModelSize.M: 'M'>
[2026-06-13 06:24:18,901] INFO   : enable_flexible_generation=True
[2026-06-13 06:24:18,901] INFO   : with_dp=False
[2026-06-13 06:24:18,901] INFO   : model_state_strategy=<ModelStateStrategy.reset: 'RESET'>
[2026-06-13 06:24:18,901] INFO   : max_sequence_window=np.int64(1)
[2026-06-13 06:24:19,130] INFO   : create training model
[2026-06-13 06:24:19,466] INFO   : initializing predictor bias with empirical log probabilities
[2026-06-13 06:24:19,469] INFO   : model class: FlatModel
[2026-06-13 06:24:19,469] INFO   : model weights not found; change strategy from ModelStateStrategy.reset to RESET
[2026-06-13 06:24:19,469] INFO   : model_state_strategy=<ModelStateStrategy.reset: 'RESET'>
[2026-06-13 06:24:19,469] INFO   : remove existing checkpoint files
[2026-06-13 06:24:19,469] INFO   : start training progress from epoch=0.0, steps=0
[2026-06-13 06:24:19,471] INFO   : no_of_model_params=np.int64(106829)
2026-06-13 06:24:19 [INFO] httpx — HTTP Request: HEAD https://s3.amazonaws.com/datasets.huggingface.co/datasets/datasets/parquet/parquet.py "HTTP/1.1 404 Not Found"
2026-06-13 06:24:20 [INFO] httpx — HTTP Request: HEAD https://s3.amazonaws.com/datasets.huggingface.co/datasets/datasets/parquet/parquet.py "HTTP/1.1 404 Not Found"
[2026-06-13 06:24:20,148] INFO   : trn_cnt=4072077, val_cnt=1018019
[2026-06-13 06:24:20,148] INFO   : len(tgt_sub_columns)=11, len(ctxflt_sub_columns)=0, len(ctxseq_sub_columns)=0
[2026-06-13 06:24:20,148] INFO   : tgt_cardinalities_deciles=[np.int64(3), np.int64(3), np.int64(6), np.int64(8), np.int64(10), np.int64(10), np.int64(103), np.int64(103), np.int64(103), np.int64(103), np.int64(103)]
[2026-06-13 06:24:20,148] INFO   : trn_batch_size=4096, val_batch_size=4096
[2026-06-13 06:24:20,148] INFO   : trn_steps=994, val_steps=248
[2026-06-13 06:24:20,148] INFO   : batch_size=4096, gradient_accumulation_steps=1, initial_lr=np.float64(0.01131)
[2026-06-13 06:24:21,352] INFO   : {'epoch': 0.0, 'is_checkpoint': 0, 'steps': 1, 'samples': 4096, 'trn_loss': 25.5606, 'val_loss': None, 'total_time': 1.2, 'learn_rate': 0.01131, 'dp_eps': None, 'dp_delta': None}
[2026-06-13 06:24:24,182] INFO   : {'epoch': 6.0, 'is_checkpoint': 1, 'steps': 600, 'samples': 2448810, 'trn_loss': 20.1651, 'val_loss': 19.6997, 'total_time': 106.5, 'learn_rate': 0.01131, 'dp_eps': None, 'dp_delta': None}
[2026-06-13 06:24:41,760] INFO   : {'epoch': 7.0, 'is_checkpoint': 1, 'steps': 700, 'samples': 2856652, 'trn_loss': 20.0745, 'val_loss': 19.6423, 'total_time': 124.1, 'learn_rate': 0.01131, 'dp_eps': None, 'dp_delta': None}
[2026-06-13 06:24:58,673] INFO   : {'epoch': 8.0, 'is_checkpoint': 1, 'steps': 800, 'samples': 3264494, 'trn_loss': 20.0065, 'val_loss': 19.6403, 'total_time': 141.0, 'learn_rate': 0.01131, 'dp_eps': None, 'dp_delta': None}
[2026-06-13 06:25:16,039] INFO   : {'epoch': 9.0, 'is_checkpoint': 1, 'steps': 900, 'samples': 3672336, 'trn_loss': 19.9598, 'val_loss': 19.6041, 'total_time': 158.3, 'learn_rate': 0.01131, 'dp_eps': None, 'dp_delta': None}
[2026-06-13 06:25:33,155] INFO   : {'epoch': 10.0, 'is_checkpoint': 1, 'steps': 1000, 'samples': 4080178, 'trn_loss': 19.9349, 'val_loss': 19.5234, 'total_time': 175.5, 'learn_rate': 0.01131, 'dp_eps': None, 'dp_delta': None}
[2026-06-13 06:25:50,798] INFO   : {'epoch': 11.0, 'is_checkpoint': 0, 'steps': 1100, 'samples': 4488020, 'trn_loss': 19.9239, 'val_loss': 19.5733, 'total_time': 193.1, 'learn_rate': 0.01131, 'dp_eps': None, 'dp_delta': None}
[2026-06-13 06:26:07,720] INFO   : {'epoch': 12.0, 'is_checkpoint': 1, 'steps': 1200, 'samples': 4895862, 'trn_loss': 19.8852, 'val_loss': 19.4673, 'total_time': 210.0, 'learn_rate': 0.01131, 'dp_eps': None, 'dp_delta': None}
[2026-06-13 06:26:24,820] INFO   : {'epoch': 13.0, 'is_checkpoint': 0, 'steps': 1300, 'samples': 5303704, 'trn_loss': 19.8269, 'val_loss': 19.5395, 'total_time': 227.1, 'learn_rate': 0.01131, 'dp_eps': None, 'dp_delta': None}
[2026-06-13 06:26:42,620] INFO   : {'epoch': 14.0, 'is_checkpoint': 1, 'steps': 1400, 'samples': 5711546, 'trn_loss': 19.8456, 'val_loss': 19.4156, 'total_time': 244.9, 'learn_rate': 0.01131, 'dp_eps': None, 'dp_delta': None}
[2026-06-13 06:26:59,819] INFO   : {'epoch': 15.0, 'is_checkpoint': 1, 'steps': 1500, 'samples': 6119388, 'trn_loss': 19.7773, 'val_loss': 19.3862, 'total_time': 262.1, 'learn_rate': 0.01131, 'dp_eps': None, 'dp_delta': None}
[2026-06-13 06:27:16,867] INFO   : {'epoch': 16.0, 'is_checkpoint': 0, 'steps': 1600, 'samples': 6527230, 'trn_loss': 19.7997, 'val_loss': 19.4182, 'total_time': 279.2, 'learn_rate': 0.01131, 'dp_eps': None, 'dp_delta': None}
[2026-06-13 06:27:34,069] INFO   : {'epoch': 17.0, 'is_checkpoint': 0, 'steps': 1700, 'samples': 6935072, 'trn_loss': 19.7983, 'val_loss': 19.4258, 'total_time': 296.4, 'learn_rate': 0.01131, 'dp_eps': None, 'dp_delta': None}
[2026-06-13 06:27:40,734] INFO   : {'epoch': 1.0, 'is_checkpoint': 1, 'steps': 994, 'samples': 4071424, 'trn_loss': 20.4437, 'val_loss': 19.4617, 'total_time': 200.6, 'learn_rate': 0.01131, 'dp_eps': None, 'dp_delta': None}
[2026-06-13 06:27:51,737] INFO   : {'epoch': 18.0, 'is_checkpoint': 0, 'steps': 1800, 'samples': 7342914, 'trn_loss': 19.7729, 'val_loss': 19.3933, 'total_time': 314.0, 'learn_rate': 0.01131, 'dp_eps': None, 'dp_delta': None}
[2026-06-13 06:28:09,264] INFO   : {'epoch': 19.0, 'is_checkpoint': 1, 'steps': 1900, 'samples': 7750756, 'trn_loss': 19.7113, 'val_loss': 19.3039, 'total_time': 331.6, 'learn_rate': 0.005655, 'dp_eps': None, 'dp_delta': None}
[2026-06-13 06:28:26,586] INFO   : {'epoch': 20.0, 'is_checkpoint': 1, 'steps': 2000, 'samples': 8158598, 'trn_loss': 19.6354, 'val_loss': 19.2678, 'total_time': 348.9, 'learn_rate': 0.005655, 'dp_eps': None, 'dp_delta': None}
[2026-06-13 06:28:43,811] INFO   : {'epoch': 21.0, 'is_checkpoint': 0, 'steps': 2100, 'samples': 8566440, 'trn_loss': 19.6395, 'val_loss': 19.3281, 'total_time': 366.1, 'learn_rate': 0.005655, 'dp_eps': None, 'dp_delta': None}
[2026-06-13 06:29:01,760] INFO   : {'epoch': 22.0, 'is_checkpoint': 0, 'steps': 2200, 'samples': 8974282, 'trn_loss': 19.6672, 'val_loss': 19.3212, 'total_time': 384.1, 'learn_rate': 0.005655, 'dp_eps': None, 'dp_delta': None}
[2026-06-13 06:29:19,135] INFO   : {'epoch': 23.0, 'is_checkpoint': 0, 'steps': 2300, 'samples': 9382124, 'trn_loss': 19.6654, 'val_loss': 19.2816, 'total_time': 401.4, 'learn_rate': 0.005655, 'dp_eps': None, 'dp_delta': None}
[2026-06-13 06:29:36,826] INFO   : {'epoch': 24.0, 'is_checkpoint': 1, 'steps': 2400, 'samples': 9789966, 'trn_loss': 19.6024, 'val_loss': 19.2269, 'total_time': 419.1, 'learn_rate': 0.002828, 'dp_eps': None, 'dp_delta': None}
[2026-06-13 06:29:54,374] INFO   : {'epoch': 25.0, 'is_checkpoint': 0, 'steps': 2500, 'samples': 10197808, 'trn_loss': 19.5909, 'val_loss': 19.2321, 'total_time': 436.7, 'learn_rate': 0.002828, 'dp_eps': None, 'dp_delta': None}
[2026-06-13 06:30:11,892] INFO   : {'epoch': 26.0, 'is_checkpoint': 1, 'steps': 2600, 'samples': 10605650, 'trn_loss': 19.5784, 'val_loss': 19.2223, 'total_time': 454.2, 'learn_rate': 0.002828, 'dp_eps': None, 'dp_delta': None}
[2026-06-13 06:30:29,110] INFO   : {'epoch': 27.0, 'is_checkpoint': 0, 'steps': 2700, 'samples': 11013492, 'trn_loss': 19.5807, 'val_loss': 19.2247, 'total_time': 471.4, 'learn_rate': 0.002828, 'dp_eps': None, 'dp_delta': None}
[2026-06-13 06:30:46,619] INFO   : {'epoch': 28.0, 'is_checkpoint': 0, 'steps': 2800, 'samples': 11421334, 'trn_loss': 19.5628, 'val_loss': 19.2475, 'total_time': 488.9, 'learn_rate': 0.002828, 'dp_eps': None, 'dp_delta': None}
[2026-06-13 06:31:03,331] INFO   : {'epoch': 2.0, 'is_checkpoint': 1, 'steps': 1988, 'samples': 8139405, 'trn_loss': 19.7701, 'val_loss': 19.2925, 'total_time': 403.2, 'learn_rate': 0.01131, 'dp_eps': None, 'dp_delta': None}
[2026-06-13 06:31:03,980] INFO   : {'epoch': 29.0, 'is_checkpoint': 0, 'steps': 2900, 'samples': 11829176, 'trn_loss': 19.5787, 'val_loss': 19.2395, 'total_time': 506.3, 'learn_rate': 0.002828, 'dp_eps': None, 'dp_delta': None}
[2026-06-13 06:31:21,008] INFO   : {'epoch': 30.0, 'is_checkpoint': 1, 'steps': 3000, 'samples': 12237018, 'trn_loss': 19.5544, 'val_loss': 19.1749, 'total_time': 523.3, 'learn_rate': 0.001414, 'dp_eps': None, 'dp_delta': None}
[2026-06-13 06:31:38,264] INFO   : {'epoch': 31.0, 'is_checkpoint': 0, 'steps': 3100, 'samples': 12644860, 'trn_loss': 19.548, 'val_loss': 19.2278, 'total_time': 540.6, 'learn_rate': 0.001414, 'dp_eps': None, 'dp_delta': None}
[2026-06-13 06:31:55,676] INFO   : {'epoch': 32.0, 'is_checkpoint': 0, 'steps': 3200, 'samples': 13052702, 'trn_loss': 19.5421, 'val_loss': 19.1909, 'total_time': 558.0, 'learn_rate': 0.001414, 'dp_eps': None, 'dp_delta': None}
[2026-06-13 06:32:12,978] INFO   : {'epoch': 33.0, 'is_checkpoint': 0, 'steps': 3300, 'samples': 13460544, 'trn_loss': 19.527, 'val_loss': 19.2251, 'total_time': 575.3, 'learn_rate': 0.001414, 'dp_eps': None, 'dp_delta': None}
[2026-06-13 06:32:30,539] INFO   : {'epoch': 34.0, 'is_checkpoint': 1, 'steps': 3400, 'samples': 13868386, 'trn_loss': 19.5267, 'val_loss': 19.1495, 'total_time': 592.8, 'learn_rate': 0.001131, 'dp_eps': None, 'dp_delta': None}
[2026-06-13 06:32:47,753] INFO   : {'epoch': 35.0, 'is_checkpoint': 0, 'steps': 3500, 'samples': 14276228, 'trn_loss': 19.5124, 'val_loss': 19.2127, 'total_time': 610.1, 'learn_rate': 0.001131, 'dp_eps': None, 'dp_delta': None}
[2026-06-13 06:33:05,333] INFO   : {'epoch': 36.0, 'is_checkpoint': 1, 'steps': 3600, 'samples': 14684070, 'trn_loss': 19.5347, 'val_loss': 19.1337, 'total_time': 627.6, 'learn_rate': 0.001131, 'dp_eps': None, 'dp_delta': None}
[2026-06-13 06:33:22,344] INFO   : {'epoch': 37.0, 'is_checkpoint': 0, 'steps': 3700, 'samples': 15091912, 'trn_loss': 19.5539, 'val_loss': 19.1714, 'total_time': 644.7, 'learn_rate': 0.001131, 'dp_eps': None, 'dp_delta': None}
[2026-06-13 06:33:39,836] INFO   : {'epoch': 38.0, 'is_checkpoint': 0, 'steps': 3800, 'samples': 15499754, 'trn_loss': 19.5068, 'val_loss': 19.1852, 'total_time': 662.1, 'learn_rate': 0.001131, 'dp_eps': None, 'dp_delta': None}
[2026-06-13 06:33:57,313] INFO   : {'epoch': 39.0, 'is_checkpoint': 1, 'steps': 3900, 'samples': 15907596, 'trn_loss': 19.5171, 'val_loss': 19.1073, 'total_time': 679.6, 'learn_rate': 0.001131, 'dp_eps': None, 'dp_delta': None}
[2026-06-13 06:34:14,241] INFO   : {'epoch': 40.0, 'is_checkpoint': 0, 'steps': 4000, 'samples': 16315438, 'trn_loss': 19.5366, 'val_loss': 19.2094, 'total_time': 696.5, 'learn_rate': 0.001131, 'dp_eps': None, 'dp_delta': None}
[2026-06-13 06:34:21,403] INFO   : {'epoch': 3.0, 'is_checkpoint': 1, 'steps': 2982, 'samples': 12207386, 'trn_loss': 19.6591, 'val_loss': 19.2033, 'total_time': 601.3, 'learn_rate': 0.01131, 'dp_eps': None, 'dp_delta': None}
[2026-06-13 06:34:31,676] INFO   : {'epoch': 41.0, 'is_checkpoint': 0, 'steps': 4100, 'samples': 16723280, 'trn_loss': 19.5283, 'val_loss': 19.2479, 'total_time': 714.0, 'learn_rate': 0.001131, 'dp_eps': None, 'dp_delta': None}
[2026-06-13 06:34:48,955] INFO   : {'epoch': 42.0, 'is_checkpoint': 0, 'steps': 4200, 'samples': 17131122, 'trn_loss': 19.5297, 'val_loss': 19.1677, 'total_time': 731.3, 'learn_rate': 0.001131, 'dp_eps': None, 'dp_delta': None}
[2026-06-13 06:35:05,944] INFO   : {'epoch': 43.0, 'is_checkpoint': 0, 'steps': 4300, 'samples': 17538964, 'trn_loss': 19.5203, 'val_loss': 19.1804, 'total_time': 748.3, 'learn_rate': 0.001131, 'dp_eps': None, 'dp_delta': None}
[2026-06-13 06:35:23,447] INFO   : early stopping: val_loss stopped improving
[2026-06-13 06:35:23,447] INFO   : {'epoch': 44.0, 'is_checkpoint': 0, 'steps': 4400, 'samples': 17946806, 'trn_loss': 19.5125, 'val_loss': 19.1523, 'total_time': 765.8, 'learn_rate': 0.001131, 'dp_eps': None, 'dp_delta': None}
[2026-06-13 06:35:23,559] INFO   : TRAIN_TABULAR finished in 766.25s
2026-06-13 06:35:24 [INFO] paysim — [fold=4] ✔ DONE  train_m2  (781.8s)
2026-06-13 06:35:24 [INFO] paysim — [fold=4] Waiting for M3 subprocess (pid=395231) …
[2026-06-13 06:37:27,639] INFO   : {'epoch': 4.0, 'is_checkpoint': 1, 'steps': 3976, 'samples': 16275367, 'trn_loss': 19.584, 'val_loss': 19.1525, 'total_time': 787.5, 'learn_rate': 0.01131, 'dp_eps': None, 'dp_delta': None}
[2026-06-13 06:40:29,984] INFO   : {'epoch': 5.0, 'is_checkpoint': 1, 'steps': 4970, 'samples': 20343348, 'trn_loss': 19.5325, 'val_loss': 19.1015, 'total_time': 969.8, 'learn_rate': 0.01131, 'dp_eps': None, 'dp_delta': None}
[2026-06-13 06:43:29,314] INFO   : {'epoch': 6.0, 'is_checkpoint': 1, 'steps': 5964, 'samples': 24411329, 'trn_loss': 19.5038, 'val_loss': 19.0752, 'total_time': 1149.2, 'learn_rate': 0.01131, 'dp_eps': None, 'dp_delta': None}
[2026-06-13 06:46:24,249] INFO   : {'epoch': 7.0, 'is_checkpoint': 1, 'steps': 6958, 'samples': 28479310, 'trn_loss': 19.4825, 'val_loss': 19.0663, 'total_time': 1324.1, 'learn_rate': 0.01131, 'dp_eps': None, 'dp_delta': None}
[2026-06-13 06:49:20,990] INFO   : {'epoch': 8.0, 'is_checkpoint': 1, 'steps': 7952, 'samples': 32547291, 'trn_loss': 19.4651, 'val_loss': 19.0599, 'total_time': 1500.8, 'learn_rate': 0.01131, 'dp_eps': None, 'dp_delta': None}
[2026-06-13 06:52:16,435] INFO   : {'epoch': 9.0, 'is_checkpoint': 1, 'steps': 8946, 'samples': 36615272, 'trn_loss': 19.4404, 'val_loss': 19.0167, 'total_time': 1676.3, 'learn_rate': 0.01131, 'dp_eps': None, 'dp_delta': None}
[2026-06-13 06:55:11,169] INFO   : {'epoch': 10.0, 'is_checkpoint': 1, 'steps': 9940, 'samples': 40683253, 'trn_loss': 19.4208, 'val_loss': 18.9945, 'total_time': 1851.0, 'learn_rate': 0.01131, 'dp_eps': None, 'dp_delta': None}
[2026-06-13 06:58:07,207] INFO   : {'epoch': 11.0, 'is_checkpoint': 1, 'steps': 10934, 'samples': 44751234, 'trn_loss': 19.4043, 'val_loss': 18.9853, 'total_time': 2027.1, 'learn_rate': 0.01131, 'dp_eps': None, 'dp_delta': None}
[2026-06-13 07:01:02,661] INFO   : {'epoch': 12.0, 'is_checkpoint': 1, 'steps': 11928, 'samples': 48819215, 'trn_loss': 19.3981, 'val_loss': 18.9794, 'total_time': 2202.5, 'learn_rate': 0.01131, 'dp_eps': None, 'dp_delta': None}
[2026-06-13 07:03:58,865] INFO   : {'epoch': 13.0, 'is_checkpoint': 1, 'steps': 12922, 'samples': 52887196, 'trn_loss': 19.3926, 'val_loss': 18.9642, 'total_time': 2378.7, 'learn_rate': 0.01131, 'dp_eps': None, 'dp_delta': None}
[2026-06-13 07:06:53,743] INFO   : {'epoch': 14.0, 'is_checkpoint': 1, 'steps': 13916, 'samples': 56955177, 'trn_loss': 19.3823, 'val_loss': 18.9572, 'total_time': 2553.6, 'learn_rate': 0.01131, 'dp_eps': None, 'dp_delta': None}
[2026-06-13 07:09:49,443] INFO   : {'epoch': 15.0, 'is_checkpoint': 1, 'steps': 14910, 'samples': 61023158, 'trn_loss': 19.3871, 'val_loss': 18.9541, 'total_time': 2729.3, 'learn_rate': 0.01131, 'dp_eps': None, 'dp_delta': None}
[2026-06-13 07:12:46,657] INFO   : {'epoch': 16.0, 'is_checkpoint': 1, 'steps': 15904, 'samples': 65091139, 'trn_loss': 19.3625, 'val_loss': 18.9519, 'total_time': 2906.5, 'learn_rate': 0.01131, 'dp_eps': None, 'dp_delta': None}
[2026-06-13 07:15:42,145] INFO   : {'epoch': 17.0, 'is_checkpoint': 1, 'steps': 16898, 'samples': 69159120, 'trn_loss': 19.3686, 'val_loss': 18.9444, 'total_time': 3082.0, 'learn_rate': 0.01131, 'dp_eps': None, 'dp_delta': None}
[2026-06-13 07:18:38,167] INFO   : {'epoch': 18.0, 'is_checkpoint': 1, 'steps': 17892, 'samples': 73227101, 'trn_loss': 19.3731, 'val_loss': 18.9324, 'total_time': 3258.0, 'learn_rate': 0.01131, 'dp_eps': None, 'dp_delta': None}
[2026-06-13 07:21:31,784] INFO   : {'epoch': 19.0, 'is_checkpoint': 0, 'steps': 18886, 'samples': 77295082, 'trn_loss': 19.3737, 'val_loss': 18.9701, 'total_time': 3431.6, 'learn_rate': 0.01131, 'dp_eps': None, 'dp_delta': None}
[2026-06-13 07:24:26,362] INFO   : {'epoch': 20.0, 'is_checkpoint': 1, 'steps': 19880, 'samples': 81363063, 'trn_loss': 19.3593, 'val_loss': 18.9209, 'total_time': 3606.2, 'learn_rate': 0.01131, 'dp_eps': None, 'dp_delta': None}
[2026-06-13 07:27:19,319] INFO   : {'epoch': 21.0, 'is_checkpoint': 0, 'steps': 20874, 'samples': 85431044, 'trn_loss': 19.3568, 'val_loss': 18.9648, 'total_time': 3779.2, 'learn_rate': 0.01131, 'dp_eps': None, 'dp_delta': None}
[2026-06-13 07:30:13,199] INFO   : {'epoch': 22.0, 'is_checkpoint': 0, 'steps': 21868, 'samples': 89499025, 'trn_loss': 19.3527, 'val_loss': 18.947, 'total_time': 3953.0, 'learn_rate': 0.01131, 'dp_eps': None, 'dp_delta': None}
[2026-06-13 07:33:06,400] INFO   : {'epoch': 23.0, 'is_checkpoint': 0, 'steps': 22862, 'samples': 93567006, 'trn_loss': 19.3582, 'val_loss': 18.9369, 'total_time': 4126.2, 'learn_rate': 0.01131, 'dp_eps': None, 'dp_delta': None}
[2026-06-13 07:36:00,077] INFO   : {'epoch': 24.0, 'is_checkpoint': 1, 'steps': 23856, 'samples': 97634987, 'trn_loss': 19.2648, 'val_loss': 18.8578, 'total_time': 4299.9, 'learn_rate': 0.005655, 'dp_eps': None, 'dp_delta': None}
[2026-06-13 07:38:55,271] INFO   : {'epoch': 25.0, 'is_checkpoint': 1, 'steps': 24850, 'samples': 101702968, 'trn_loss': 19.2521, 'val_loss': 18.8527, 'total_time': 4475.1, 'learn_rate': 0.005655, 'dp_eps': None, 'dp_delta': None}
[2026-06-13 07:41:49,368] INFO   : {'epoch': 26.0, 'is_checkpoint': 0, 'steps': 25844, 'samples': 105770949, 'trn_loss': 19.2513, 'val_loss': 18.8704, 'total_time': 4649.2, 'learn_rate': 0.005655, 'dp_eps': None, 'dp_delta': None}
[2026-06-13 07:44:43,665] INFO   : {'epoch': 27.0, 'is_checkpoint': 0, 'steps': 26838, 'samples': 109838930, 'trn_loss': 19.252, 'val_loss': 18.8548, 'total_time': 4823.5, 'learn_rate': 0.005655, 'dp_eps': None, 'dp_delta': None}
[2026-06-13 07:47:36,761] INFO   : {'epoch': 28.0, 'is_checkpoint': 0, 'steps': 27832, 'samples': 113906911, 'trn_loss': 19.251, 'val_loss': 18.8565, 'total_time': 4996.6, 'learn_rate': 0.005655, 'dp_eps': None, 'dp_delta': None}
[2026-06-13 07:50:30,481] INFO   : {'epoch': 29.0, 'is_checkpoint': 1, 'steps': 28826, 'samples': 117974892, 'trn_loss': 19.2023, 'val_loss': 18.8235, 'total_time': 5170.3, 'learn_rate': 0.002828, 'dp_eps': None, 'dp_delta': None}
[2026-06-13 07:53:25,307] INFO   : {'epoch': 30.0, 'is_checkpoint': 0, 'steps': 29820, 'samples': 122042873, 'trn_loss': 19.2018, 'val_loss': 18.8272, 'total_time': 5345.2, 'learn_rate': 0.002828, 'dp_eps': None, 'dp_delta': None}
[2026-06-13 07:56:20,430] INFO   : {'epoch': 31.0, 'is_checkpoint': 0, 'steps': 30814, 'samples': 126110854, 'trn_loss': 19.1921, 'val_loss': 18.8254, 'total_time': 5520.3, 'learn_rate': 0.002828, 'dp_eps': None, 'dp_delta': None}
[2026-06-13 07:59:13,273] INFO   : {'epoch': 32.0, 'is_checkpoint': 0, 'steps': 31808, 'samples': 130178835, 'trn_loss': 19.1978, 'val_loss': 18.8262, 'total_time': 5693.1, 'learn_rate': 0.002828, 'dp_eps': None, 'dp_delta': None}
[2026-06-13 08:02:10,336] INFO   : {'epoch': 33.0, 'is_checkpoint': 1, 'steps': 32802, 'samples': 134246816, 'trn_loss': 19.1643, 'val_loss': 18.794, 'total_time': 5870.2, 'learn_rate': 0.001414, 'dp_eps': None, 'dp_delta': None}
[2026-06-13 08:05:07,247] INFO   : {'epoch': 34.0, 'is_checkpoint': 0, 'steps': 33796, 'samples': 138314797, 'trn_loss': 19.1669, 'val_loss': 18.8056, 'total_time': 6047.1, 'learn_rate': 0.001414, 'dp_eps': None, 'dp_delta': None}
[2026-06-13 08:08:03,142] INFO   : {'epoch': 35.0, 'is_checkpoint': 1, 'steps': 34790, 'samples': 142382778, 'trn_loss': 19.1599, 'val_loss': 18.7935, 'total_time': 6223.0, 'learn_rate': 0.001414, 'dp_eps': None, 'dp_delta': None}
[2026-06-13 08:10:58,387] INFO   : {'epoch': 36.0, 'is_checkpoint': 0, 'steps': 35784, 'samples': 146450759, 'trn_loss': 19.1639, 'val_loss': 18.8007, 'total_time': 6398.2, 'learn_rate': 0.001414, 'dp_eps': None, 'dp_delta': None}
[2026-06-13 08:13:53,334] INFO   : {'epoch': 37.0, 'is_checkpoint': 0, 'steps': 36778, 'samples': 150518740, 'trn_loss': 19.1549, 'val_loss': 18.7949, 'total_time': 6573.2, 'learn_rate': 0.001131, 'dp_eps': None, 'dp_delta': None}
[2026-06-13 08:16:50,190] INFO   : {'epoch': 38.0, 'is_checkpoint': 1, 'steps': 37772, 'samples': 154586721, 'trn_loss': 19.165, 'val_loss': 18.7857, 'total_time': 6750.0, 'learn_rate': 0.001131, 'dp_eps': None, 'dp_delta': None}
[2026-06-13 08:19:58,426] INFO   : {'epoch': 39.0, 'is_checkpoint': 0, 'steps': 38766, 'samples': 158654702, 'trn_loss': 19.1517, 'val_loss': 18.8095, 'total_time': 6938.3, 'learn_rate': 0.001131, 'dp_eps': None, 'dp_delta': None}
[2026-06-13 08:23:06,786] INFO   : {'epoch': 40.0, 'is_checkpoint': 1, 'steps': 39760, 'samples': 162722683, 'trn_loss': 19.1577, 'val_loss': 18.7845, 'total_time': 7126.6, 'learn_rate': 0.001131, 'dp_eps': None, 'dp_delta': None}
[2026-06-13 08:26:13,703] INFO   : {'epoch': 41.0, 'is_checkpoint': 1, 'steps': 40754, 'samples': 166790664, 'trn_loss': 19.157, 'val_loss': 18.7776, 'total_time': 7313.6, 'learn_rate': 0.001131, 'dp_eps': None, 'dp_delta': None}
[2026-06-13 08:29:20,488] INFO   : {'epoch': 42.0, 'is_checkpoint': 0, 'steps': 41748, 'samples': 170858645, 'trn_loss': 19.1543, 'val_loss': 18.7967, 'total_time': 7500.3, 'learn_rate': 0.001131, 'dp_eps': None, 'dp_delta': None}
[2026-06-13 08:32:26,587] INFO   : {'epoch': 43.0, 'is_checkpoint': 0, 'steps': 42742, 'samples': 174926626, 'trn_loss': 19.155, 'val_loss': 18.7899, 'total_time': 7686.4, 'learn_rate': 0.001131, 'dp_eps': None, 'dp_delta': None}
[2026-06-13 08:35:32,560] INFO   : {'epoch': 44.0, 'is_checkpoint': 0, 'steps': 43736, 'samples': 178994607, 'trn_loss': 19.1617, 'val_loss': 18.7829, 'total_time': 7872.4, 'learn_rate': 0.001131, 'dp_eps': None, 'dp_delta': None}
[2026-06-13 08:38:41,752] INFO   : {'epoch': 45.0, 'is_checkpoint': 0, 'steps': 44730, 'samples': 183062588, 'trn_loss': 19.1479, 'val_loss': 18.7833, 'total_time': 8061.6, 'learn_rate': 0.001131, 'dp_eps': None, 'dp_delta': None}
[2026-06-13 08:41:50,726] INFO   : early stopping: val_loss stopped improving
[2026-06-13 08:41:50,727] INFO   : {'epoch': 46.0, 'is_checkpoint': 0, 'steps': 45724, 'samples': 187130569, 'trn_loss': 19.1576, 'val_loss': 18.7852, 'total_time': 8250.6, 'learn_rate': 0.001131, 'dp_eps': None, 'dp_delta': None}
[2026-06-13 08:41:51,966] INFO   : TRAIN_TABULAR finished in 8253.07s
2026-06-13 08:41:54 [INFO] paysim — [fold=4] M3 training done
2026-06-13 08:41:54 [INFO] paysim — [fold=4] ✔ DONE  train_all_argns  (8426.3s)
2026-06-13 08:41:54 [INFO] paysim — [fold=4] ▶ START generate_all_pools
2026-06-13 08:41:54 [INFO] paysim — [fold=4] ▶ START generate_m1
2026-06-13 08:41:54 [INFO] paysim — [fold=4] M1 pool saved: 20,000 fraud rows → /shared/paysim-sarmad/synthetic/fold_4/pool_m1.csv
2026-06-13 08:41:54 [INFO] paysim — [fold=4] ✔ DONE  generate_m1  (0.4s)
2026-06-13 08:41:54 [INFO] paysim — [fold=4] ▶ START generate_m2
2026-06-13 08:41:55 [INFO] paysim — [fold=4] M2 pool: 243/20000 fraud rows (round 1)
2026-06-13 08:41:56 [INFO] paysim — [fold=4] M2 pool: 463/20000 fraud rows (round 2)
2026-06-13 08:41:56 [INFO] paysim — [fold=4] M2 pool: 692/20000 fraud rows (round 3)
2026-06-13 08:41:57 [INFO] paysim — [fold=4] M2 pool: 922/20000 fraud rows (round 4)
2026-06-13 08:41:57 [INFO] paysim — [fold=4] M2 pool: 1148/20000 fraud rows (round 5)
2026-06-13 08:41:58 [INFO] paysim — [fold=4] M2 pool: 1389/20000 fraud rows (round 6)
2026-06-13 08:41:59 [INFO] paysim — [fold=4] M2 pool: 1631/20000 fraud rows (round 7)
2026-06-13 08:41:59 [INFO] paysim — [fold=4] M2 pool: 1851/20000 fraud rows (round 8)
2026-06-13 08:42:00 [INFO] paysim — [fold=4] M2 pool: 2086/20000 fraud rows (round 9)
2026-06-13 08:42:01 [INFO] paysim — [fold=4] M2 pool: 2344/20000 fraud rows (round 10)
2026-06-13 08:42:01 [INFO] paysim — [fold=4] M2 pool: 2554/20000 fraud rows (round 11)
2026-06-13 08:42:02 [INFO] paysim — [fold=4] M2 pool: 2792/20000 fraud rows (round 12)
2026-06-13 08:42:02 [INFO] paysim — [fold=4] M2 pool: 3022/20000 fraud rows (round 13)
2026-06-13 08:42:03 [INFO] paysim — [fold=4] M2 pool: 3267/20000 fraud rows (round 14)
2026-06-13 08:42:04 [INFO] paysim — [fold=4] M2 pool: 3499/20000 fraud rows (round 15)
2026-06-13 08:42:04 [INFO] paysim — [fold=4] M2 pool: 3737/20000 fraud rows (round 16)
2026-06-13 08:42:05 [INFO] paysim — [fold=4] M2 pool: 3975/20000 fraud rows (round 17)
2026-06-13 08:42:06 [INFO] paysim — [fold=4] M2 pool: 4210/20000 fraud rows (round 18)
2026-06-13 08:42:06 [INFO] paysim — [fold=4] M2 pool: 4430/20000 fraud rows (round 19)
2026-06-13 08:42:07 [INFO] paysim — [fold=4] M2 pool: 4645/20000 fraud rows (round 20)
2026-06-13 08:42:07 [INFO] paysim — [fold=4] M2 pool: 4864/20000 fraud rows (round 21)
2026-06-13 08:42:08 [INFO] paysim — [fold=4] M2 pool: 5098/20000 fraud rows (round 22)
2026-06-13 08:42:09 [INFO] paysim — [fold=4] M2 pool: 5325/20000 fraud rows (round 23)
2026-06-13 08:42:09 [INFO] paysim — [fold=4] M2 pool: 5550/20000 fraud rows (round 24)
2026-06-13 08:42:10 [INFO] paysim — [fold=4] M2 pool: 5789/20000 fraud rows (round 25)
2026-06-13 08:42:11 [INFO] paysim — [fold=4] M2 pool: 6016/20000 fraud rows (round 26)
2026-06-13 08:42:11 [INFO] paysim — [fold=4] M2 pool: 6234/20000 fraud rows (round 27)
2026-06-13 08:42:12 [INFO] paysim — [fold=4] M2 pool: 6475/20000 fraud rows (round 28)
2026-06-13 08:42:12 [INFO] paysim — [fold=4] M2 pool: 6710/20000 fraud rows (round 29)
2026-06-13 08:42:13 [INFO] paysim — [fold=4] M2 pool: 6939/20000 fraud rows (round 30)
2026-06-13 08:42:14 [INFO] paysim — [fold=4] M2 pool: 7147/20000 fraud rows (round 31)
2026-06-13 08:42:14 [INFO] paysim — [fold=4] M2 pool: 7382/20000 fraud rows (round 32)
2026-06-13 08:42:15 [INFO] paysim — [fold=4] M2 pool: 7614/20000 fraud rows (round 33)
2026-06-13 08:42:16 [INFO] paysim — [fold=4] M2 pool: 7823/20000 fraud rows (round 34)
2026-06-13 08:42:16 [INFO] paysim — [fold=4] M2 pool: 8071/20000 fraud rows (round 35)
2026-06-13 08:42:17 [INFO] paysim — [fold=4] M2 pool: 8293/20000 fraud rows (round 36)
2026-06-13 08:42:18 [INFO] paysim — [fold=4] M2 pool: 8539/20000 fraud rows (round 37)
2026-06-13 08:42:18 [INFO] paysim — [fold=4] M2 pool: 8813/20000 fraud rows (round 38)
2026-06-13 08:42:19 [INFO] paysim — [fold=4] M2 pool: 9045/20000 fraud rows (round 39)
2026-06-13 08:42:19 [INFO] paysim — [fold=4] M2 pool: 9298/20000 fraud rows (round 40)
2026-06-13 08:42:20 [INFO] paysim — [fold=4] M2 pool: 9511/20000 fraud rows (round 41)
2026-06-13 08:42:21 [INFO] paysim — [fold=4] M2 pool: 9714/20000 fraud rows (round 42)
2026-06-13 08:42:21 [INFO] paysim — [fold=4] M2 pool: 9939/20000 fraud rows (round 43)
2026-06-13 08:42:22 [INFO] paysim — [fold=4] M2 pool: 10165/20000 fraud rows (round 44)
2026-06-13 08:42:22 [INFO] paysim — [fold=4] M2 pool: 10393/20000 fraud rows (round 45)
2026-06-13 08:42:23 [INFO] paysim — [fold=4] M2 pool: 10612/20000 fraud rows (round 46)
2026-06-13 08:42:24 [INFO] paysim — [fold=4] M2 pool: 10834/20000 fraud rows (round 47)
2026-06-13 08:42:24 [INFO] paysim — [fold=4] M2 pool: 11076/20000 fraud rows (round 48)
2026-06-13 08:42:25 [INFO] paysim — [fold=4] M2 pool: 11307/20000 fraud rows (round 49)
2026-06-13 08:42:26 [INFO] paysim — [fold=4] M2 pool: 11526/20000 fraud rows (round 50)
2026-06-13 08:42:26 [INFO] paysim — [fold=4] M2 pool: 11737/20000 fraud rows (round 51)
2026-06-13 08:42:27 [INFO] paysim — [fold=4] M2 pool: 11964/20000 fraud rows (round 52)
2026-06-13 08:42:28 [INFO] paysim — [fold=4] M2 pool: 12169/20000 fraud rows (round 53)
2026-06-13 08:42:28 [INFO] paysim — [fold=4] M2 pool: 12392/20000 fraud rows (round 54)
2026-06-13 08:42:29 [INFO] paysim — [fold=4] M2 pool: 12630/20000 fraud rows (round 55)
2026-06-13 08:42:29 [INFO] paysim — [fold=4] M2 pool: 12855/20000 fraud rows (round 56)
2026-06-13 08:42:30 [INFO] paysim — [fold=4] M2 pool: 13112/20000 fraud rows (round 57)
2026-06-13 08:42:31 [INFO] paysim — [fold=4] M2 pool: 13358/20000 fraud rows (round 58)
2026-06-13 08:42:31 [INFO] paysim — [fold=4] M2 pool: 13597/20000 fraud rows (round 59)
2026-06-13 08:42:32 [INFO] paysim — [fold=4] M2 pool: 13846/20000 fraud rows (round 60)
2026-06-13 08:42:33 [INFO] paysim — [fold=4] M2 pool: 14088/20000 fraud rows (round 61)
2026-06-13 08:42:33 [INFO] paysim — [fold=4] M2 pool: 14319/20000 fraud rows (round 62)
2026-06-13 08:42:34 [INFO] paysim — [fold=4] M2 pool: 14557/20000 fraud rows (round 63)
2026-06-13 08:42:34 [INFO] paysim — [fold=4] M2 pool: 14773/20000 fraud rows (round 64)
2026-06-13 08:42:35 [INFO] paysim — [fold=4] M2 pool: 15001/20000 fraud rows (round 65)
2026-06-13 08:42:36 [INFO] paysim — [fold=4] M2 pool: 15232/20000 fraud rows (round 66)
2026-06-13 08:42:36 [INFO] paysim — [fold=4] M2 pool: 15452/20000 fraud rows (round 67)
2026-06-13 08:42:37 [INFO] paysim — [fold=4] M2 pool: 15674/20000 fraud rows (round 68)
2026-06-13 08:42:38 [INFO] paysim — [fold=4] M2 pool: 15903/20000 fraud rows (round 69)
2026-06-13 08:42:38 [INFO] paysim — [fold=4] M2 pool: 16117/20000 fraud rows (round 70)
2026-06-13 08:42:39 [INFO] paysim — [fold=4] M2 pool: 16326/20000 fraud rows (round 71)
2026-06-13 08:42:40 [INFO] paysim — [fold=4] M2 pool: 16533/20000 fraud rows (round 72)
2026-06-13 08:42:40 [INFO] paysim — [fold=4] M2 pool: 16755/20000 fraud rows (round 73)
2026-06-13 08:42:41 [INFO] paysim — [fold=4] M2 pool: 16976/20000 fraud rows (round 74)
2026-06-13 08:42:41 [INFO] paysim — [fold=4] M2 pool: 17205/20000 fraud rows (round 75)
2026-06-13 08:42:42 [INFO] paysim — [fold=4] M2 pool: 17438/20000 fraud rows (round 76)
2026-06-13 08:42:43 [INFO] paysim — [fold=4] M2 pool: 17675/20000 fraud rows (round 77)
2026-06-13 08:42:43 [INFO] paysim — [fold=4] M2 pool: 17907/20000 fraud rows (round 78)
2026-06-13 08:42:44 [INFO] paysim — [fold=4] M2 pool: 18155/20000 fraud rows (round 79)
2026-06-13 08:42:44 [INFO] paysim — [fold=4] M2 pool: 18398/20000 fraud rows (round 80)
2026-06-13 08:42:45 [INFO] paysim — [fold=4] M2 pool: 18637/20000 fraud rows (round 81)
2026-06-13 08:42:46 [INFO] paysim — [fold=4] M2 pool: 18870/20000 fraud rows (round 82)
2026-06-13 08:42:46 [INFO] paysim — [fold=4] M2 pool: 19095/20000 fraud rows (round 83)
2026-06-13 08:42:47 [INFO] paysim — [fold=4] M2 pool: 19332/20000 fraud rows (round 84)
2026-06-13 08:42:48 [INFO] paysim — [fold=4] M2 pool: 19551/20000 fraud rows (round 85)
2026-06-13 08:42:48 [INFO] paysim — [fold=4] M2 pool: 19781/20000 fraud rows (round 86)
2026-06-13 08:42:49 [INFO] paysim — [fold=4] M2 pool: 20025/20000 fraud rows (round 87)
2026-06-13 08:42:49 [INFO] paysim — [fold=4] M2 pool saved: 20,000 fraud rows → /shared/paysim-sarmad/synthetic/fold_4/pool_m2.csv
2026-06-13 08:42:49 [INFO] paysim — [fold=4] ✔ DONE  generate_m2  (54.8s)
2026-06-13 08:42:49 [INFO] paysim — [fold=4] ▶ START generate_m3
2026-06-13 08:42:51 [INFO] paysim — [fold=4] M3 pool saved: 175 fraud rows → /shared/paysim-sarmad/synthetic/fold_4/pool_m3.csv
2026-06-13 08:42:51 [INFO] paysim — [fold=4] ✔ DONE  generate_m3  (1.6s)
2026-06-13 08:42:51 [INFO] paysim — [fold=4] ✔ DONE  generate_all_pools  (56.9s)
2026-06-13 08:42:51 [INFO] paysim — [fold=4] TOTAL elapsed: 8499.1s  (2.36h)
2026-06-13 08:42:51 [INFO] paysim — [fold=4] stop_after_generation=True — skipping baseline_eval + optuna_studies
2026-06-13 08:42:51 [INFO] paysim — [fold=4] Combined fraud pool exported: 40175 rows → /shared/paysim-sarmad/synthetic/for_classifier/split_4.csv
2026-06-13 08:42:51 [INFO] paysim — [fold=4] Results saved → /shared/paysim-sarmad/results/fold_4_results.json
2026-06-13 08:42:51 [INFO] paysim — 
============================================================
2026-06-13 08:42:51 [INFO] paysim — AGGREGATE RESULTS (mean ± std across folds)
2026-06-13 08:42:51 [INFO] paysim — ============================================================
2026-06-13 08:42:51 [INFO] paysim — 
── XGB ──
2026-06-13 08:42:51 [INFO] paysim —   baseline:
2026-06-13 08:42:51 [INFO] paysim —   augmented:
2026-06-13 08:42:51 [INFO] paysim — 
── LGBM ──
2026-06-13 08:42:51 [INFO] paysim —   baseline:
2026-06-13 08:42:51 [INFO] paysim —   augmented:
2026-06-13 08:42:51 [INFO] paysim — 
── CATBOOST ──
2026-06-13 08:42:51 [INFO] paysim —   baseline:
2026-06-13 08:42:51 [INFO] paysim —   augmented:
2026-06-13 08:42:51 [INFO] paysim — 
Combined results → /shared/paysim-sarmad/results/combined_metrics.json
